OriginSite,OriginBlock,originPlotID,TTtreat,destinationPlotID,turfID,RTtreat ,GRtreat,Old Treat,subPlot,year,date,Measure,recorder,Ach mil,Agr cap,Alc sp,Ant odo,Ave fle,Bis viv,Car pil,Cam rot,Car pal,Cer fon,Des ces,Euph str,Fes ovi,Fes rub,Ger syl,Hie pil,Hie vul,Hyp mac,Kna arv,Leo aut,Leu vul,Lot cor,Luz mul,Luz pil,Mel pra,Nar str,Oma syl,Pim sax,Pla lan,Poa pra,Pot ere,Pru vul,Rum ac-la,Ran acr,Ran rep,Rum ace,Sol vir,Ste gra,Ste med,Tarax,Tri pra,Tri rep,Ver cha,Ver off,Vio pal,Vio riv,Vio tri,Nid seedling,pleuro,acro,liver,lichen,litter,soil,rock,totalVascular,totalBryophytes,totalLichen,vegetationHeight,mossHeight,comment
Arhelleren,1,211,TTC,211,211 TTC,,,C,1,2009,21/08/2009,Presence,KK,,1,,1,,1,,,,,,,,,,,,,,,,,,,,,,,,,,,,,,,,,,,,,,F,,,,,80,0,0,0,5,0,0,,,,,,
Arhelleren,1,211,TTC,211,211 TTC,,,C,2,2009,21/08/2009,Presence,KK,,,,1,,,,,,,,,,,,,,,,,,,,,,,,,,,,,,,,,,,,,,1,,1,,,,,70,0,0,0,2,0,0,,,,,,
Arhelleren,1,211,TTC,211,211 TTC,,,C,3,2009,21/08/2009,Presence,KK,,,,1,,,,,,,,,,,1,,,,,,,,,,,,,,,,,,,,,,,,,,,,1,1,,,,,30,0,0,0,5,0,0,,,,,,
Arhelleren,1,211,TTC,211,211 TTC,,,C,4,2009,21/08/2009,Presence,KK,,1,,,,1,,1,,,,,,,,,,,,,,,,,,,,,,,,,,,,,,,,,,,,F,,,,,30,0,0,0,5,0,0,,,,,,
Arhelleren,1,211,TTC,211,211 TTC,,,C,5,2009,21/08/2009,Presence,KK,,1,,1,,,,,1,,,,,,,,,,,,,,,,,,,,,,1,,,,,,,,,,,,,1,,,,,30,0,0,0,2,0,0,,,,,,
Arhelleren,1,211,TTC,211,211 TTC,,,C,6,2009,21/08/2009,Presence,KK,,,,1,,,,,,,,,,,,,1,,,,,,,,,,,,,,,,,,,,,,,,,,,F,,,,,70,0,0,0,2,0,0,,,,,,
Arhelleren,1,211,TTC,211,211 TTC,,,C,7,2009,21/08/2009,Presence,KK,,1,,,,,,,1,,,,,,,,,,,,,,,,,,,,,,,,,,,,,,,,,,,1,,,,,70,0,0,0,2,0,0,,,,,,
Arhelleren,1,211,TTC,211,211 TTC,,,C,8,2009,21/08/2009,Presence,KK,,1,,1,,1,,,,,,,,,,,,,,,,,,,,,,,,,1,,,,,,,,,,,1,,1,F,,,,60,0,0,0,2,0,0,,,,,,
Arhelleren,1,211,TTC,211,211 TTC,,,C,9,2009,21/08/2009,Presence,KK,,1,,F,,,,,,,,,,,,,,,,,,,,,,,,,,,,,,,,,,,,,,1,,,,,,,80,0,0,0,2,0,0,,,,,,
Arhelleren,1,211,TTC,211,211 TTC,,,C,10,2009,21/08/2009,Presence,KK,,1,,1,,,,,,,,,,,,,,,,,,,,,,,,,,,,,,,,,,,,,,1,,1,,,,,20,0,0,0,10,0,0,,,,,,
Arhelleren,1,211,TTC,211,211 TTC,,,C,11,2009,21/08/2009,Presence,KK,,1,,1,,1,,,,,,,1,,,,,,,,,,,,,,,,,,1,,,,,,,,,,,1,,,,,,,40,0,0,0,10,0,0,,,,,,
Arhelleren,1,211,TTC,211,211 TTC,,,C,12,2009,21/08/2009,Presence,KK,,,,1,,,,,1,,,,,,,,1,,,,,,,,,,,,,,1,,,,,,,,,,,,,,,,,,40,0,0,0,5,0,0,,,,,,
Arhelleren,1,211,TTC,211,211 TTC,,,C,13,2009,21/08/2009,Presence,KK,,1,,1,,,,,1,,,,,,,,,,,,,,,,,,,,,,F,,,,,,,,,,,1,,1,,,,,20,0,0,0,5,0,0,,,,,,
Arhelleren,1,211,TTC,211,211 TTC,,,C,14,2009,21/08/2009,Presence,KK,,,,1,,,,,,,,,,,,,,,,,,,,,,,,,,,,,,,,,,,,,,1,,F,,,,,60,0,0,0,2,0,0,,,,,,
Arhelleren,1,211,TTC,211,211 TTC,,,C,15,2009,21/08/2009,Presence,KK,,1,,,,,,1,,,,,,,,,,,,,,,,,,,,,,,1,,,,,,,,,,,,,F,,,,,20,0,0,0,5,0,0,,,,,,
Arhelleren,1,211,TTC,211,211 TTC,,,C,16,2009,21/08/2009,Presence,KK,,1,,1,,,,,,,,,1,,,,,,,,,,,,,,,,,,,,,,,,,,,,,,,1,,,,,70,0,0,0,2,0,0,,,,,,
Arhelleren,1,211,TTC,211,211 TTC,,,C,17,2009,21/08/2009,Presence,KK,,1,,F,,,,,,,,,,,,,,,,,,,,,,,,,1,,1,,,,,,,,,,,,,F,1,,,,40,0,0,0,2,0,0,,,,,,
Arhelleren,1,211,TTC,211,211 TTC,,,C,18,2009,21/08/2009,Presence,KK,,1,,1,,,,,,,,,,,,,,,,,,,,,,,,,1,,,,,,,,,,,,,,,,F,,,,20,0,0,0,10,0,0,,,,,,
Arhelleren,1,211,TTC,211,211 TTC,,,C,19,2009,21/08/2009,Presence,KK,,1,,1,,,,,,,,,,,,,,,,,,,,,,,,,,,,,,,,1,,,,,,,,,1,,,,70,0,0,0,5,0,0,,,,,,
Arhelleren,1,211,TTC,211,211 TTC,,,C,20,2009,21/08/2009,Presence,KK,,1,,1,,1,,,,,,,,,,,,,,,,,,,,,,,,,,,,,,1,,,,,,1,,1,,,,,30,0,0,0,10,0,0,,,,,,
Arhelleren,1,211,TTC,211,211 TTC,,,C,21,2009,21/08/2009,Presence,KK,,1,,1,,1,,,,,,,,,,,,,,,,,,,,,,,,,1,,,,,,,,,,,,,1,1,,,,5,0,0,0,5,0,0,,,,,,
Arhelleren,1,211,TTC,211,211 TTC,,,C,22,2009,21/08/2009,Presence,KK,,1,,1,,,,,,,,,,,,,,,,,,,,,,,,,,,1,,,,,,,,,,,,,1,1,,,,20,0,0,0,10,0,0,,,,5,4,
Arhelleren,1,211,TTC,211,211 TTC,,,C,23,2009,21/08/2009,Presence,KK,,1,,1,,,,,,,,,,,,,,,,,,,,,,,,,,,,,,,,,,,,,,1,,1,,,,,10,0,0,0,5,0,0,,,,7,5,
Arhelleren,1,211,TTC,211,211 TTC,,,C,24,2009,21/08/2009,Presence,KK,,1,,1,,,,,,,,,,,,,,,,,,,,,,,,,,,F,,,,,,,,,,,1,,1,,,,,30,0,0,0,5,0,0,,,,17,6,
Arhelleren,1,211,TTC,211,211 TTC,,,C,25,2009,21/08/2009,Presence,KK,,1,,1,,,,1,,,,,,,,,,,,,,,,,,,,,,,F,,,,,,,,,,,1,,1,,,,,50,0,0,0,2,0,0,,,,13,6,
Arhelleren,1,211,TTC,211,211 TTC,,,C,%,2009,21/08/2009,Cover,KK,,5,,6,,3,,2,3,,,,1,,2,,2,,,,,,,,,,,,3,,6,,,,,4,,,,,,4,1,10,8,,,,42.6,0,0,0,4.8,0,0,60,43,0,10.5,5.25,
,,,,,,,,,,,,,,,,,,,,,,,,,,,,,,,,,,,,,,,,,,,,,,,,,,,,,,,,,,,,,,,,,,,,,,,,,,
Arhelleren,1,215,TT1,212,215 TT1 212,,,1,1,2009,21/08/2009,Presence,KK,,1,,1,,1,,,,,,,,,,,,,,,,,,,,,,,,,,,,,,,,,,,,1,,,,,,,70,0,0,0,2,0,0,,,,,,
Arhelleren,1,215,TT1,212,215 TT1 212,,,1,2,2009,21/08/2009,Presence,KK,,,,,,1,,,1,,,,,1,,,,,,,,,,,,,,,,,,,,,,,,,,,,1,,,,,,,70,0,0,0,5,0,0,,,,,,
Arhelleren,1,215,TT1,212,215 TT1 212,,,1,3,2009,21/08/2009,Presence,KK,,1,,1,,,,,F,,,,,1,,,,,,,,,,,,,,,,,1,,,,,,,,,,,,,,,,,,5,0,0,0,20,0,0,,,,,,
Arhelleren,1,215,TT1,212,215 TT1 212,,,1,4,2009,21/08/2009,Presence,KK,,1,,1,,,,,,,,,,1,,,,,,,,,,,,,,,,,F,,,,,,,,,,,1,,,,,,,20,0,0,0,20,0,0,,,,,,
Arhelleren,1,215,TT1,212,215 TT1 212,,,1,5,2009,21/08/2009,Presence,KK,,1,,,,,,,,,,,,1,,,,,,,,,,,,,,,,,1,,,,,,,,,,1,,,,,,,,70,0,0,0,2,0,0,,,,,,
Arhelleren,1,215,TT1,212,215 TT1 212,,,1,6,2009,21/08/2009,Presence,KK,,,,,,,,,F,,,,,1,,,,,,,,,,,,,,,,,,,,,,,,,,,,,,,,,,,50,0,0,0,2,0,0,,,,,,
Arhelleren,1,215,TT1,212,215 TT1 212,,,1,7,2009,21/08/2009,Presence,KK,,,,,,,,,F,,,,,1,,,,,,,,,,,,,,,,,,,,,,,,,,,F,1,1,,,,,,60,0,0,0,5,0,0,,,,,,
Arhelleren,1,215,TT1,212,215 TT1 212,,,1,8,2009,21/08/2009,Presence,KK,,1,,1,,1,,,1,,,,,1,,,,,,,,,,,,,,,,,1,,,,,,,,,,F,,,,,,,,40,0,0,0,5,0,0,,,,,,
Arhelleren,1,215,TT1,212,215 TT1 212,,,1,9,2009,21/08/2009,Presence,KK,,1,,1,,,,,,,,,,1,,,,,,,,,,,,,,,,,F,,,,,,,,,,,,,,,,,,20,0,0,0,20,0,0,,,,,,
Arhelleren,1,215,TT1,212,215 TT1 212,,,1,10,2009,21/08/2009,Presence,KK,,,,,,,,,1,,,,,1,,,,,,,,,,,,,,,,,F,,,,,,,,,,,1,,,,,,,20,0,0,0,30,0,0,,,,,,
Arhelleren,1,215,TT1,212,215 TT1 212,,,1,11,2009,21/08/2009,Presence,KK,,,,1,,,,1,F,,,,,1,,,,,1,,,,,,,,,,,,1,,,,,,,,,,,,,,,,,,80,0,0,0,5,0,0,,,,,,
Arhelleren,1,215,TT1,212,215 TT1 212,,,1,12,2009,21/08/2009,Presence,KK,,,,,,,,,,,,,,1,,,,,,,,,,,,,,,,,1,,,,,,,,,,,,,,,,,,80,0,0,0,2,0,0,,,,,,
Arhelleren,1,215,TT1,212,215 TT1 212,,,1,13,2009,21/08/2009,Presence,KK,,,,,,,,,1,,,,,1,,,,,,,,,,,,,,,,,1,,,,,,,,,,F,,,,,,,,70,0,0,0,2,0,0,,,,,,
Arhelleren,1,215,TT1,212,215 TT1 212,,,1,14,2009,21/08/2009,Presence,KK,,,,,,,,,,,,,,1,,,,,,,,,,,,,,,,,1,,,,,,,,,,1,,,,,,,,30,0,0,0,10,0,0,,,,,,
Arhelleren,1,215,TT1,212,215 TT1 212,,,1,15,2009,21/08/2009,Presence,KK,,F,,,,,,,1,,,,,1,,,,,,,,,,,,,,,,,1,,,,,,,,,,,,,,,,,,20,0,0,0,10,0,0,,,,,,
Arhelleren,1,215,TT1,212,215 TT1 212,,,1,16,2009,21/08/2009,Presence,KK,,,,1,,1,,1,,,,,,,,,,,1,,,,,,,,,,,,F,,,,,,,,,,,1,,,,,,,70,0,0,0,5,0,0,,,,,,
Arhelleren,1,215,TT1,212,215 TT1 212,,,1,17,2009,21/08/2009,Presence,KK,,1,,1,,1,,,,,,,,,,,,,,,,,,,,,,,,,F,,,,,,,,,,,1,,,,,,,30,0,0,0,10,0,0,,,,,,
Arhelleren,1,215,TT1,212,215 TT1 212,,,1,18,2009,21/08/2009,Presence,KK,,1,,1,,,,,,,,,,,,,,,,,,,,,,,,,,,1,,,,,,,,,,1,,,,,,,,20,0,0,0,10,0,0,,,,,,
Arhelleren,1,215,TT1,212,215 TT1 212,,,1,19,2009,21/08/2009,Presence,KK,,1,,1,,1,,,,,,,,,,,,,,,,,,,,,,,,,1,,,,,,,,,,F,,,,,,,,10,0,0,0,20,0,0,,,,,,
Arhelleren,1,215,TT1,212,215 TT1 212,,,1,20,2009,21/08/2009,Presence,KK,,1,,1,,,,,,,,,,,,,,,,,,,,,,,,,,,F,,,,,,,,,,,1,,,,,,,20,0,0,0,10,0,0,,,,,,
Arhelleren,1,215,TT1,212,215 TT1 212,,,1,21,2009,21/08/2009,Presence,KK,,,,1,,,,,,,,,,1,,,,,,,,,,,,,,,,,F,,,,,,,,,,,1,,,,,,,30,0,0,0,20,0,0,,,,,,
Arhelleren,1,215,TT1,212,215 TT1 212,,,1,22,2009,21/08/2009,Presence,KK,,,,1,,,,,,,,,,1,,,,,,,,,,,,,,,,,,,,,,,,,,,,1,,,,,,,40,0,0,0,2,0,0,,,,17,5,
Arhelleren,1,215,TT1,212,215 TT1 212,,,1,23,2009,21/08/2009,Presence,KK,,,,1,,,,,,,,,,1,,,,,,,,,,,,,,,,,1,,,,,,,,,,F,,,,,,,,40,0,0,0,2,0,0,,,,17,5,
Arhelleren,1,215,TT1,212,215 TT1 212,,,1,24,2009,21/08/2009,Presence,KK,,,,1,,,,,,,,,,,1,,,,,,,,,,,,,,,,,,,,,,,,,,1,,,,,,,,40,0,0,0,10,0,0,,,,11,2,
Arhelleren,1,215,TT1,212,215 TT1 212,,,1,25,2009,21/08/2009,Presence,KK,,F,,1,,,,,,,,,,,,,1,,,,,,,,,,,,,,F,,,,,,,,,,,,,,,,,,20,0,0,0,10,0,0,,,,14,4,
Arhelleren,1,215,TT1,212,215 TT1 212,,,1,%,2009,21/08/2009,Cover,KK,,5,,10,,4,,1,6,,,,,3,3,,3,,2,,,,,,,,,,,,8,,,,,,,,,,7,4,2,,,,,,41,0,0,0,9.56,0,0,60,70,0,14.75,4,
,,,,,,,,,,,,,,,,,,,,,,,,,,,,,,,,,,,,,,,,,,,,,,,,,,,,,,,,,,,,,,,,,,,,,,,,,,
Arhelleren,1,214,TT3,304,214 TT3 304,,,3,1,2009,25/08/2009,Presence,KK,,,,1,,,,,,,,,,,,,,,,,,,,,,,,,,,,,,,,,,,,,,1,,,,,,,5,0,0,0,20,0,0,,,,,,
Arhelleren,1,214,TT3,304,214 TT3 304,,,3,2,2009,25/08/2009,Presence,KK,,1,,1,,,,,,,,,,,,,,,,,,,,,,,,,,,F,,,,,,,,,,,,,,1,,,,5,0,0,0,20,0,0,,,,,,
Arhelleren,1,214,TT3,304,214 TT3 304,,,3,3,2009,25/08/2009,Presence,KK,,1,,1,,,,,,,,,,,,,,,,,,,,,,,,,,,1,,,,,,,1,,,,,,,,,,,5,0,0,0,20,0,0,,,,,,
Arhelleren,1,214,TT3,304,214 TT3 304,,,3,4,2009,25/08/2009,Presence,KK,,1,,1,,,,,,,,,,1,1,,,,,,,,,,,,,,,,1,,,,,,,,,,,,,,1,,,,5,0,0,0,15,0,0,,,,,,
Arhelleren,1,214,TT3,304,214 TT3 304,,,3,5,2009,25/08/2009,Presence,KK,,,,1,,,,,,,,,,,,,,,,,,,,,,,,,,,1,,,,,,,,,,,1,1,,1,,,,10,0,0,0,20,0,0,,,,,,
Arhelleren,1,214,TT3,304,214 TT3 304,,,3,6,2009,25/08/2009,Presence,KK,,,,1,,,,,,,,,,,,,,,,,,,,,,,,,1,,,,,,,,,,,,,,,,1,,,,20,0,0,0,5,0,0,,,,,,
Arhelleren,1,214,TT3,304,214 TT3 304,,,3,7,2009,25/08/2009,Presence,KK,,1,,1,,,,1,1,,,,,,,,,,,,,,,,,,,,,,1,,,,,,,,,,,1,1,,1,,,,10,0,0,0,20,0,0,,,,,,
Arhelleren,1,214,TT3,304,214 TT3 304,,,3,8,2009,25/08/2009,Presence,KK,,1,,1,,,,,,,,,,,,,,,,,,,,,F,,,,,,F,,,,,,,,,,,1,,,1,,,,5,0,0,0,20,0,0,,,,,,
Arhelleren,1,214,TT3,304,214 TT3 304,,,3,9,2009,25/08/2009,Presence,KK,,1,,,,,,,,,,,,,,,,,,,,,,1,,,,,,,1,,,,,,,,,,,,,,1,,,,2,0,0,0,10,0,0,,,,,,
Arhelleren,1,214,TT3,304,214 TT3 304,,,3,10,2009,25/08/2009,Presence,KK,,1,,1,,,,,,,,,,1,,,,,,,,,,1,,,,,,,,,,,,,,,,,,,,,1,,,,20,0,0,0,5,0,0,,,,,,
Arhelleren,1,214,TT3,304,214 TT3 304,,,3,11,2009,25/08/2009,Presence,KK,,,,1,,,,,1,,,,,,,,,1,,,,,,,F,,,,,,1,,,,,,,,,,,1,,,1,,,1,20,0,0,0,5,0,0,,,,,,
Arhelleren,1,214,TT3,304,214 TT3 304,,,3,12,2009,25/08/2009,Presence,KK,,,,1,,,,,1,,,,,1,,,,,,,,,,,,,,,,,,,,,,,,,,,,,,,1,,,,10,0,0,0,5,0,0,,,,,,
Arhelleren,1,214,TT3,304,214 TT3 304,,,3,13,2009,25/08/2009,Presence,KK,,,,1,,,,,,,,,,,,,,,,,,,,,F,,,,,,1,,,,,,,,,,,,,,1,,,,10,0,0,0,10,0,0,,,,,,
Arhelleren,1,214,TT3,304,214 TT3 304,,,3,14,2009,25/08/2009,Presence,KK,,1,,1,,,,,,,,,,,,,,,,,,,,1,,,,,,,F,,,,,,,,,,,,,,,,,,20,0,0,0,10,0,0,,,,,,
Arhelleren,1,214,TT3,304,214 TT3 304,,,3,15,2009,25/08/2009,Presence,KK,,1,,,,,,,,,,,,,,,,,,,,,,1,,,,,,,,,,,,,,,,,,,,,,,,,60,0,0,0,2,0,0,,,,,,
Arhelleren,1,214,TT3,304,214 TT3 304,,,3,16,2009,25/08/2009,Presence,KK,,1,,1,,,,,,,,,,,,,,,,,,,,,,,,,,,F,,,,,,,,,,,1,1,,1,,,,20,0,0,0,2,0,0,,,,,,
Arhelleren,1,214,TT3,304,214 TT3 304,,,3,17,2009,25/08/2009,Presence,KK,,,,1,,,,,,,,,,,,,,,,,,,,,,,,,,,F,,,,,,,,,,,,,,1,,,,60,0,0,0,5,0,0,,,,,,
Arhelleren,1,214,TT3,304,214 TT3 304,,,3,18,2009,25/08/2009,Presence,KK,,,,,,,,,,,,,,,,,,,,,,,,,,,,,,,,,,,,,,,,,,,,,1,,,,50,0,0,0,10,0,0,,,,,,
Arhelleren,1,214,TT3,304,214 TT3 304,,,3,19,2009,25/08/2009,Presence,KK,,1,,,,,,,1,,,,,,,,,,,,,,,,,,,,,,,,,,,,,,,,,,1,,1,,,,70,0,0,0,5,0,0,,,,,,
Arhelleren,1,214,TT3,304,214 TT3 304,,,3,20,2009,25/08/2009,Presence,KK,,,,1,,1,,,,,,,,,,,,,,,,,,,,,,,,,,,,,,,,,,,,,,,,,,1,80,0,0,0,5,0,0,,,,,,
Arhelleren,1,214,TT3,304,214 TT3 304,,,3,21,2009,25/08/2009,Presence,KK,,,,1,,,,,,,,,,,,,,,,,,,,,,,,,,,1,,,,,,,,,,,,,,1,,,,30,0,0,0,2,0,0,,,,,,
Arhelleren,1,214,TT3,304,214 TT3 304,,,3,22,2009,25/08/2009,Presence,KK,,1,,1,,,,,,,,,,,,,,,,,,,,,,,,,,,F,,,,,,,,,,,,F,,1,,,,40,0,0,0,5,0,0,,,,14,6,
Arhelleren,1,214,TT3,304,214 TT3 304,,,3,23,2009,25/08/2009,Presence,KK,,1,,1,,,,,,,,,,,,,,,,,,,,,,,,,,,,,,,,,,,,,,1,,,1,,,,60,0,0,0,2,0,0,,,,16,,
Arhelleren,1,214,TT3,304,214 TT3 304,,,3,24,2009,25/08/2009,Presence,KK,,1,,1,,,1,,,,,,,,,,,,,,,,,,,,,,,,,,,,,,,,,,,1,,,1,,,,30,0,0,0,5,0,0,,,,14,,
Arhelleren,1,214,TT3,304,214 TT3 304,,,3,25,2009,25/08/2009,Presence,KK,,,,1,,,1,,,,,,,,,,,,,,,,,,,,,,,,1,,,,,,,,,,,1,,,1,,,,40,0,0,0,5,0,0,,,,15,,
Arhelleren,1,214,TT3,304,214 TT3 304,,,3,%,2009,25/08/2009,Cover,KK,,10,,15,,1,2,2,3,,,,,2,2,,,2,,,,,,4,3,,,,2,,12,,,,,,,1,,,,5,4,,12,,,1,27.48,0,0,0,9.32,0,0,60,50,0,14.75,6,
,,,,,,,,,,,,,,,,,,,,,,,,,,,,,,,,,,,,,,,,,,,,,,,,,,,,,,,,,,,,,,,,,,,,,,,,,,
Arhelleren,2,216,TTC,216,216 TTC,,,C,1,2009,21/08/2009,Presence,KK,,1,,1,,1,,,,,,,,,,,,,,,,,,,F,,,,F,,F,,,,,,,,,,,1,,,,,,,5,0,0,0,10,0,0,,,,,,
Arhelleren,2,216,TTC,216,216 TTC,,,C,2,2009,21/08/2009,Presence,KK,,1,,1,,1,,,,,,,,,,,,,,,,,,,F,,,,,,1,,,,,,,,,,,1,,,,,,,20,0,0,0,10,0,0,,,,,,
Arhelleren,2,216,TTC,216,216 TTC,,,C,3,2009,21/08/2009,Presence,KK,,,,,,1,,,1,,,,,,,,,,,,,,,,F,,,,1,,,,,,,,,,,,,1,,,,,,,50,0,0,0,2,0,0,,,,,,
Arhelleren,2,216,TTC,216,216 TTC,,,C,4,2009,21/08/2009,Presence,KK,,1,,1,,F,,,1,,,,,,,,,,,,,,,,,,,,,,,,,,,,,,,,,1,,,,,,,30,0,0,0,10,0,0,,,,,,
Arhelleren,2,216,TTC,216,216 TTC,,,C,5,2009,21/08/2009,Presence,KK,,1,,1,,1,,,1,,,,,,,,,,,,,,,,,,,,,,1,,,,,,,,,,,1,,,,,,,20,0,0,0,10,0,0,,,,,,
Arhelleren,2,216,TTC,216,216 TTC,,,C,6,2009,21/08/2009,Presence,KK,,1,,1,,,,,,,,,,,,,,,,,,,,,,,,,F,,S,,,,,,,,,,,1,,,1,,,,2,0,0,0,10,0,0,,,,,,
Arhelleren,2,216,TTC,216,216 TTC,,,C,7,2009,21/08/2009,Presence,KK,,1,,,,1,,,,,,,,,,,,,,,,,,,F,,,,,,S,,,,,,,,,,,1,,,,,,,10,0,0,0,10,0,0,,,,,,
Arhelleren,2,216,TTC,216,216 TTC,,,C,8,2009,21/08/2009,Presence,KK,,1,,F,,,,,,,,,,,,,,,,,,,,,,,,,,,1,,,,,,,,,,,1,,,,,,,30,0,0,0,10,0,0,,,,,,
Arhelleren,2,216,TTC,216,216 TTC,,,C,9,2009,21/08/2009,Presence,KK,,,,,,1,,,,,,,,,,,,,,,,,,,F,,,,,,F,,,,,,,,,,,1,,,,,,,50,0,0,0,5,0,0,,,,,,
Arhelleren,2,216,TTC,216,216 TTC,,,C,10,2009,21/08/2009,Presence,KK,,F,,,,1,,,,,,,,,,,,,,,,,,,F,,,,,,1,,,,,,,,,,,1,,,,,,,5,0,0,0,10,0,0,,,,,,
Arhelleren,2,216,TTC,216,216 TTC,,,C,11,2009,21/08/2009,Presence,KK,,,,1,,,,,,,,,,1,1,,,,,,,,,,,,,,,,,,,,,,,,,,,1,,,1,,,,5,0,0,0,20,0,0,,,,,,
Arhelleren,2,216,TTC,216,216 TTC,,,C,12,2009,21/08/2009,Presence,KK,,1,,1,,,,,1,,,,,,,,,,,,,,,,,,,,,,,,,,,,,,,,,1,,,,,,,10,0,0,0,10,0,0,,,,,,
Arhelleren,2,216,TTC,216,216 TTC,,,C,13,2009,21/08/2009,Presence,KK,,1,,,,1,,,1,,,,,,,,,,,,,,,,,,,,1,,F,,,,,,,,,,,1,,,,,,,50,0,0,0,10,0,0,,,,,,
Arhelleren,2,216,TTC,216,216 TTC,,,C,14,2009,21/08/2009,Presence,KK,,,,F,,1,,,,,,,,,,,,,,,,,,,,,,,F,,,,,,,,,,,,,1,,,,,,,10,0,0,0,10,0,0,,,,,,
Arhelleren,2,216,TTC,216,216 TTC,,,C,15,2009,21/08/2009,Presence,KK,,1,,1,,1,,,,,,,,,,,,,,,,,,,F,,,,F,,,,,,,,,,,,,1,,,,,,,5,0,0,0,20,0,0,,,,,,
Arhelleren,2,216,TTC,216,216 TTC,,,C,16,2009,21/08/2009,Presence,KK,,,,1,,F,,,,,,,,,,,,,,,,,,,,,,,,,,,,,,,,,,,,1,,,1,,,,10,0,0,0,5,0,0,,,,,,
Arhelleren,2,216,TTC,216,216 TTC,,,C,17,2009,21/08/2009,Presence,KK,,1,,1,,,,,1,,,,,,,,,,,,,,,,,,,,,,F,,,,,,,,,,,1,,,,,,,10,0,0,0,20,0,0,,,,,,
Arhelleren,2,216,TTC,216,216 TTC,,,C,18,2009,21/08/2009,Presence,KK,,1,,1,,1,,,1,,,,,,,,,,,,,,,,,,,,,,1,,,,,,,,,,,1,,,,,,,30,0,0,0,5,0,0,,,,,,
Arhelleren,2,216,TTC,216,216 TTC,,,C,19,2009,21/08/2009,Presence,KK,,F,,1,,1,,,1,,,,,,,,,,,,,,,,,,,,F,,1,,,,,,,,,,,1,,,,,,,20,0,0,0,10,0,0,,,,,,
Arhelleren,2,216,TTC,216,216 TTC,,,C,20,2009,21/08/2009,Presence,KK,,1,,1,,1,,,,,,,,,,,,,,,,,,,,,,,F,,,,,,,,,,,,,1,,,,,,,20,0,0,0,10,0,0,,,,,,
Arhelleren,2,216,TTC,216,216 TTC,,,C,21,2009,21/08/2009,Presence,KK,,1,,1,,,,,,,,,,,,,,,,,,,,,,,,,,,F,,,,,,,,,,,1,,,,,,,40,0,0,0,10,0,0,,,,,,
Arhelleren,2,216,TTC,216,216 TTC,,,C,22,2009,21/08/2009,Presence,KK,,1,,1,,,,,,,,,,,,,,,,,,,,,F,,,,,,F,,,,,,,,,,,1,,,1,,,,20,0,0,0,10,0,0,,,,6,4,
Arhelleren,2,216,TTC,216,216 TTC,,,C,23,2009,21/08/2009,Presence,KK,,1,,1,,1,,,1,,,,,,,,,,,,,,F,,F,,,,,,1,,,,,,,,,,,1,,,,,,,10,0,0,0,10,0,0,,,,10,5,
Arhelleren,2,216,TTC,216,216 TTC,,,C,24,2009,21/08/2009,Presence,KK,,,,F,,,,,1,,,,,,,,,,,,,,,,,,,,1,,1,,,,,,,,,,,1,,,1,,,,30,0,0,0,5,0,0,,,,12,3,
Arhelleren,2,216,TTC,216,216 TTC,,,C,25,2009,21/08/2009,Presence,KK,,1,,1,,,,,,,,,,,,,,,,,,,,,,,,,1,,F,,,,,,,,,,,1,,,,,,,20,0,0,0,5,0,0,,,,9,5,
Arhelleren,2,216,TTC,216,216 TTC,,,C,%,2009,21/08/2009,Cover,KK,,6,,7,,8,,,4,,,,,1,2,,,,,,,,2,,5,,,,10,,8,,,,,,,,,,,7,,,6,,,,20.48,0,0,0,9.88,0,0,60,70,0,9.25,4.25,
,,,,,,,,,,,,,,,,,,,,,,,,,,,,,,,,,,,,,,,,,,,,,,,,,,,,,,,,,,,,,,,,,,,,,,,,,,
Arhelleren,2,220,TT1,218,220 TT1 218,,,1,1,2009,20-Aug,Presence,KK,,1,,F,,1,,,,,,,,1,,,,,,,,,,,,,,,,,,,,,,,,,,,,1,,,,,,,5,0,0,0,20,0,0,,,,,,
Arhelleren,2,220,TT1,218,220 TT1 218,,,1,2,2009,20-Aug,Presence,KK,,1,,1,,1,,,,,,,,1,,,,,,,,,,,,,,,,,,,,,,,,,,,,,,,1,,,,20,0,0,0,10,0,0,,,,,,
Arhelleren,2,220,TT1,218,220 TT1 218,,,1,3,2009,20-Aug,Presence,KK,,1,,,,F,,,,,,,,1,,,,,,,,,,,,,,,F,,1,,,,,,,,,,,1,,,,,,,10,0,0,0,20,0,0,,,,,,
Arhelleren,2,220,TT1,218,220 TT1 218,,,1,4,2009,20-Aug,Presence,KK,,1,,,,,,,,,,,,1,,,,,,,,,,,,,,,,,F,,,,,,,,,,,1,,,1,,,,5,0,0,0,20,0,0,,,,,,
Arhelleren,2,220,TT1,218,220 TT1 218,,,1,5,2009,20-Aug,Presence,KK,,F,,1,,1,,,,,,,,1,,,,,,,,,,,,,,,,,1,,,,,,,,,,,,,,1,,,,5,0,0,0,20,0,0,,,,,,
Arhelleren,2,220,TT1,218,220 TT1 218,,,1,6,2009,20-Aug,Presence,KK,,1,,1,,1,,,,,,,,1,,,,,,,,,,,,,,,,,,,,,,,,,,,,1,,,,,,,5,0,0,0,10,0,0,,,,,,
Arhelleren,2,220,TT1,218,220 TT1 218,,,1,7,2009,20-Aug,Presence,KK,,,,F,,F,,,,,,,,1,,,,,,,,,,,,,,,,,,,,,,1,,,,,,1,,,1,,,,10,0,0,0,10,0,0,,,,,,
Arhelleren,2,220,TT1,218,220 TT1 218,,,1,8,2009,20-Aug,Presence,KK,,1,,1,,,,,,,,,,1,,,,,,,,,,,,,,,1,,S,,,,,,,,,,,1,,,1,,,,20,0,0,0,10,0,0,,,,,,
Arhelleren,2,220,TT1,218,220 TT1 218,,,1,9,2009,20-Aug,Presence,KK,,1,,,,F,,,,,,,,1,,,,,,,,,,,,,,,,,,,,,,,,,,,,1,,,1,,,,5,0,0,0,20,0,0,,,,,,
Arhelleren,2,220,TT1,218,220 TT1 218,,,1,10,2009,20-Aug,Presence,KK,,1,,,,1,,,,,,,,1,,,,,,,,,,,,,,,,,F,,,,,,,,,,,1,,,,,,,2,0,0,0,30,0,0,,,,,,
Arhelleren,2,220,TT1,218,220 TT1 218,,,1,11,2009,20-Aug,Presence,KK,,1,,1,,,,,,,,,,,,,,,,,,,,,,,,,1,,,,,,,,,,,,,1,,,1,,,,20,0,0,0,5,0,0,,,,,,
Arhelleren,2,220,TT1,218,220 TT1 218,,,1,12,2009,20-Aug,Presence,KK,,1,,1,,1,,,,,,,,,,,,,,,,,,,,,,,F,,1,,,,,,,,,,,1,,,1,,,,30,0,0,0,5,0,0,,,,,,
Arhelleren,2,220,TT1,218,220 TT1 218,,,1,13,2009,20-Aug,Presence,KK,,1,,1,,1,,,,,,,,1,,,,,,,,,,,,,,,1,,,,,,,,,,,,,1,,,1,,,,40,0,0,0,5,0,0,,,,,,
Arhelleren,2,220,TT1,218,220 TT1 218,,,1,14,2009,20-Aug,Presence,KK,,1,,,,,,,,,,,,1,,,,,,,,,,,,,,,,,1,,,,,,,,,,,1,,,1,,,,30,0,0,0,5,0,0,,,,,,
Arhelleren,2,220,TT1,218,220 TT1 218,,,1,15,2009,20-Aug,Presence,KK,,,,1,,,,,,,,,,1,,,,,,,,,,,,,,,,,F,,,,,,,,,,,1,,,1,,,,20,0,0,0,10,0,0,,,,,,
Arhelleren,2,220,TT1,218,220 TT1 218,,,1,16,2009,20-Aug,Presence,KK,,,,1,,1,,,,,,,,1,,,,,,,,,,,,,,,1,,,,,,,,,,,,,,,,1,,,,20,0,0,0,10,0,0,,,,,,
Arhelleren,2,220,TT1,218,220 TT1 218,,,1,17,2009,20-Aug,Presence,KK,,,,,,,1,,,,,,,1,,,,,,,,,,,F,,,,F,,,,,1,,,,,,,,1,,,1,,,,10,0,0,0,5,0,0,,,,,,
Arhelleren,2,220,TT1,218,220 TT1 218,,,1,18,2009,20-Aug,Presence,KK,,1,,,,,,,,,,,,1,,,,1,,,,,,,,,,,,,,,,,,,,,,,,1,,,1,,,,30,0,0,0,5,0,0,,,,,,
Arhelleren,2,220,TT1,218,220 TT1 218,,,1,19,2009,20-Aug,Presence,KK,,1,,,,,,,,,,,,1,,,,,,,,,,,,,,,,,,,,,,,,,,,,1,,,1,,,,20,0,0,0,10,0,0,,,,,,
Arhelleren,2,220,TT1,218,220 TT1 218,,,1,20,2009,20-Aug,Presence,KK,,1,,1,,,,,,,,,,1,,,,,,,,,,,,,,,,,1,,,,,,,,,,,1,,,1,,,,10,0,0,0,20,0,0,,,,,,
Arhelleren,2,220,TT1,218,220 TT1 218,,,1,21,2009,20-Aug,Presence,KK,,1,,,,1,,,,,,,,,,,,,,,,,,,,,,,,,,,,,,,,,,,,1,,,1,,,,5,0,0,0,10,0,0,,,,,,
Arhelleren,2,220,TT1,218,220 TT1 218,,,1,22,2009,20-Aug,Presence,KK,,1,,1,,1,,,,,,,,,,,,,,,,,,,,,,,,,,,,,,,,,,,,1,,,1,,,,2,0,0,0,10,0,0,,,,10,0.5,
Arhelleren,2,220,TT1,218,220 TT1 218,,,1,23,2009,20-Aug,Presence,KK,,1,,1,,1,,,,,,,,,,,,,,,,,F,,,,,,,,,,,,,,,,,,,1,,,1,,,,2,0,0,0,20,0,0,,,,10,3,
Arhelleren,2,220,TT1,218,220 TT1 218,,,1,24,2009,20-Aug,Presence,KK,,1,,,,,,,,,,,,,,,,,,,,,1,,,,,,,,,,,,,,,,,,,1,,,1,,,,5,0,0,0,10,0,0,,,,13,1,
Arhelleren,2,220,TT1,218,220 TT1 218,,,1,25,2009,20-Aug,Presence,KK,,1,,F,,1,,,,,,,,,,,,,,,,,,,,,,,,,,,,,,,,,,,,1,,,1,,,,2,0,0,0,10,0,0,,,,11,2,
Arhelleren,2,220,TT1,218,220 TT1 218,,,1,%,2009,20-Aug,Cover,KK,,10,,10,,5,2,,,,,,,3,,,,1,,,,,2,,2,,,,5,,7,,,1,,1,,,,,,8,,,20,,,,13.32,0,0,0,12.4,0,0,90,30,0,11,1.625,
,,,,,,,,,,,,,,,,,,,,,,,,,,,,,,,,,,,,,,,,,,,,,,,,,,,,,,,,,,,,,,,,,,,,,,,,,,
Arhelleren,2,219,TT3,287,219 TT3 287,,,3,1,2009,21/08/2009,Presence,KK,,1,,1,,1,,,,,,,,,,,,,,,,,,,,,,,1,,1,,,,,,,,,,,,,,,,,,5,0,0,0,20,0,0,,,,,,
Arhelleren,2,219,TT3,287,219 TT3 287,,,3,2,2009,21/08/2009,Presence,KK,,F,,1,,,,,,,,,,,,,,,,,,,,,,,,,,,1,,,,,,,,,,,1,,,1,,,,10,0,0,0,10,0,0,,,,,,
Arhelleren,2,219,TT3,287,219 TT3 287,,,3,3,2009,21/08/2009,Presence,KK,,1,,F,,,,,,,,,,1,,,,,,,,,,,,,,,1,,,,,,,,,,,,,1,,,1,,,,10,0,0,0,20,0,0,,,,,,
Arhelleren,2,219,TT3,287,219 TT3 287,,,3,4,2009,21/08/2009,Presence,KK,,1,,1,,,,,,,,,,1,,,,,S,,,,,,,,,,F,,1,,,,,,,,,,,1,,,1,,,,30,0,0,0,5,0,0,,,,,,
Arhelleren,2,219,TT3,287,219 TT3 287,,,3,5,2009,21/08/2009,Presence,KK,,1,,1,,1,,,,,,,,,,,,,,,,,,,,,,,F,,F,,,,,,,,,,,1,,,,,,,30,0,0,0,10,0,0,,,,,,
Arhelleren,2,219,TT3,287,219 TT3 287,,,3,6,2009,21/08/2009,Presence,KK,,1,,F,,,,,,,,,,,,,,,,,,,,,,,,,1,,1,,,,,,,,,,,1,,,,,,,20,0,0,0,10,0,0,,,,,,
Arhelleren,2,219,TT3,287,219 TT3 287,,,3,7,2009,21/08/2009,Presence,KK,,1,,1,,,,,,,,,,,,,,,,,,,,,,,,,F,,1,,,,,,,,,,,1,,,1,,,,30,0,0,0,10,0,0,,,,,,
Arhelleren,2,219,TT3,287,219 TT3 287,,,3,8,2009,21/08/2009,Presence,KK,,1,,1,,,,,,,,,,,,,,,,,,,,,,,,,1,,,,,,,,,,,,,1,,,1,,,,10,0,0,0,10,0,0,,,,,,
Arhelleren,2,219,TT3,287,219 TT3 287,,,3,9,2009,21/08/2009,Presence,KK,,,,F,,,,,,,,,,,,,,,,,,,,,,,,,1,,,,,,,,,,,,,1,,,,,,,30,0,0,0,20,0,0,,,,,,
Arhelleren,2,219,TT3,287,219 TT3 287,,,3,10,2009,21/08/2009,Presence,KK,,1,,,,,,,,,,,,,,,,,,,,,,,,,,,F,,1,,,,,,,,,,,1,,,,,,,30,0,0,0,20,0,0,,,,,,
Arhelleren,2,219,TT3,287,219 TT3 287,,,3,11,2009,21/08/2009,Presence,KK,,,,F,,,,,,,,,,1,,,,,,,,,,,,,,,1,,,,,,,,,,,,,1,,,,,,,40,0,0,0,5,0,0,,,,,,
Arhelleren,2,219,TT3,287,219 TT3 287,,,3,12,2009,21/08/2009,Presence,KK,,1,,,,,,,,,,,,,,,,,,,,,,,F,,,,1,,1,,,,,,,,,,,1,,,1,,,,20,0,0,0,10,0,0,,,,,,
Arhelleren,2,219,TT3,287,219 TT3 287,,,3,13,2009,21/08/2009,Presence,KK,,1,,1,,,,,,,,,,,,,,,,,,,,,F,,,,,,,,,,,,,,,,,1,,,,,,,20,0,0,0,10,0,0,,,,,,
Arhelleren,2,219,TT3,287,219 TT3 287,,,3,14,2009,21/08/2009,Presence,KK,,1,,F,,,,,,,,,,,,,,,,,,,,,,,,,F,,S,,,,,,,,,,,1,,,,,,,30,0,0,0,10,0,0,,,,,,
Arhelleren,2,219,TT3,287,219 TT3 287,,,3,15,2009,21/08/2009,Presence,KK,,,,,,,,,,,,,,,,,,,,,,,,,,,,,1,,,,,,,,,,,,,1,,,,,,,60,0,0,0,5,0,0,,,,,,
Arhelleren,2,219,TT3,287,219 TT3 287,,,3,16,2009,21/08/2009,Presence,KK,,1,,1,,,,,,,,,,,1,,,,,,,,,,,,,,,,,,,,,,,,,,,1,,,1,,,,40,0,0,0,10,0,0,,,,,,
Arhelleren,2,219,TT3,287,219 TT3 287,,,3,17,2009,21/08/2009,Presence,KK,,1,,1,,,,,,,,,,,1,,,,,,,,,,F,,,,F,,,,,,,,,,,,,1,,,1,,,,30,0,0,0,5,0,0,,,,,,
Arhelleren,2,219,TT3,287,219 TT3 287,,,3,18,2009,21/08/2009,Presence,KK,,1,,1,,,,,,,,,,,,,,,,,,,,,,,,,1,,,,,,,,,,,,,1,,,,,,,20,0,0,0,10,0,0,,,,,,
Arhelleren,2,219,TT3,287,219 TT3 287,,,3,19,2009,21/08/2009,Presence,KK,,1,,,,1,,,,,,,,,,,,,,,,,,,,,,,1,,,,,,,,,,,,,,,,,,,,50,0,0,0,10,0,0,,,,,,
Arhelleren,2,219,TT3,287,219 TT3 287,,,3,20,2009,21/08/2009,Presence,KK,,1,,,,1,,,,,,,,,,,,,,,,,,,,,,,1,,,,,,,,,,,,,1,,,,,,,80,0,0,0,5,0,0,,,,,,
Arhelleren,2,219,TT3,287,219 TT3 287,,,3,21,2009,21/08/2009,Presence,KK,,1,,1,,,,,,,,,,,,,,,,,,,,,,,,,,,,,,,,,,,,,,1,,,,,,,20,0,0,0,20,0,0,,,,,,
Arhelleren,2,219,TT3,287,219 TT3 287,,,3,22,2009,21/08/2009,Presence,KK,,F,,,,,,,,,,,,,,,,,,,,,,,,,,,1,,,,,,,,,,,,,1,,,1,,,,20,0,0,0,10,0,0,,,,12,4,
Arhelleren,2,219,TT3,287,219 TT3 287,,,3,23,2009,21/08/2009,Presence,KK,,1,,,,,,,,,,,,,,,,,,,,,,,,,,,1,,,,,,,,,,,,,1,,,1,,,,20,0,0,0,20,0,0,,,,11,4,
Arhelleren,2,219,TT3,287,219 TT3 287,,,3,24,2009,21/08/2009,Presence,KK,,1,,1,,1,,,,,,,,,,,,,,,,,,,,,,,1,,,,,,,,,,,,,1,,,1,,,,10,0,0,0,20,0,0,,,,14,5,
Arhelleren,2,219,TT3,287,219 TT3 287,,,3,25,2009,21/08/2009,Presence,KK,,1,,1,,,,,,,,,,,,,,,,,,,,,,,,,1,,,,,,,,,,,,,1,,,,,,,20,0,0,0,5,0,0,,,,13,4.5,
Arhelleren,2,219,TT3,287,219 TT3 287,,,3,%,2009,21/08/2009,Cover,KK,,5,,5,,3,,,,,,,,2,5,,,,1,,,,,,4,,,,25,,5,,,,,,,,,,,6,,,8,,,,27.4,0,0,0,11.6,0,0,75,70,0,12.5,4.375,
,,,,,,,,,,,,,,,,,,,,,,,,,,,,,,,,,,,,,,,,,,,,,,,,,,,,,,,,,,,,,,,,,,,,,,,,,,
Arhelleren,3,221,TT3,292,221 TT3 292,,,C,1,2009,20-Aug,Presence,KK,,,,1,,1,,,,,,,,1,,,,,,,,,,,,,,,,,F,,,,,,,,,,,1,,,1,,,,50,0,0,0,2,0,0,,,,,,
Arhelleren,3,221,TT3,292,221 TT3 292,,,C,2,2009,20-Aug,Presence,KK,,,,1,,,,,,,,,,,,,,,,,,,,,,,,,,,F,,,,,,,,,,,1,,,1,,,,40,0,0,0,5,0,0,,,,,,
Arhelleren,3,221,TT3,292,221 TT3 292,,,C,3,2009,20-Aug,Presence,KK,,1,,1,,,,,,,,,,,,,,,,,,,,,,,,,,,F,,,,,,,,,,,,,,1,,,,40,0,0,0,2,0,0,,,,,,
Arhelleren,3,221,TT3,292,221 TT3 292,,,C,4,2009,20-Aug,Presence,KK,,1,,1,,1,,1,,,,,,1,,,,,,,,,,,,,,,,,,,,,,,,,,,,F,,F,1,,,,30,0,0,0,5,0,0,,,,,,
Arhelleren,3,221,TT3,292,221 TT3 292,,,C,5,2009,20-Aug,Presence,KK,,1,,,,,,,,,,,,,,,1,,,,,,,,,,,,,,F,,,,,,,,,,,1,,1,1,,,,20,0,0,0,10,0,0,,,,,,
Arhelleren,3,221,TT3,292,221 TT3 292,,,C,6,2009,20-Aug,Presence,KK,,,,1,,,,,,,,,,,,,,,,,,,,,,,,,,,,,,,,,,,,,,1,,F,,,,,20,0,0,0,10,0,0,,,,,,
Arhelleren,3,221,TT3,292,221 TT3 292,,,C,7,2009,20-Aug,Presence,KK,,,,1,,,,,,,,,,1,,,,,,,,,,,,,,,,,F,,,,,,,1,,,,1,,,1,,,,30,0,0,0,10,0,0,,,,,,
Arhelleren,3,221,TT3,292,221 TT3 292,,,C,8,2009,20-Aug,Presence,KK,,,,1,,,,,,,,,,1,,,,,,,,,,,,,,,,,F,,,,,,,,,,,1,,,1,,,,20,0,0,0,5,0,0,,,,,,
Arhelleren,3,221,TT3,292,221 TT3 292,,,C,9,2009,20-Aug,Presence,KK,,1,,1,,,,,,,,,,1,,,,,,,,,,,,,,,,,1,,,,,,,,,,,1,,,1,,,,30,0,0,0,5,0,0,,,,,,
Arhelleren,3,221,TT3,292,221 TT3 292,,,C,10,2009,20-Aug,Presence,KK,,1,,,,1,,,,,,,,1,,,,,,,,,,,,,,,,,1,,,,,1,,,,,,1,,F,1,,,,30,0,0,0,5,0,0,,,,,,
Arhelleren,3,221,TT3,292,221 TT3 292,,,C,11,2009,20-Aug,Presence,KK,,F,,1,,,,1,,,,,,,,,,,,,,,F,,,,,,,,,,,,,,,,,,,F,,F,1,,,,10,0,0,0,2,0,0,,,,,,
Arhelleren,3,221,TT3,292,221 TT3 292,,,C,12,2009,20-Aug,Presence,KK,,,,1,,,,1,,,,,,,,,,1,,,,,,,,,,,,,F,,,,,,,,,,,1,,1,,,,,20,0,0,0,10,0,0,,,,,,
Arhelleren,3,221,TT3,292,221 TT3 292,,,C,13,2009,20-Aug,Presence,KK,,,,1,,,,,,,,,,,,,,,,,,,,,,,,,,,1,,,,,,,,,,,1,,1,,,,,5,0,0,0,20,0,0,,,,,,
Arhelleren,3,221,TT3,292,221 TT3 292,,,C,14,2009,20-Aug,Presence,KK,,1,,,,,1,,,,,,,,,,,,,,,,,,,,,,,,1,,,,,,,1,,,,1,,,,,,,5,0,0,0,20,0,0,,,,,,
Arhelleren,3,221,TT3,292,221 TT3 292,,,C,15,2009,20-Aug,Presence,KK,,1,,1,,1,,,1,,,,,1,,,,,,,,,,,,,,,,,1,,,,,,,,,,,1,,F,,,,,30,0,0,0,5,0,0,,,,,,
Arhelleren,3,221,TT3,292,221 TT3 292,,,C,16,2009,20-Aug,Presence,KK,,,,1,,1,,,,,,,,1,,,,,,,,,,,,,,,,,F,,,,,,,,,,,1,,1,1,,,,10,0,0,0,20,0,0,,,,,,
Arhelleren,3,221,TT3,292,221 TT3 292,,,C,17,2009,20-Aug,Presence,KK,,,,1,,,,,,,,,,,,,,1,,,,,,,,,,,,,S,,,,,,,,,,,1,,F,1,,,,20,0,0,0,10,0,0,,,,,,
Arhelleren,3,221,TT3,292,221 TT3 292,,,C,18,2009,20-Aug,Presence,KK,,1,,1,,,,,,,,,,,,,,1,,,,,,,,,,,,,F,,,,,,,,,,,1,,F,,,,,10,0,0,0,10,0,0,,,,,,
Arhelleren,3,221,TT3,292,221 TT3 292,,,C,19,2009,20-Aug,Presence,KK,,1,,,,F,1,,1,,,,,,,,,,,,,,,,,,,,,,F,,,,,,,,,,,,,,1,,,,40,0,0,0,5,0,0,,,,,,
Arhelleren,3,221,TT3,292,221 TT3 292,,,C,20,2009,20-Aug,Presence,KK,,1,,,,F,,,1,,,,,1,,,,,,,,,,,,,,,,,1,,,,,,,1,,,,,,,,,,,30,0,0,0,5,0,0,,,,,,
Arhelleren,3,221,TT3,292,221 TT3 292,,,C,21,2009,20-Aug,Presence,KK,,,,1,,,,,,,,,,,,,,,,,,,,,,,,,,,,,,,,,,,,,,1,,,1,,,,40,0,0,0,10,0,0,,,,,,
Arhelleren,3,221,TT3,292,221 TT3 292,,,C,22,2009,20-Aug,Presence,KK,,,,D,,,,,,,,,,,,,,,,,,,,,,,,,,,,,,,,,,,,,,1,,,1,,,,5,0,0,0,20,0,0,,,,11,4,
Arhelleren,3,221,TT3,292,221 TT3 292,,,C,23,2009,20-Aug,Presence,KK,,,,1,,1,,,1,,,,,1,,,,,,,,,,,,,,,,,,,,,,,,,,,,1,,,,,,,10,0,0,0,10,0,0,,,,12,3.5,
Arhelleren,3,221,TT3,292,221 TT3 292,,,C,24,2009,20-Aug,Presence,KK,,,,1,,1,,,1,,,,,,,,,,,,,,,,,,,,,,1,,,,,,,,,,,S,,,1,,,,20,0,0,0,10,0,0,,,,14,4,
Arhelleren,3,221,TT3,292,221 TT3 292,,,C,25,2009,20-Aug,Presence,KK,,,,1,,,,,,,,,,1,,,,,,,,,,,,,,,,,1,,,,,,,,,,,1,,,1,,,,20,0,0,0,10,0,0,,,,13,3,
Arhelleren,3,221,TT3,292,221 TT3 292,,,C,%,2009,20-Aug,Cover,KK,,10,,40,,5,4,2,5,,,,,2,,,2,3,,,,,1,,,,,,,,15,,,,,1,,1,,,,6,,10,8,,,,23.4,0,0,0,9.04,0,0,80,60,0,12.5,3.625,
,,,,,,,,,,,,,,,,,,,,,,,,,,,,,,,,,,,,,,,,,,,,,,,,,,,,,,,,,,,,,,,,,,,,,,,,,,
Arhelleren,3,222,TTC,222,222 TTC,,,1,1,2009,20-Aug,Presence,KK,,F,,F,,1,,,,,,,,,,,,,,,,,,,,,,,,,F,,,,,,,,,,,1,,,,,,,20,0,0,0,20,0,0,,,,,,
Arhelleren,3,222,TTC,222,222 TTC,,,1,2,2009,20-Aug,Presence,KK,,1,,1,,1,,,,,,,,,,,,,,,,,,,,,,,,,1,,,,,,,,,,,1,,,,,,,60,0,0,0,2,0,0,,,,,,
Arhelleren,3,222,TTC,222,222 TTC,,,1,3,2009,20-Aug,Presence,KK,,1,,,,1,,,,,,,,1,,,,,,,,,,,,,,,,,1,,,,,,,,,,,,,,1,,,,50,0,0,0,2,0,0,,,,,,
Arhelleren,3,222,TTC,222,222 TTC,,,1,4,2009,20-Aug,Presence,KK,,1,,1,,1,,,,,,,,,,,,,,,,,,,,,,,,,1,,,,,,,,,,,1,,,1,,,,30,0,0,0,5,0,0,,,,,,
Arhelleren,3,222,TTC,222,222 TTC,,,1,5,2009,20-Aug,Presence,KK,,1,,1,,1,,,1,,,,,,,,,,,,,,,,,,,,1,,,,,,,,,,,,,1,,,,,,,20,0,0,0,5,0,0,,,,,,
Arhelleren,3,222,TTC,222,222 TTC,,,1,6,2009,20-Aug,Presence,KK,,1,,1,,1,,,,,,,,,,,,,,,,,,,,,,,,,1,,,,,,,,,,,1,,,,,,,30,0,0,0,10,0,0,,,,,,
Arhelleren,3,222,TTC,222,222 TTC,,,1,7,2009,20-Aug,Presence,KK,,1,,1,,1,1,,,,,,,,,,,,,,,,,,,,,,,,F,,,,,,,,,,,1,,,1,,,,20,0,0,0,10,0,0,,,,,,
Arhelleren,3,222,TTC,222,222 TTC,,,1,8,2009,20-Aug,Presence,KK,,1,,1,,1,1,,,,,,,1,,,,,,,,,,,F,,,,,,F,,,,,,,,,,,1,,,1,,,,30,0,0,0,2,0,0,,,,,,
Arhelleren,3,222,TTC,222,222 TTC,,,1,9,2009,20-Aug,Presence,KK,,1,,1,,1,,,,,,,,1,,,,,,,,,,,,,,,,,1,,,,,,,,,,,1,,,1,,,,30,0,0,0,2,0,0,,,,,,
Arhelleren,3,222,TTC,222,222 TTC,,,1,10,2009,20-Aug,Presence,KK,,,,1,,1,,,,,,,,,,,,,,,,,,,,,,,,,,,,,,,,,,,,1,,,1,,,,20,0,0,0,5,0,0,,,,,,
Arhelleren,3,222,TTC,222,222 TTC,,,1,11,2009,20-Aug,Presence,KK,,1,,,,1,,,,,,,,,,,,,,,,,,,,,,,,,1,,,,,,,,,,,1,,,1,,,,30,0,0,0,10,0,0,,,,,,
Arhelleren,3,222,TTC,222,222 TTC,,,1,12,2009,20-Aug,Presence,KK,,1,,1,,1,1,,,,,,,1,,,,,,,,,,,,,,,,,1,,,,,,,,,,,1,,,1,,,,20,0,0,0,10,0,0,,,,,,
Arhelleren,3,222,TTC,222,222 TTC,,,1,13,2009,20-Aug,Presence,KK,,1,,1,,1,1,,,,,,,,,,,,,,,,,,,,,,,,,,,,,,,,,,,,,,,,,,10,0,0,0,20,0,0,,,,,,
Arhelleren,3,222,TTC,222,222 TTC,,,1,14,2009,20-Aug,Presence,KK,,1,,F,,,1,,,,,,,,,,,,,,,,,,F,,,,,,,,,,,,,,,,,,,,1,,,,20,0,0,0,10,0,0,,,,,,
Arhelleren,3,222,TTC,222,222 TTC,,,1,15,2009,20-Aug,Presence,KK,,1,,F,,1,,,,,,,,1,,,,,,,,,,,,,,,,,,,,,,,,,,,,1,,,1,,,,5,0,0,0,10,0,0,,,,,,
Arhelleren,3,222,TTC,222,222 TTC,,,1,16,2009,20-Aug,Presence,KK,,F,,1,,,,,,,,,,,,,,,,,,,,,,,,,,,F,,,,,,,,,,,1,,,1,,,,20,0,0,0,5,0,0,,,,,,
Arhelleren,3,222,TTC,222,222 TTC,,,1,17,2009,20-Aug,Presence,KK,,1,,1,,,,,,,,,,,,,,,,,,,,,,,,,,,1,,,,,,,,,,,,,,1,,,,5,0,0,0,20,0,0,,,,,,
Arhelleren,3,222,TTC,222,222 TTC,,,1,18,2009,20-Aug,Presence,KK,,,,1,,1,F,,,,,,,,,,,,,,,,,,,,,,,,1,,,,,,,,,,,1,,,1,,,,20,0,0,0,10,0,0,,,,,,
Arhelleren,3,222,TTC,222,222 TTC,,,1,19,2009,20-Aug,Presence,KK,,,,1,,,,,,,,,,,,,,,,,,,,,,,,,,,,,,,,,,,,,,1,,,1,,,,20,0,0,0,10,0,0,,,,,,
Arhelleren,3,222,TTC,222,222 TTC,,,1,20,2009,20-Aug,Presence,KK,,,,1,,,,,,,,,,,,,,,,,,,,1,,,,,,,,,,,,,,,,,,1,,,,,,,20,0,0,0,10,0,0,,,,,,
Arhelleren,3,222,TTC,222,222 TTC,,,1,21,2009,20-Aug,Presence,KK,,1,,1,,,,,,,,,,1,,,,,,,,,,,,,,,,,1,,,,,,,,,,,1,,,1,,,,10,0,0,0,5,0,0,,,,,,
Arhelleren,3,222,TTC,222,222 TTC,,,1,22,2009,20-Aug,Presence,KK,,1,,,,,,,,,,,,,,,,,,,,,,,,,,,,,F,,,,,,,,,,,1,,,1,,,,20,0,0,0,10,0,0,,,,11,3,
Arhelleren,3,222,TTC,222,222 TTC,,,1,23,2009,20-Aug,Presence,KK,,,,,,,,,,,,,,1,,,,F,,,,,,,,,,,,,1,,,,,,,,,,,,,,1,,,,40,0,0,0,5,0,0,,,,10,3.5,
Arhelleren,3,222,TTC,222,222 TTC,,,1,24,2009,20-Aug,Presence,KK,,1,,1,,,1,,,,,,,1,,,,,,,,,,,,,,,,,,,,,,,,,,,,,,,1,,,,30,0,0,0,10,0,0,,,,8,2,
Arhelleren,3,222,TTC,222,222 TTC,,,1,25,2009,20-Aug,Presence,KK,,,,,,,1,,,,,,,,,,,,,,,,,1,,,,,,,,,,,,,,,,,,1,1,S,,,,,40,0,0,0,5,0,0,,,,8,2.5,
Arhelleren,3,222,TTC,222,222 TTC,,,1,%,2009,20-Aug,Cover,KK,,20,,20,,5,6,,3,,,,,2,,,,3,,,,,,4,4,,,,2,,8,,,,,,,,,,,6,1,1,8,,,,24.8,0,0,0,8.52,0,0,70,60,0,9.25,2.75,
,,,,,,,,,,,,,,,,,,,,,,,,,,,,,,,,,,,,,,,,,,,,,,,,,,,,,,,,,,,,,,,,,,,,,,,,,,
Arhelleren,3,224,TT1,223,224 TT1 223,,,3,1,2009,20-Aug,Presence,KK,,1,,1,,,,,,,,,,1,,,,,S,,,,,,,,,,,,,,,,,,,,,,,1,,1,1,,,,15,0,0,0,20,0,0,,,,,,
Arhelleren,3,224,TT1,223,224 TT1 223,,,3,2,2009,20-Aug,Presence,KK,,1,,1,,,,,,,,,,,,,,,,,,,,,,,,,,,1,,,,,,,,,,,1,,1,,,,,20,0,0,0,5,0,0,,,,,,
Arhelleren,3,224,TT1,223,224 TT1 223,,,3,3,2009,20-Aug,Presence,KK,,1,,1,,,,,,,,,,,,,,,,,,,,,,,,,,,S,,,,,,,,,,,,,1,,,,,10,0,0,0,20,0,0,,,,,,
Arhelleren,3,224,TT1,223,224 TT1 223,,,3,4,2009,20-Aug,Presence,KK,,,,1,,,,,,,,,,,,,,,,,,,,,,,,,,,,,,,,,,,,,,1,,1,1,,,,10,0,0,0,10,0,0,,,,,,
Arhelleren,3,224,TT1,223,224 TT1 223,,,3,5,2009,20-Aug,Presence,KK,,,,1,,,,,,,,,,,,,,,,,,,,,,,,,,,F,,,,,,,,,,,,,1,1,,,,5,0,0,0,20,0,0,,,,,,
Arhelleren,3,224,TT1,223,224 TT1 223,,,3,6,2009,20-Aug,Presence,KK,,1,,,,,,,,,,,,1,,,,,,,,,,,,,,,,,F,,,,,,,,,,,,,,1,1,,,10,0,0,0,20,0,0,,,,,,
Arhelleren,3,224,TT1,223,224 TT1 223,,,3,7,2009,20-Aug,Presence,KK,,1,,1,,1,,1,,,,,,,,,,,,,,,F,,,,,,,,F,,,,,,,,,,,1,,,1,,,,5,0,0,0,20,0,0,,,,,,
Arhelleren,3,224,TT1,223,224 TT1 223,,,3,8,2009,20-Aug,Presence,KK,,1,,F,,,,,,,,,,,,,,,,,,,,,,,,,,,F,,,,,,,,,,,1,,,1,,,,5,0,0,0,10,0,0,,,,,,
Arhelleren,3,224,TT1,223,224 TT1 223,,,3,9,2009,20-Aug,Presence,KK,,,,1,,,,,,,,,,1,,,,,,,,,,,,,,,,,1,,,,,,,,,,,1,,,1,,,,10,0,0,0,20,0,0,,,,,,
Arhelleren,3,224,TT1,223,224 TT1 223,,,3,10,2009,20-Aug,Presence,KK,,,,1,,,,,,,,,,,,,,,,,,,,,,,,,,,1,,,,,,,,,,,1,,1,1,,,,2,0,0,0,30,0,0,,,,,,
Arhelleren,3,224,TT1,223,224 TT1 223,,,3,11,2009,20-Aug,Presence,KK,,1,,1,,1,,,,,,,,,,,,,,,,,,,,,,,,,F,,,,,,,,,,,1,,,1,,,,5,0,0,0,10,0,0,,,,,,
Arhelleren,3,224,TT1,223,224 TT1 223,,,3,12,2009,20-Aug,Presence,KK,,1,,,,,,,,,,,,,,,,,,,,,,,,,,,,,1,,,,,,,,,,,,,1,1,,,,5,0,0,0,10,0,0,,,,,,
Arhelleren,3,224,TT1,223,224 TT1 223,,,3,13,2009,20-Aug,Presence,KK,,1,,,,,,,,,,,,1,,,1,,,,,,1,,,,,,,,1,,,,,,,,,,,1,,1,1,,,,5,0,0,0,20,0,0,,,,,,
Arhelleren,3,224,TT1,223,224 TT1 223,,,3,14,2009,20-Aug,Presence,KK,,1,,,,,,,,,,,,1,,,,,,,,,,,,,,,,,1,,,,,,,,,,,1,,1,F,,,,10,0,0,0,10,0,0,,,,,,
Arhelleren,3,224,TT1,223,224 TT1 223,,,3,15,2009,20-Aug,Presence,KK,,,,,,F,,,,,,,,1,,,,,,,,,,,,,,,,,,,,,,,,,,,,1,,1,1,,,,20,0,0,0,20,0,0,,,,,,
Arhelleren,3,224,TT1,223,224 TT1 223,,,3,16,2009,20-Aug,Presence,KK,,F,,,,,,,,,,,,,,,,,,,,,,,F,,,,,,S,,,,,,,,,,,1,,1,1,,,,30,0,0,0,5,0,0,,,,,,
Arhelleren,3,224,TT1,223,224 TT1 223,,,3,17,2009,20-Aug,Presence,KK,,1,,1,,1,,,,,,,,,,,,,,,,,,,,,,,,,1,,,,,,,,,,,1,,F,1,,,,20,0,0,0,10,0,0,,,,,,
Arhelleren,3,224,TT1,223,224 TT1 223,,,3,18,2009,20-Aug,Presence,KK,,1,,1,,,,,,,,,,1,,,1,,,,,,,,,,,,,,1,,,,,,,,,,,1,,F,1,,,,10,0,0,0,20,0,0,,,,,,
Arhelleren,3,224,TT1,223,224 TT1 223,,,3,19,2009,20-Aug,Presence,KK,,1,,1,,,,,,,,,,1,,,1,,,,,,,,,,,,,,F,,,,,,,,,,,1,,1,1,,,,5,0,0,0,20,0,0,,,,,,
Arhelleren,3,224,TT1,223,224 TT1 223,,,3,20,2009,20-Aug,Presence,KK,,1,,1,,1,,,,,,,,,,,,,,,,,,,,,,,,,1,,,,,,,,,,,1,,1,1,,,,5,0,0,0,20,0,0,,,,,,
Arhelleren,3,224,TT1,223,224 TT1 223,,,3,21,2009,20-Aug,Presence,KK,,1,,,,,,,,,,,,,,,,,,,,,,,,,,,,,1,,,,,,,,,,,1,,,1,,,,70,0,0,0,5,0,0,,,,,,
Arhelleren,3,224,TT1,223,224 TT1 223,,,3,22,2009,20-Aug,Presence,KK,,1,,,,1,,,,,,,,,,,,,,,,,,,,,,,,,F,,,,,,,,,,,1,,,1,,,,40,0,0,0,5,0,0,,,,20,3,
Arhelleren,3,224,TT1,223,224 TT1 223,,,3,23,2009,20-Aug,Presence,KK,,,,1,,,,,,,,,,1,,,,,,,,,1,,,,,,,,1,,,,,,,,,,,1,,,1,,,,10,0,0,0,10,0,0,,,,17,,
Arhelleren,3,224,TT1,223,224 TT1 223,,,3,24,2009,20-Aug,Presence,KK,,,,1,,,,,,,,,,1,,,,,,,,,,,,,,,,,,,,,,,,,,,,1,,1,,,,,40,0,0,0,5,0,0,,,,15,,
Arhelleren,3,224,TT1,223,224 TT1 223,,,3,25,2009,20-Aug,Presence,KK,,1,,1,,,,,,,,,,1,,,,,,,,,,,,,,,,,S,,,,,1,,,,,,1,,1,,,,,0,0,0,0,0,0,0,,,,22,,
Arhelleren,3,224,TT1,223,224 TT1 223,,,3,%,2009,20-Aug,Cover,KK,,20,,20,,4,,2,,,,,,5,,,6,,1,,,,2,,4,,,,,,8,,,,,2,,,,,,5,,10,8,1,,,14.68,0,0,0,13.8,0,0,80,60,0,18.5,3,
,,,,,,,,,,,,,,,,,,,,,,,,,,,,,,,,,,,,,,,,,,,,,,,,,,,,,,,,,,,,,,,,,,,,,,,,,,
Arhelleren,4,226,TTC,226,226 TTC,,,C,1,2009,25/08/2009,Presence,KK,,1,,,,,,,,,,,,,,,,,,,,,,,,,,,,,F,,,,,,,,,,,1,1,,,,,,50,0,0,0,10,0,0,,,,,,
Arhelleren,4,226,TTC,226,226 TTC,,,C,2,2009,25/08/2009,Presence,KK,,,,1,,,,,,,,,,,,,,,,,,,,,,,,,1,,F,,,,,,,,,,,1,,,1,,,,20,0,0,0,10,0,0,,,,,,
Arhelleren,4,226,TTC,226,226 TTC,,,C,3,2009,25/08/2009,Presence,KK,,,,1,,,,1,,,,,,,,,,,,,,,,,,,,,1,,,,,,,,,,,,,1,,1,,,,,2,0,0,0,10,0,0,,,,,,
Arhelleren,4,226,TTC,226,226 TTC,,,C,4,2009,25/08/2009,Presence,KK,,F,,1,,,,1,,,,,,,,,,,,,,,,,,,,,,,,,,,,1,,1,,,,1,,1,1,,,,5,0,0,0,10,0,0,,,,,,
Arhelleren,4,226,TTC,226,226 TTC,,,C,5,2009,25/08/2009,Presence,KK,,1,,1,,,,,,,,,,1,,,,,,,,,,,,,,,,,F,,,,,,,,,,,1,,1,1,,,,5,0,0,0,5,0,0,,,,,,
Arhelleren,4,226,TTC,226,226 TTC,,,C,6,2009,25/08/2009,Presence,KK,,1,,1,,,,,,,,,,,,,,,,,,,,,,,,,,,1,,,,,1,,,,,,1,,,,,,,20,0,0,0,10,0,0,,,,,,
Arhelleren,4,226,TTC,226,226 TTC,,,C,7,2009,25/08/2009,Presence,KK,,1,,1,,,,,,,,,,,,,,,,,,,,,,,,,1,,,,,,,1,,,,,,1,,,,,,,5,0,0,0,10,0,0,,,,,,
Arhelleren,4,226,TTC,226,226 TTC,,,C,8,2009,25/08/2009,Presence,KK,,1,,1,,1,,1,,,,,,1,,,,,,,,,,,,,,,1,,,,,,,,,,,,,1,,1,,,,,5,0,0,0,5,0,0,,,,,,
Arhelleren,4,226,TTC,226,226 TTC,,,C,9,2009,25/08/2009,Presence,KK,,1,,1,,,,,,,,,,1,,,,,,,,,,,,,,,,,,,,,,,,,,,,1,,1,1,,,,5,0,0,0,5,0,0,,,,,,
Arhelleren,4,226,TTC,226,226 TTC,,,C,10,2009,25/08/2009,Presence,KK,,1,,1,,,,,,,,,,,,,,,,,,,,,,,,,,,F,,,,,,,,,,,,,1,1,,,,20,0,0,0,5,0,0,,,,,,
Arhelleren,4,226,TTC,226,226 TTC,,,C,11,2009,25/08/2009,Presence,KK,,1,,1,,,,1,,,,,,1,,,F,,,,,,,,,,,,,,,,,,,,,,,,,,,,,,,,20,0,0,0,5,0,0,,,,,,
Arhelleren,4,226,TTC,226,226 TTC,,,C,12,2009,25/08/2009,Presence,KK,,1,,1,,,,,,,,,,,,,,,,,,,,,,,,,,,1,,,,,,,,,,,F,,,1,,,,10,0,0,0,20,0,0,,,,,,
Arhelleren,4,226,TTC,226,226 TTC,,,C,13,2009,25/08/2009,Presence,KK,,1,,1,,,,,,,,,,1,,,,,,,,,,,,,,,,,1,,,,,,,,,,,1,,,,,,,5,0,0,0,10,0,0,,,,,,
Arhelleren,4,226,TTC,226,226 TTC,,,C,14,2009,25/08/2009,Presence,KK,,1,,1,,1,,,,,,,,1,,,,,,,,,,,,,,,,,,,,,,,,,,,,1,,,1,,,,10,0,0,0,5,0,0,,,,,,
Arhelleren,4,226,TTC,226,226 TTC,,,C,15,2009,25/08/2009,Presence,KK,,1,,1,,,,,,,,,,,,,,,,,,,,,,,,,,,1,,,,,1,,,,,,1,,,1,,,,10,0,0,0,20,0,0,,,,,,
Arhelleren,4,226,TTC,226,226 TTC,,,C,16,2009,25/08/2009,Presence,KK,,1,,1,,,,1,,,,,,1,,,,,,,,,,,F,,,,,,,,,,,,,,,,,1,,,1,,,,10,0,0,0,5,0,0,,,,,,
Arhelleren,4,226,TTC,226,226 TTC,,,C,17,2009,25/08/2009,Presence,KK,,1,,1,,,,,,,,,,1,,,,,,,,,,,,,,,,,,,,,,,,,,,,1,,,1,,,,10,0,0,0,10,0,0,,,,,,
Arhelleren,4,226,TTC,226,226 TTC,,,C,18,2009,25/08/2009,Presence,KK,,1,,,,,,1,,,,,,,,,,,,,,,,,,,,,,,,,,,,1,,,,,,,,,1,,,,5,0,0,0,20,0,0,,,,,,
Arhelleren,4,226,TTC,226,226 TTC,,,C,19,2009,25/08/2009,Presence,KK,,1,,1,,,,,,,,,,,,,,,,,,,,,,,,,,,S,,,,,,,,,,,1,,1,,,,,5,0,0,0,10,0,0,,,,,,
Arhelleren,4,226,TTC,226,226 TTC,,,C,20,2009,25/08/2009,Presence,KK,,1,,1,,,,,,,,,,1,,,,,,,,,,,F,,,,,,,,,,,,,,,,,1,,F,,,,,10,0,0,0,5,0,0,,,,,,
Arhelleren,4,226,TTC,226,226 TTC,,,C,21,2009,25/08/2009,Presence,KK,,1,,1,,1,,,,,,,,1,,,,,,,,,,,,,,,,,1,,,,,,,,,,,,,,,,,,20,0,0,0,5,0,0,,,,,,
Arhelleren,4,226,TTC,226,226 TTC,,,C,22,2009,25/08/2009,Presence,KK,,1,,1,,,,,,,,,,,,,,,,,,,,,,,,,,,,,,,,,,,,,,,,,,,,,10,0,0,0,10,0,0,,,,20,4,
Arhelleren,4,226,TTC,226,226 TTC,,,C,23,2009,25/08/2009,Presence,KK,,1,,1,,,,,,,,,,,,,,,,,,,,,,,,,,,F,,,,,,,,,,,,,,,,,,30,0,0,0,5,0,0,,,,20,5,
Arhelleren,4,226,TTC,226,226 TTC,,,C,24,2009,25/08/2009,Presence,KK,,1,,1,,,,,,,,,,,,,,,,,,,,,,,,,,,S,,,,,,,,,,,,,F,,,,,30,0,0,0,5,0,0,,,,18,4,
Arhelleren,4,226,TTC,226,226 TTC,,,C,25,2009,25/08/2009,Presence,KK,,1,,1,,,,,1,,,,,,,,,,,,,,,,F,,,,,,1,,,,,,,,,,,,,1,,,,,0,0,0,0,0,0,0,,,,25,5,
Arhelleren,4,226,TTC,226,226 TTC,,,C,%,2009,25/08/2009,Cover,KK,,15,,15,,4,,2,2,,,,,3,,,3,,,,,,,,5,,,,5,,7,,,,,4,,1,,,,6,1,9,6,,,,12.88,0,0,0,8.6,0,0,90,15,0,20.75,4.5,
,,,,,,,,,,,,,,,,,,,,,,,,,,,,,,,,,,,,,,,,,,,,,,,,,,,,,,,,,,,,,,,,,,,,,,,,,,
Arhelleren,4,227,TT3,296,227 TT3 296,,,1,1,2009,25/08/2009,Presence,KK,,1,,,,,,1,,,,,,,,,,,,,,,,,,,,,,,,,,,,,,,,,,,,,1,,,,80,0,0,0,2,0,0,,,,,,
Arhelleren,4,227,TT3,296,227 TT3 296,,,1,2,2009,25/08/2009,Presence,KK,,1,,,,,,1,,,,,,1,,,,,,,,,,,,,,,,,1,,,,,,,,,,,,,,,,,,80,0,0,0,2,0,0,,,,,,
Arhelleren,4,227,TT3,296,227 TT3 296,,,1,3,2009,25/08/2009,Presence,KK,,1,,1,,,,1,,,,,,,,,,,,,,,,,,,,,,,1,,,,,,,,,,,1,,,1,,,,70,0,0,0,2,0,0,,,,,,
Arhelleren,4,227,TT3,296,227 TT3 296,,,1,4,2009,25/08/2009,Presence,KK,,1,,1,,,,,,,1,,,1,,,,,,,,,,,,,,,,,,,,,,,,,,,,,,1,,,,,70,0,0,0,5,0,0,,,,,,
Arhelleren,4,227,TT3,296,227 TT3 296,,,1,5,2009,25/08/2009,Presence,KK,,1,,1,,,,1,1,,,,,1,,,,,,,,,,,F,,,,,,S,,,,,,,,,,,,,,1,,,,30,0,0,0,5,0,0,,,,,,
Arhelleren,4,227,TT3,296,227 TT3 296,,,1,6,2009,25/08/2009,Presence,KK,,,,1,,1,,,,,,,,1,,,,,,,,,,,,,,,,,1,,,,,,,,,,,,,,,,,,40,0,0,0,10,0,0,,,,,,
Arhelleren,4,227,TT3,296,227 TT3 296,,,1,7,2009,25/08/2009,Presence,KK,,1,,,,,,,,,,,,1,,,,,,,,,,,,,,,,,F,,,,,,,,,,,1,,,1,,,,80,0,0,0,2,0,0,,,,,,
Arhelleren,4,227,TT3,296,227 TT3 296,,,1,8,2009,25/08/2009,Presence,KK,,1,,,,,,1,,,,,,,,,,,,,,,,,,,,,,,1,,,,,,,,,,,,,,1,,,,70,0,0,0,2,0,0,,,,,,
Arhelleren,4,227,TT3,296,227 TT3 296,,,1,9,2009,25/08/2009,Presence,KK,,1,,1,,,,1,,,,,,1,,,,,,,,,,,,,,,,,1,,,,,,,,,,,,,1,,,,,50,0,0,0,2,0,0,,,,,,
Arhelleren,4,227,TT3,296,227 TT3 296,,,1,10,2009,25/08/2009,Presence,KK,,1,,1,,,,,,,1,,,,,,,,,,,,,,,,,,,,,,,,,,,,,,,,,1,1,,,,2,0,0,0,10,0,0,,,,,,
Arhelleren,4,227,TT3,296,227 TT3 296,,,1,11,2009,25/08/2009,Presence,KK,,1,,,,1,,,,,,,,1,,,,,,,,,,,,,,,,,F,,,,,,,,,,,1,,1,,,,,30,0,0,0,5,0,0,,,,,,
Arhelleren,4,227,TT3,296,227 TT3 296,,,1,12,2009,25/08/2009,Presence,KK,,1,,1,,,,,,,,,,1,,,,,,,,,,,,,,,,,F,,,,,,,,,,,,,1,,,,,20,0,0,0,10,0,0,,,,,,
Arhelleren,4,227,TT3,296,227 TT3 296,,,1,13,2009,25/08/2009,Presence,KK,,,,1,,,,1,,,,,,1,,,,,,,,,,,,,,,,,F,,,,,,,,,,,1,,1,,,,,30,0,0,0,10,0,0,,,,,,
Arhelleren,4,227,TT3,296,227 TT3 296,,,1,14,2009,25/08/2009,Presence,KK,,1,,1,,,,,,,,,,1,,,,,,,,,,,,,,,,,F,,,,,,,,,,,1,,,,,,,20,0,0,0,20,0,0,,,,,,
Arhelleren,4,227,TT3,296,227 TT3 296,,,1,15,2009,25/08/2009,Presence,KK,,1,,,,,,,,,1,,,1,,,,,,,,,,,,,,,,,S,,,,,,,,,,,1,,,1,,,,10,0,0,0,10,0,0,,,,,,
Arhelleren,4,227,TT3,296,227 TT3 296,,,1,16,2009,25/08/2009,Presence,KK,,,,,,,,,,,,,,1,,,,,,,,,,,,,,,1,,1,,,,,,,,,,,1,,,1,,,,20,0,0,0,20,0,0,,,,,,
Arhelleren,4,227,TT3,296,227 TT3 296,,,1,17,2009,25/08/2009,Presence,KK,,1,,,,,,,,,,,,1,,,,,,,,,,,,,,,,,1,,,,,,,,,,,1,1,,1,,,,10,0,0,0,20,0,0,,,,,,
Arhelleren,4,227,TT3,296,227 TT3 296,,,1,18,2009,25/08/2009,Presence,KK,,1,,1,,1,,,,,,,,1,,,,,,,,,,,,,,,,,F,,,,,,,,,,,1,,,1,,,,40,0,0,0,10,0,0,,,,,,
Arhelleren,4,227,TT3,296,227 TT3 296,,,1,19,2009,25/08/2009,Presence,KK,,1,,1,,1,,,,,,,,,,,,,,,,,,,,,,,,,1,,,,,,,,,,,1,,,,,,,5,0,0,0,40,0,0,,,,,,
Arhelleren,4,227,TT3,296,227 TT3 296,,,1,20,2009,25/08/2009,Presence,KK,,,,1,,,,,,,,,,1,,,,,,,,,,,,,,,,,1,,,,,,,,,,,1,,1,1,,,,30,0,0,0,10,0,0,,,,,,
Arhelleren,4,227,TT3,296,227 TT3 296,,,1,21,2009,25/08/2009,Presence,KK,,1,,,,,,,,,,,,1,,,,,,,,,,,,,,,1,,F,,,,,,,,,,,1,,,,,,,20,0,0,0,5,0,0,,,,,,
Arhelleren,4,227,TT3,296,227 TT3 296,,,1,22,2009,25/08/2009,Presence,KK,,1,,,,1,,,,,,,,,,,,,,,,,,,,,,,1,,F,,,,,,,,,,,1,,,,,,,30,0,0,0,20,0,0,,,,16,7,
Arhelleren,4,227,TT3,296,227 TT3 296,,,1,23,2009,25/08/2009,Presence,KK,,1,,,,1,,,,,,,,,,,,,,,,,,,,,,,,,F,,,,,,,,,,,,,,,,,,40,0,0,0,10,0,0,,,,25,7,
Arhelleren,4,227,TT3,296,227 TT3 296,,,1,24,2009,25/08/2009,Presence,KK,,,,1,,1,,,,,,,,1,,,,,,,,,,,,,,,,,1,,,,,,,,,,,,,1,,,,,5,0,0,0,20,0,0,,,,17,8,
Arhelleren,4,227,TT3,296,227 TT3 296,,,1,25,2009,25/08/2009,Presence,KK,,,,1,,1,,,,,,,,1,,,,,,,,,,,,,,,,,1,,,,,1,,,,,,,,1,1,,,,10,0,0,0,10,0,0,,,,22,8,
Arhelleren,4,227,TT3,296,227 TT3 296,,,1,%,2009,25/08/2009,Cover,KK,,6,,8,,4,,2,2,,2,,,3,,,,,,,,,,,1,,,,3,,25,,,,,2,,,,,,8,1,7,6,,,,35.68,0,0,0,10.48,0,0,60,40,0,20,7.5,
,,,,,,,,,,,,,,,,,,,,,,,,,,,,,,,,,,,,,,,,,,,,,,,,,,,,,,,,,,,,,,,,,,,,,,,,,,
Arhelleren,4,229,TT1,228,229 TT1 228,,,3,1,2009,25/08/2009,Presence,KK,,,,D,,,,,,,,,,1,,,,,,,,,,,,,,,,,,,,,,,,,1,,,1,,,,,,,2,0,0,0,20,0,0,,,,,,
Arhelleren,4,229,TT1,228,229 TT1 228,,,3,2,2009,25/08/2009,Presence,KK,,,,1,,,,,,,,,,,,,,,,,,,,,,,,,1,,,,,,,,,,,,,,,,,,,,2,0,0,0,20,0,0,,,,,,
Arhelleren,4,229,TT1,228,229 TT1 228,,,3,3,2009,25/08/2009,Presence,KK,,1,,1,,,,,1,,,,,1,,,,,,,,,,,,,,,,,1,,,,,,,,,,,1,,,1,,,,5,0,0,0,20,0,0,,,,,,
Arhelleren,4,229,TT1,228,229 TT1 228,,,3,4,2009,25/08/2009,Presence,KK,,1,,1,,,,,1,,,,,1,,,,,,,,,,,,,,,,,,,,,,,,,,,,1,,,1,,,,10,0,0,0,10,0,0,,,,,,
Arhelleren,4,229,TT1,228,229 TT1 228,,,3,5,2009,25/08/2009,Presence,KK,,1,,1,,,,,1,,,,,1,,,,,,,,,,,,,,,,,S,,,,,,,,1,,,1,,,1,,,,5,0,0,0,10,0,0,,,,,,
Arhelleren,4,229,TT1,228,229 TT1 228,,,3,6,2009,25/08/2009,Presence,KK,,1,,1,,,,,,,,,,,,,,,,,,,,,,,,,,,,,,,,,,,,,,1,,,,,,,10,0,0,0,20,0,0,,,,,,
Arhelleren,4,229,TT1,228,229 TT1 228,,,3,7,2009,25/08/2009,Presence,KK,,1,1,1,,,1,,,,,,,,,,,,,,,,,,,,,,F,,,,,,,,,,,,,1,,,1,,,,5,0,0,0,10,0,0,,,,,,
Arhelleren,4,229,TT1,228,229 TT1 228,,,3,8,2009,25/08/2009,Presence,KK,,,,1,,,,,,,,,,1,,,,,,,,,,,,,,,,,1,,,,,,,,,,,1,,,1,,,,5,0,0,0,10,0,0,,,,,,
Arhelleren,4,229,TT1,228,229 TT1 228,,,3,9,2009,25/08/2009,Presence,KK,,F,,1,,,,,,,,,,1,,,,,,,,,,,,,,,,,1,,,,,,,,,,,1,,,1,,,,5,0,0,0,20,0,0,,,,,,
Arhelleren,4,229,TT1,228,229 TT1 228,,,3,10,2009,25/08/2009,Presence,KK,,1,,,,,,,,,,,,1,,,,,,,,,,,,,,,,,,,,,,,,,,,,1,,,1,,,,20,0,0,0,10,0,0,,,,,,
Arhelleren,4,229,TT1,228,229 TT1 228,,,3,11,2009,25/08/2009,Presence,KK,,F,,,,,1,,,,,,,,,,,,,,,,,,,,,,1,,,,,,,,,,,,,1,,,,,,,5,0,0,0,10,0,0,,,,,,
Arhelleren,4,229,TT1,228,229 TT1 228,,,3,12,2009,25/08/2009,Presence,KK,,F,1,,,,,,,,,,,1,,,,,,,,,,,,,,,1,,1,,,,,,,,,,,1,,,1,,,,5,0,0,0,10,0,0,,,,,,
Arhelleren,4,229,TT1,228,229 TT1 228,,,3,13,2009,25/08/2009,Presence,KK,,1,1,F,,,,,,,,,,,,,,,,,,,,,,,,,,,1,,,,,1,,,,,,,,,1,,,,20,0,0,0,10,0,0,,,,,,
Arhelleren,4,229,TT1,228,229 TT1 228,,,3,14,2009,25/08/2009,Presence,KK,,1,,1,,,,,,,,,,1,,,,,,,,,,,,,,,F,,1,,,,,,,,1,,,1,,,,,,,20,0,0,0,10,0,0,,,,,,
Arhelleren,4,229,TT1,228,229 TT1 228,,,3,15,2009,25/08/2009,Presence,KK,,1,,1,,,,,,,,,,1,,,,,,,,,,,,,,,1,,,,,,,,,,,,,,,,,,,,20,0,0,0,5,0,0,,,,,,
Arhelleren,4,229,TT1,228,229 TT1 228,,,3,16,2009,25/08/2009,Presence,KK,,1,,1,,,,,,,,,,,1,,,,,,,,,,,,,,,,,,,,,,,,,,,1,,,,,,,5,0,0,0,20,0,0,,,,,,
Arhelleren,4,229,TT1,228,229 TT1 228,,,3,17,2009,25/08/2009,Presence,KK,,1,,1,,,,,,,,,,,,,,,,,,,,,,,,,1,,,,,,,,,,,,,1,,,1,,,,10,0,0,0,10,0,0,,,,,,
Arhelleren,4,229,TT1,228,229 TT1 228,,,3,18,2009,25/08/2009,Presence,KK,,1,,1,,,,,,,,,,1,1,,,,,,,,,,,,,,,,,,,,,1,,,,,,1,,,1,,,,10,0,0,0,10,0,0,,,,,,
Arhelleren,4,229,TT1,228,229 TT1 228,,,3,19,2009,25/08/2009,Presence,KK,,1,,F,,,,,,,,,,,1,,,,,,,,,,,,,,1,,,,,,,1,,,,,,1,,,1,,,,10,0,0,0,10,0,0,,,,,,
Arhelleren,4,229,TT1,228,229 TT1 228,,,3,20,2009,25/08/2009,Presence,KK,,,,D,,,,,,,,,,1,,,,,,,,,,,,,,,1,,,,,,,,,,,,,,,,1,,,,5,0,0,0,20,0,0,,,,,,
Arhelleren,4,229,TT1,228,229 TT1 228,,,3,21,2009,25/08/2009,Presence,KK,,1,,1,,,,,,,,,,1,,,,,,,,,,,,,,,,,S,,,,,,,,1,,,1,,,,,,,5,0,0,0,20,0,0,,,,,,
Arhelleren,4,229,TT1,228,229 TT1 228,,,3,22,2009,25/08/2009,Presence,KK,,1,1,1,,,,,,,,,,1,,,,,,,,,,,,,,,,,,,,,,,,,,,,1,,,,,,,5,0,0,0,20,0,0,,,,18,3,
Arhelleren,4,229,TT1,228,229 TT1 228,,,3,23,2009,25/08/2009,Presence,KK,,1,,1,,,,,,,,,,1,,,,,,,,,,,,,,,1,,,,,,,,,,,,,1,,,,,,,5,0,0,0,20,0,0,,,,25,,
Arhelleren,4,229,TT1,228,229 TT1 228,,,3,24,2009,25/08/2009,Presence,KK,,1,,1,,,,,,,,,,1,1,,,,,,,,,,,,,,1,,,,,,,,,,,,,,,,1,,,,2,0,0,0,10,0,0,,,,24,,
Arhelleren,4,229,TT1,228,229 TT1 228,,,3,25,2009,25/08/2009,Presence,KK,,1,,1,,,,,,,1,,,,,,,,,,,,,,,,,,,,1,,,,,,,,,,,1,,,1,,,,2,0,0,0,20,0,0,,,,20,,
Arhelleren,4,229,TT1,228,229 TT1 228,,,3,%,2009,25/08/2009,Cover,KK,,20,2,20,,,3,,4,,1,,,4,3,,,,,,,,,,,,,,8,,3,,,,,4,,,2,,,4,,,6,,,,7.92,0,0,0,14.2,0,0,90,20,0,21.75,3,
,,,,,,,,,,,,,,,,,,,,,,,,,,,,,,,,,,,,,,,,,,,,,,,,,,,,,,,,,,,,,,,,,,,,,,,,,,
Arhelleren,5,231,TT1,232,231 TT1 232,,,C,1,2009,25/08/2009,Presence,KK,,,,1,,,1,,,,,,,,,,,,,,,,,,,,,,,,,,,,,,,,,,,,,1,,1,,,30,0,0,0,5,0,0,,,,,,
Arhelleren,5,231,TT1,232,231 TT1 232,,,C,2,2009,25/08/2009,Presence,KK,,F,,1,,,1,,,,,,,,,,,,,,,,,,,,,,1,,1,,,,,,,,,,,,,1,,1,,,30,0,0,0,5,0,0,,,,,,
Arhelleren,5,231,TT1,232,231 TT1 232,,,C,3,2009,25/08/2009,Presence,KK,,1,,1,,,,,,,,,,,,,,,,,,,,,,,,,F,,F,,,,,,,,,,,,,1,,1,,,10,0,0,0,5,0,0,,,,,,
Arhelleren,5,231,TT1,232,231 TT1 232,,,C,4,2009,25/08/2009,Presence,KK,,,,1,,,,,,,,,,,,,,,,,,,,,,,,,1,,1,,,,,,,,,,,,,1,,S,,,10,0,0,0,2,0,0,,,,,,
Arhelleren,5,231,TT1,232,231 TT1 232,,,C,5,2009,25/08/2009,Presence,KK,,1,,1,,,1,S,,,,,,,,,,,,,,,1,,,,,,1,,,,,,,,,,,,,,,1,,,,,10,0,0,0,2,0,0,,,,,,
Arhelleren,5,231,TT1,232,231 TT1 232,,,C,6,2009,25/08/2009,Presence,KK,,1,,1,,,,,,,,,,,,,,,,,,,,,,,,,F,,1,,,,,,,,,,,,,1,,,,,20,0,0,0,5,0,0,,,,,,
Arhelleren,5,231,TT1,232,231 TT1 232,,,C,7,2009,25/08/2009,Presence,KK,,1,,1,,,,,,,,,,,,,,,,,,,,,,,,,,,,,,,,,,,,,,,,1,,S,,,20,0,0,0,5,0,0,,,,,,
Arhelleren,5,231,TT1,232,231 TT1 232,,,C,8,2009,25/08/2009,Presence,KK,,1,,,,,,,,,,,,,,,,,,,,,,1,,,,,1,,1,,,,,,,,,,,,,F,,,,,20,0,0,0,5,0,0,,,,,,
Arhelleren,5,231,TT1,232,231 TT1 232,,,C,9,2009,25/08/2009,Presence,KK,,1,,1,,1,1,,,,,,,1,,,,,,,,,,,,,,,1,,1,,,,,,,,,,,,1,1,,,,,10,0,0,0,5,0,0,,,,,,
Arhelleren,5,231,TT1,232,231 TT1 232,,,C,10,2009,25/08/2009,Presence,KK,,1,,,,1,1,,,,,,,,,,,,,,,,F,,,,,,F,,1,,,,,,,,,,,,,1,1,,,,20,0,0,0,2,0,0,,,,,,
Arhelleren,5,231,TT1,232,231 TT1 232,,,C,11,2009,25/08/2009,Presence,KK,,,,1,,,,,,,,,,,1,,,,,,,,,,,,,,1,,,,,,,,,,,,,,,1,,,,,10,0,0,0,10,0,0,,,,,,
Arhelleren,5,231,TT1,232,231 TT1 232,,,C,12,2009,25/08/2009,Presence,KK,,1,,F,,,,1,,,,,,,,,,,,,,,,1,,,,,,,1,,,,,,,,,,,,,F,,,,,10,0,0,0,10,0,0,,,,,,
Arhelleren,5,231,TT1,232,231 TT1 232,,,C,13,2009,25/08/2009,Presence,KK,,1,,1,,,,1,,,,,,,,,,,,,,,,,,,,,1,,,,,,,,,,,,,,,1,,S,,,10,0,0,0,10,0,0,,,,,,
Arhelleren,5,231,TT1,232,231 TT1 232,,,C,14,2009,25/08/2009,Presence,KK,,F,,F,,,1,F,,,,,,,,,,,,,,,,,,,,,1,,,,,,,,,,,,,,1,1,,,,,5,0,0,0,10,0,0,,,,,,
Arhelleren,5,231,TT1,232,231 TT1 232,,,C,15,2009,25/08/2009,Presence,KK,,1,,,,,,,,,,,,1,,,,,,,,,,,,,,,F,,F,,,,,,,,,,,,,1,,,,,5,0,0,0,5,0,0,,,,,,
Arhelleren,5,231,TT1,232,231 TT1 232,,,C,16,2009,25/08/2009,Presence,KK,,1,,1,,,1,F,,,,,,,1,,,,,,,,,,,,,,1,,1,,,,,,,,,,,,1,1,,,,,5,0,0,0,5,0,0,,,,,,
Arhelleren,5,231,TT1,232,231 TT1 232,,,C,17,2009,25/08/2009,Presence,KK,,1,,F,,,,1,,,,,,,,,,,,,,,,1,,,,,,,,,,,,,,,,,,,,1,,,,,10,0,0,0,10,0,0,,,,,,
Arhelleren,5,231,TT1,232,231 TT1 232,,,C,18,2009,25/08/2009,Presence,KK,,1,,,,,,,1,,,,,,,,,,,,,,,,,,,,1,,,,,,,,,,,,,,,1,,S,,,5,0,0,0,5,0,0,,,,,,
Arhelleren,5,231,TT1,232,231 TT1 232,,,C,19,2009,25/08/2009,Presence,KK,,1,,1,,,,,,,,,,,,,,,,,,,,,,,,,F,,1,,,,,,,,,,,,,1,,,,,5,0,0,0,5,0,0,,,,,,
Arhelleren,5,231,TT1,232,231 TT1 232,,,C,20,2009,25/08/2009,Presence,KK,,1,,,,,,,F,,,,,,,,,,,,,,,,,,,,1,,1,,,,,,,,,,,,1,1,,,,,5,0,0,0,5,0,0,,,,,,
Arhelleren,5,231,TT1,232,231 TT1 232,,,C,21,2009,25/08/2009,Presence,KK,,1,,1,,1,,,,,,,,,1,,,,,,,,,,,,,,F,,F,,,,,,,,,,,,1,1,,,,,10,0,0,0,10,0,0,,,,,,
Arhelleren,5,231,TT1,232,231 TT1 232,,,C,22,2009,25/08/2009,Presence,KK,,1,,1,,,,,1,,,,,,,,,,,,,,,,,,,,,,1,,,,,,,,,,,,,1,,,,,5,0,0,0,5,0,0,,,,18,5,
Arhelleren,5,231,TT1,232,231 TT1 232,,,C,23,2009,25/08/2009,Presence,KK,,1,,1,,,,1,1,,,,,,,,,,,,,,,,,,,,,,1,,,,,,,,,,,,,1,,S,,,20,0,0,0,20,0,0,,,,25,4,
Arhelleren,5,231,TT1,232,231 TT1 232,,,C,24,2009,25/08/2009,Presence,KK,,1,,1,,,,,1,,,,,,,,,,,,,,,,,,,,,,1,,,,,,,,,,,,,1,,S,,,10,0,0,0,10,0,0,,,,11,4,
Arhelleren,5,231,TT1,232,231 TT1 232,,,C,25,2009,25/08/2009,Presence,KK,,1,,1,,,,,1,,,,,,1,,,,,,,,,,,,,,1,,1,,,,,,,,,,,,,1,,1,,,10,0,0,0,10,0,0,,,,27,3,
Arhelleren,5,231,TT1,232,231 TT1 232,,,C,%,2009,25/08/2009,Cover,KK,,15,,15,,2,3,2,5,,,,,2,2,,,,,,,,3,4,,,,,12,,15,,,,,,,,,,,,2,20,3,3,,,12.2,0,0,0,6.84,0,0,70,12,0,20.25,4,
,,,,,,,,,,,,,,,,,,,,,,,,,,,,,,,,,,,,,,,,,,,,,,,,,,,,,,,,,,,,,,,,,,,,,,,,,,
Arhelleren,5,232,TT3,306,232 TT3 306,,,1,1,2009,25/08/2009,Presence,KK,,1,,1,,,,,,,,,,,,,,,,,,,,,,,,,,,,,,,,,,,,,,,,1,,,,,2,0,0,0,5,0,0,,,,,,
Arhelleren,5,232,TT3,306,232 TT3 306,,,1,2,2009,25/08/2009,Presence,KK,,1,,1,,,1,1,,,,,,,1,,,,,,,,,,,,,,,,,,,,,,,,,,,,,F,,,,,2,0,0,0,20,0,0,,,,,,
Arhelleren,5,232,TT3,306,232 TT3 306,,,1,3,2009,25/08/2009,Presence,KK,,F,,1,,,,,,,,,,,,,,,,,,,,,,,,,,,,,,,,,,,,,,,,1,,,,,2,0,0,0,10,0,0,,,,,,
Arhelleren,5,232,TT3,306,232 TT3 306,,,1,4,2009,25/08/2009,Presence,KK,,1,,,,,,,,,,,,,,,,,,,,,,,,,,,,,,,,,,,,,1,,,,,1,,,,,5,0,0,0,10,0,0,,,,,,
Arhelleren,5,232,TT3,306,232 TT3 306,,,1,5,2009,25/08/2009,Presence,KK,,F,,,,,,,,,,,,,1,,,,,,,,,,,,,,,,,,,,,1,,,,,,,,1,,,,,2,0,0,0,10,0,0,,,,,,
Arhelleren,5,232,TT3,306,232 TT3 306,,,1,6,2009,25/08/2009,Presence,KK,,1,,F,,,1,1,,,,,,,,,,,,,,,,,,,,,1,1,,,,,,,,,,,,,,1,,,,,5,0,0,0,10,0,0,,,,,,
Arhelleren,5,232,TT3,306,232 TT3 306,,,1,7,2009,25/08/2009,Presence,KK,,F,,1,,,,,,,,,,,,,,,,,,,,,,,,,,,,,,,,,,,,,,,,1,,,,,2,0,0,0,10,0,0,,,,,,
Arhelleren,5,232,TT3,306,232 TT3 306,,,1,8,2009,25/08/2009,Presence,KK,1,1,,1,,,,1,,,,,,,1,,,,,,,,,,,,,,,,,,,,,,,,,,,,,1,,,,,2,0,0,0,5,0,0,,,,,,
Arhelleren,5,232,TT3,306,232 TT3 306,,,1,9,2009,25/08/2009,Presence,KK,,1,,1,,,,1,,,,,,,1,,,,,,,,,,,,,,,,,,,,,,,,,,,,,1,,S,,,2,0,0,0,10,0,0,,,,,,
Arhelleren,5,232,TT3,306,232 TT3 306,,,1,10,2009,25/08/2009,Presence,KK,,1,,1,,,,,,,,,,,,,,,,,,,,,,,,,,,,,,,,,,,,,,1,,1,,,,,2,0,0,0,20,0,0,,,,,,
Arhelleren,5,232,TT3,306,232 TT3 306,,,1,11,2009,25/08/2009,Presence,KK,,1,,1,,,,,,,,,,,,,,,,,,,,,,,,,F,,,,,,,,,,,,,,,1,,,,,5,0,0,0,5,0,0,,,,,,
Arhelleren,5,232,TT3,306,232 TT3 306,,,1,12,2009,25/08/2009,Presence,KK,,1,,1,,,,1,,,,,,,,,,,,,,,,,,,,,,,F,,,,,,,,,,,,,F,,,,,5,0,0,0,10,0,0,,,,,,
Arhelleren,5,232,TT3,306,232 TT3 306,,,1,13,2009,25/08/2009,Presence,KK,,1,,1,,,1,,,,,,,,,,,,,,,,,,,,,,1,,,,,,,,,,,,,S,,1,,,,,2,0,0,0,20,0,0,,,,,,
Arhelleren,5,232,TT3,306,232 TT3 306,,,1,14,2009,25/08/2009,Presence,KK,1,1,,1,,,,1,,,,,,,1,,,,,,,,,,,,,,,,,,,,,,,,,,,,,1,,,,,2,0,0,0,10,0,0,,,,,,
Arhelleren,5,232,TT3,306,232 TT3 306,,,1,15,2009,25/08/2009,Presence,KK,,1,,1,,,,,,,,,,,,,,,,,,,,,,,,,,,,,,,,1,,,,,,S,,1,,,,,2,0,0,0,5,0,0,,,,,,
Arhelleren,5,232,TT3,306,232 TT3 306,,,1,16,2009,25/08/2009,Presence,KK,,,,F,,,,,,,,,,1,,,,,,,,,,,,,,,F,,S,,,,,,,,,,,,,1,,,,,2,0,0,0,5,0,0,,,,,,
Arhelleren,5,232,TT3,306,232 TT3 306,,,1,17,2009,25/08/2009,Presence,KK,,F,,1,,,,1,,,,,,,,,,,,,,,,,,,,,F,,,,,,,,,,,,,1,,,,,,,2,0,0,0,5,0,0,,,,,,
Arhelleren,5,232,TT3,306,232 TT3 306,,,1,18,2009,25/08/2009,Presence,KK,,1,,F,,,1,,,,,,,,,,,,,,,,,,,,,,1,,F,,,,,,,,,,,1,,1,,,,,10,0,0,0,2,0,0,,,,,,
Arhelleren,5,232,TT3,306,232 TT3 306,,,1,19,2009,25/08/2009,Presence,KK,,1,,1,,,1,1,,,,,,,,,,,,,,,,,,,,,1,,S,,,,,,,,,,,1,,1,,,,,2,0,0,0,10,0,0,,,,,,
Arhelleren,5,232,TT3,306,232 TT3 306,,,1,20,2009,25/08/2009,Presence,KK,,1,,1,,,,1,,,,,,,1,,,,,,,,,,,,,,1,,,,,,,,,,,,,,,1,,,,,2,0,0,0,5,0,0,,,,,,
Arhelleren,5,232,TT3,306,232 TT3 306,,,1,21,2009,25/08/2009,Presence,KK,,1,,1,,,,,,,,,,,,,,,,,,,,,,,,,F,,,,,,,1,,,,,,1,1,1,,,,,2,0,0,0,10,0,0,,,,,,
Arhelleren,5,232,TT3,306,232 TT3 306,,,1,22,2009,25/08/2009,Presence,KK,,1,,1,,,,,,,1,,,,,,,,,,,,,,,,,,1,,,,,,,,,,,,,1,,,,,,1,5,0,0,0,5,0,0,,,,26,2,
Arhelleren,5,232,TT3,306,232 TT3 306,,,1,23,2009,25/08/2009,Presence,KK,1,1,,1,,,,1,,,1,,,1,,,,,,,,,,,,,,,1,,,,,,,1,,,,,,,,,,,,,5,0,0,0,5,0,0,,,,25,,
Arhelleren,5,232,TT3,306,232 TT3 306,,,1,24,2009,25/08/2009,Presence,KK,,1,,1,,,,1,,,,,,1,,,,,,,,,,,,,,,1,,S,,,,,,,,,,,,,,,,,,10,0,0,0,5,0,0,,,,30,,
Arhelleren,5,232,TT3,306,232 TT3 306,,,1,25,2009,25/08/2009,Presence,KK,,1,,F,,,,,,,,,,,,,,,,,,,,,,,,,1,,S,,,,,,,,,,,,,,,,,,5,0,0,0,10,0,0,,,,24,,
Arhelleren,5,232,TT3,306,232 TT3 306,,,1,%,2009,25/08/2009,Cover,KK,2,20,,20,,,4,2,,,3,,,2,4,,,,,,,,,,,,,,15,1,5,,,,,3,,,1,,,2,1,15,,1,,1,3.48,0,0,0,8.88,0,0,90,4,0,26.25,2,
,,,,,,,,,,,,,,,,,,,,,,,,,,,,,,,,,,,,,,,,,,,,,,,,,,,,,,,,,,,,,,,,,,,,,,,,,,
Arhelleren,5,234,TTC,234,234 TTC,,,3,1,2009,25/08/2009,Presence,KK,1,1,,1,1,,,,,,,,,,,,,,,,,,,,,,,,F,,,,,1,,,,,,,,,F,1,,,,,20,0,0,0,5,0,0,,,,,,
Arhelleren,5,234,TTC,234,234 TTC,,,3,2,2009,25/08/2009,Presence,KK,1,1,,1,,,,1,,,,,,,,,,,,,,,,,,,,,,,F,,,,,,,,,,,,1,1,,,,,20,0,0,0,5,0,0,,,,,,
Arhelleren,5,234,TTC,234,234 TTC,,,3,3,2009,25/08/2009,Presence,KK,1,1,,1,,,F,,,,,,,,1,,,,,,,,,,,,,,,,,,,,,,,,,,,,1,F,,,,,5,0,0,0,20,0,0,,,,,,
Arhelleren,5,234,TTC,234,234 TTC,,,3,4,2009,25/08/2009,Presence,KK,1,1,,1,,,F,,,,,,,,,,,,,,,,,,,,,,,,F,,,,,,,,,,,,,1,,,,,10,0,0,0,10,0,0,,,,,,
Arhelleren,5,234,TTC,234,234 TTC,,,3,5,2009,25/08/2009,Presence,KK,,1,,1,,,,,,,,,,,,,,,,,,,,,,,,,,,,,,,,,,,,,,1,,1,,,,,5,0,0,0,5,0,0,,,,,,
Arhelleren,5,234,TTC,234,234 TTC,,,3,6,2009,25/08/2009,Presence,KK,,1,,1,1,,,,,,,,,,,,,,,,,,,,,,,,,,F,,,1,,,,1,,,,,1,1,,,,,30,0,0,0,5,0,0,,,,,,
Arhelleren,5,234,TTC,234,234 TTC,,,3,7,2009,25/08/2009,Presence,KK,1,,,1,1,,,,,,,,,,,,,,,,,,F,,,,,,,,,,,,,,,,,,,,1,F,,,,,20,0,0,0,5,0,0,,,,,,
Arhelleren,5,234,TTC,234,234 TTC,,,3,8,2009,25/08/2009,Presence,KK,,1,,,1,,,,,,,,,,,,,,,,,,,,,,,,,,,,,1,,,,1,,,,,1,1,,,,,20,0,0,0,10,0,0,,,,,,
Arhelleren,5,234,TTC,234,234 TTC,,,3,9,2009,25/08/2009,Presence,KK,,1,,,1,,,,,,,,,,,,,,,,,,,,,,,,,1,1,,,,,,,,,,,,,1,,,,,20,0,0,0,10,0,0,,,,,,
Arhelleren,5,234,TTC,234,234 TTC,,,3,10,2009,25/08/2009,Presence,KK,,F,,,,,,S,,,,,,,,,,,,,,,,,,,,,1,,F,,,,,,,,,,,,,1,,,,,10,0,0,0,20,0,0,,,,,,
Arhelleren,5,234,TTC,234,234 TTC,,,3,11,2009,25/08/2009,Presence,KK,,1,,1,1,,1,,,,,,,,,,,,,,,,,,,,,,,,F,,,,,,,,,,,1,,,,,,,40,0,0,0,10,0,0,,,,,,
Arhelleren,5,234,TTC,234,234 TTC,,,3,12,2009,25/08/2009,Presence,KK,,1,,,1,,,S,,,,,,,,,,,,,,,,,,,,,,1,,,,,,,,,,,,,,,,,,,50,0,0,0,5,0,0,,,,,,
Arhelleren,5,234,TTC,234,234 TTC,,,3,13,2009,25/08/2009,Presence,KK,,1,,,1,,,1,,,,,,,,,,,,,,,,,,,,,,,F,,,,,,,,,,,,,1,,,,,5,0,0,0,10,0,0,,,,,,
Arhelleren,5,234,TTC,234,234 TTC,,,3,14,2009,25/08/2009,Presence,KK,,1,,,1,,,1,,,,,,,,,,,,,,,,,,,,,,1,F,,,,,,,,,,,1,,1,,,,,10,0,0,0,5,0,0,,,,,,
Arhelleren,5,234,TTC,234,234 TTC,,,3,15,2009,25/08/2009,Presence,KK,,1,,,1,,,1,,,,,,,,,,,,,,,,,,,,,,,,,,,,,,,,,,,,1,,,,,5,0,0,0,20,0,0,,,,,,
Arhelleren,5,234,TTC,234,234 TTC,,,3,16,2009,25/08/2009,Presence,KK,1,1,,,1,,,,,,,,,,,,,,,,,,,,,,,,,,F,,,,,,,,,,,1,,,,,,,80,0,0,0,80,0,0,,,,,,
Arhelleren,5,234,TTC,234,234 TTC,,,3,17,2009,25/08/2009,Presence,KK,,1,,,1,,,S,,,,,,,,,,,,,,,,,,,,,,,F,,,,,,,,,,,1,1,1,,,,,30,0,0,0,30,0,0,,,,,,
Arhelleren,5,234,TTC,234,234 TTC,,,3,18,2009,25/08/2009,Presence,KK,,1,,1,1,,,,,,,,,,,,,,,,,,,,,,,,,,1,,,,,,,,,,,,,,,,,,30,0,0,0,30,0,0,,,,,,
Arhelleren,5,234,TTC,234,234 TTC,,,3,19,2009,25/08/2009,Presence,KK,,1,,F,,,,,,,,,,,,,,,,,,,,,,,,,,,1,,,,,,,,,,,,,1,,,,,20,0,0,0,20,0,0,,,,,,
Arhelleren,5,234,TTC,234,234 TTC,,,3,20,2009,25/08/2009,Presence,KK,1,,,1,,,,,,,,,,,,,,,,,,,,,,,,,,,,,,,,,,,,,,,F,1,,,,,10,0,0,0,10,0,0,,,,,,
Arhelleren,5,234,TTC,234,234 TTC,,,3,21,2009,25/08/2009,Presence,KK,1,1,,,1,,,,,,,,,1,,,,,,,,,,,,1,,,,,1,,,,,,,,,,,,,,,,,,20,0,0,0,20,0,0,,,,,,
Arhelleren,5,234,TTC,234,234 TTC,,,3,22,2009,25/08/2009,Presence,KK,,1,,,1,,,,,,,,,,,,,,,,,,,,,,,,,,1,,,,,,,,,,,,1,1,,,,,5,0,0,0,5,0,0,,,,15,2,
Arhelleren,5,234,TTC,234,234 TTC,,,3,23,2009,25/08/2009,Presence,KK,,1,,1,1,,,,,,,,,,,,,,,,,,,,,,,,,,1,,,,,,,,,,,,,1,,,,,20,0,0,0,20,0,0,,,,13,4,
Arhelleren,5,234,TTC,234,234 TTC,,,3,24,2009,25/08/2009,Presence,KK,,,,1,,,1,,,,,,,,,,,,,,,,,,,,,,,,1,,,,,,,,,,,,1,1,,,,,10,0,0,0,10,0,0,,,,18,5,
Arhelleren,5,234,TTC,234,234 TTC,,,3,25,2009,25/08/2009,Presence,KK,1,F,,1,,,,,,,,,,,,,,,,,,,,,,,,,,,,,,,,,,,,,,,1,1,,,,,10,0,0,0,10,0,0,,,,18,4,
Arhelleren,5,234,TTC,234,234 TTC,,,3,%,2009,25/08/2009,Cover,KK,3,25,,25,10,,4,6,,,,,,1,2,,,,,,,,2,,,2,,,3,2,10,,,5,,,,2,,,,2,4,12,,,,,20.2,0,0,0,15.2,0,0,80,20,0,16,3.75,
