OriginSite,OriginBlock,originPlotID,TTtreat,destinationPlotID,turfID,RTtreat ,GRtreat,Old Treat (label),subPlot,year,date,Measure,recorder,Ach mil,Agr cap,Alc sp,Ant odo,Ave fle,Car pil,Cam rot,Car car,Car pal,Cer fon,Dac glo,Dia del,Euph str,Fes ovi,Fes rub,Gal bor,Gal uli,Gal ver ,Ger syl ,Hie pil,Hie vul,Hyp mac,Hypo mac,Kna arv,Leo aut,Leu vul,Lot cor,Luz mul,Luz pil,Lych vis,Nar str,Noc cae,Oma syl,Phle prat,Pim sax,Pla lan,Pla med ,Poa alp,Poa prat,Pot arg ,Pot cra,Pot ere,Pru vul,Rum ac-la,Ran acr,Ran rep,Rum ace,Sed acr,Sil vul,Noc cae,Sol vir,Ste gra,Ste med,Tarax,Tri med,Tri pra,Tri rep,Ver cha,Ver off,Ver ser,Vic cra,Vio pal,Vio riv,Vio tri,Nid rosett,Nid seedling,pleuro,acro,liver,lichen,litter,soil,rock,totalVascular,totalBryophytes,totalLichen,vegetationHeight,mossHeight,comment
Fauske,1,51,TTC,51, 51 TTC  ,,,C,1,2009,10/Aug/2009,Presence,W,1,1,,,,,,,,,,,,,,,,,,,,,,,,,,,,,,,,,,,1,,1,,,,,,,,,1,,,,,,,,1,F,,,,,,,,,1,20,5,0,0,5,0,0,,,,,,
Fauske,1,51,TTC,51, 51 TTC  ,,,C,2,2009,10/Aug/2009,Presence,W,1,1,,,,,,,,,,,,,,,,,,,,,,,,,,,,,,,,,1,,,,1,,,,,,,,,,,1,,1,,,,1,1,,1,F,,,,,,,10,3,0,0,20,0,0,,,,,,
Fauske,1,51,TTC,51, 51 TTC  ,,,C,3,2009,10/Aug/2009,Presence,W,1,1,,,,,,,,,,,,,,,,,,,,,,,,,,,,,,,,,1,,,,,,,,,,,,,1,,,,1,,,,,,,1,,,,,,,,40,0,0,0,10,0,0,,,,,,
Fauske,1,51,TTC,51, 51 TTC  ,,,C,4,2009,10/Aug/2009,Presence,W,1,1,,,,,,,,,,,,,,,,,,,,,,,,,,,,,,,,,,,,,1,,,,,,,,,1,,,,,,1,,1,,,,1,,,,,,1,20,0,0,0,30,0,0,,,,,,
Fauske,1,51,TTC,51, 51 TTC  ,,,C,5,2009,10/Aug/2009,Presence,W,1,1,,,,,,,,,,,,,,,,,,,,,,,,,,,,,,,,,1,,,,1,,,,,,,,,,,,,,,,,1,,,,F,,,,,,,30,0,0,0,10,0,0,,,,,,
Fauske,1,51,TTC,51, 51 TTC  ,,,C,6,2009,10/Aug/2009,Presence,W,1,1,,,,,,,,,,,,,,,,,,,,,,,,,,,,,,,,,F,,,,1,,,,,,,,,,,1,,1,,,,1,1,,1,,,,,,,,30,0,0,0,30,0,0,,,,,,
Fauske,1,51,TTC,51, 51 TTC  ,,,C,7,2009,10/Aug/2009,Presence,W,1,1,,,,,,,,,,,,,,,,,,,,,,,,,,,,,,,,,,,,,,,,,,,,,,1,,,,,,,,,,,1,,,,,,,,20,0,0,0,30,0,0,,,,,,
Fauske,1,51,TTC,51, 51 TTC  ,,,C,8,2009,10/Aug/2009,Presence,W,1,1,,,,,,,,,,,,,,,,,,,,,,,,,,,,,,,,,,,,,1,,,,,,,,,,,,,1,,,,,,,1,,,,,,,,30,0,0,0,10,0,0,,,,,,
Fauske,1,51,TTC,51, 51 TTC  ,,,C,9,2009,10/Aug/2009,Presence,W,1,1,,,,,,,,,,,,,,,,,,,,,,,,,,,,,,,,,1,,,,,,,,,,,,,,,,,,,,,,,,1,1,,,,,,,20,0,0,0,10,0,0,,,,,,
Fauske,1,51,TTC,51, 51 TTC  ,,,C,10,2009,10/Aug/2009,Presence,W,1,1,,,,,,,,,,,,,,,,,,,,,,,,,,,,,,,,,,,,,,,,,,,,,,,,,,1,,,,,,,,1,,,,,,,20,0,0,0,20,0,0,,,,,,
Fauske,1,51,TTC,51, 51 TTC  ,,,C,11,2009,10/Aug/2009,Presence,W,1,1,,,,,,,,,,,,,,,,,,,,,,,,,,,,,,,,,1,,,,1,,,,,,,,,1,,,,,,,,1,1,,1,1,,,,,,,10,0,0,0,30,0,0,,,,,,
Fauske,1,51,TTC,51, 51 TTC  ,,,C,12,2009,10/Aug/2009,Presence,W,,1,,,,,,,,,,,,,,,,1,,,,,,,,,,,,,,,,,,,,,1,,,,,,,,,,,,,,,1,,F,,,1,1,,,,,,,30,0,0,0,10,0,0,,,,,,
Fauske,1,51,TTC,51, 51 TTC  ,,,C,13,2009,10/Aug/2009,Presence,W,,1,,,,,,,,,,,,,,,,1,,,,,,,,,,,,,,,,,,,,,,,,,,,,,,,,,,,,,,,,,1,,,,,,,,35,0,0,0,15,0,0,,,,,,
Fauske,1,51,TTC,51, 51 TTC  ,,,C,14,2009,10/Aug/2009,Presence,W,1,F,,,,,,,,,,,,,,,,1,,,,,,,,,,,,,,,,,,,,,,,,,,,,,,,,,,,,,,,,,1,1,,,,,,1,35,0,0,0,20,0,0,,,,,,
Fauske,1,51,TTC,51, 51 TTC  ,,,C,15,2009,10/Aug/2009,Presence,W,,1,,,,,,,,,,,,,,,,1,,,,,,,,,,,,,,F,,,,,,,1,,,,,,,,,,,,,1,,,,F,,,,1,,,,,,1,60,0,0,0,20,0,0,,,,,,
Fauske,1,51,TTC,51, 51 TTC  ,,,C,16,2009,10/Aug/2009,Presence,W,1,1,,,,,,,,,,,,,,,,,,,,,,,,,,,,,,,,,,,,,1,,,,,,,,,1,,,,,,,,,,,,F,,,,,,,10,0,0,0,40,0,0,,,,,,
Fauske,1,51,TTC,51, 51 TTC  ,,,C,17,2009,10/Aug/2009,Presence,W,,1,,,,,,,,,,1,,,,,,1,,,,,,,,,,,,,,,,,,,,,1,,,,,,Scf,,,1,,1,,,,,,,,,1,1,,,,,,,10,0,0,0,10,0,0,,,,,,
Fauske,1,51,TTC,51, 51 TTC  ,,,C,18,2009,10/Aug/2009,Presence,W,,1,,,,,,,,,,,,,,,,,,,,,,,,,,,,,,,,,,,,,1,,,,,,,,,1,,,,,,,,,,,1,,,,,,,,30,1,0,0,15,0,0,,,,,,
Fauske,1,51,TTC,51, 51 TTC  ,,,C,19,2009,10/Aug/2009,Presence,W,1,1,,,,,,,,,,,,,,,,1,,,,,,,,,,,,,,,,,,,,,,,,,,,,,,,,,,,,,,F,,,,,,,,,,1,35,0,0,0,10,0,0,,,,,,
Fauske,1,51,TTC,51, 51 TTC  ,,,C,20,2009,10/Aug/2009,Presence,W,1,1,,,,,,,,,,,,,,,,1,,,,,,,,,,,,,,,,,,,,,,,,,,,,,,1,,,,,,,,F,,,,,,,,,,,35,0,0,0,10,0,0,,,,,,
Fauske,1,51,TTC,51, 51 TTC  ,,,C,21,2009,10/Aug/2009,Presence,W,1,1,,,,,,,,,,1,,,,,,,,,,,,,,,,,,,,,,,,,,,,,,,,,,,,,,,,F,,,,1,,,,1,,,,,,,0,15,0,0,30,0,0,,,,,,
Fauske,1,51,TTC,51, 51 TTC  ,,,C,22,2009,10/Aug/2009,Presence,W,1,1,,,,,1,,,,,1,,,,,,,,,,,,,,,,,,,,,,,,,,,1,,,,,,S,,,,,1,,1,,,,1,,,,1,,,,,,1,5,0,0,0,30,0,0,,,,10,,
Fauske,1,51,TTC,51, 51 TTC  ,,,C,23,2009,10/Aug/2009,Presence,W,1,1,,,,,,,,,1,F,,,,,,,,,,,,,,,,,,,,,,,,,,,1,,,,,,,,,,,,,1,,,,,,,1,F,,,,,,,5,0,0,0,30,0,0,,,,7,,
Fauske,1,51,TTC,51, 51 TTC  ,,,C,24,2009,10/Aug/2009,Presence,W,1,1,,,,,,,,,,,,,,,,,,,,,,,,,,,,,,,,,,,,,1,,,,,,,,,1,,,,,,,,F,,,,,,,,,,1,15,0,0,0,30,0,0,,,,2,,
Fauske,1,51,TTC,51, 51 TTC  ,,,C,25,2009,10/Aug/2009,Presence,W,1,1,,,,,,,,,,,,,,,,,,,,,,,,,,,,,,,,,,,,,F,,,,,,,,,,,,,,,,,1,,,,,,,,,,1,15,0,0,0,30,0,0,,,,2,,
Fauske,1,51,TTC,51, 51 TTC  ,,,C,%,2009,10/Aug/2009,Cover,W,15,10,,,,,1,,,,1,1,,,,,,2,,,,,,,,,,,,,,1,,,6,,1,,4,,,,,,1,,,2,,1,,1,,2,,15,2,,10,1,,,,,,1,22.8,0.96,0,0,20.2,0,0,80,23,0,5.25,1,
,,,,,,,,,,,,,,,,,,,,,,,,,,,,,,,,,,,,,,,,,,,,,,,,,,,,,,,,,,,,,,,,,,,,,,,,,,,,,,,,,,,,,,,,,,,,
Fauske,1,52,TT3,127,52 TT3 127,,,1,1,2009,10/Aug/2009,Presence,W,1,1,,,,,,,,,,,,,,,,,,,,,,,,,,,,,,F,,,,,,,,,,,,,,,,1,,,,1,,,,F,1,,,,,,,,,1,0,5,0,0,30,0,0,,,,,,
Fauske,1,52,TT3,127,52 TT3 127,,,1,2,2009,10/Aug/2009,Presence,W,1,1,,,,,,,,,,,,,1,,,,,,,,,,,,,,,,,,,,F,,,,,,,,,,S,,,,,,,,,1,,1,,,,,,,,,,,0,10,0,0,5,0,0,,,,,,
Fauske,1,52,TT3,127,52 TT3 127,,,1,3,2009,10/Aug/2009,Presence,W,1,1,,,,,,,,,,,,,1,,,,,,,,,,,,,,,,,,,,F,,,,1,,,,,,,,,,,,,1,,1,,1,,,,,,,,,,,0,5,0,0,20,0,0,,,,,,
Fauske,1,52,TT3,127,52 TT3 127,,,1,4,2009,10/Aug/2009,Presence,W,1,1,,,,,,,,,,,,,1,,,,,,,,,,,,,,,,,,,,1,,,,1,,,,,,,,,,,,,,,1,,1,1,,,1,,,,,,,0,1,0,0,30,0,0,,,,,,
Fauske,1,52,TT3,127,52 TT3 127,,,1,5,2009,10/Aug/2009,Presence,W,D,,,,,,,,,,,,,,1,1,,,,,,,,,,,,,,,,,,,,,,,,,,,,,S,,,1,,,,1,,,,1,1,,,,,,,,,,0,3,0,0,20,0,0,,,,,,
Fauske,1,52,TT3,127,52 TT3 127,,,1,6,2009,10/Aug/2009,Presence,W,1,1,,,,,,,,,,,,,1,,,,,,,,,,,,,,,,,F,,,,,,,1,,,,,,,,,1,,,,,,,,1,,,,,,,,,,1,0,5,0,0,10,0,0,,,,,,
Fauske,1,52,TT3,127,52 TT3 127,,,1,7,2009,10/Aug/2009,Presence,W,1,1,,,,,,,,,,,,,1,,,,,,,,,,,,,,,,,,,,1,,,,1,,,,,,,,,1,,,,,,,,1,,,,,,,,,,,0,25,0,0,5,0,0,,,,,,
Fauske,1,52,TT3,127,52 TT3 127,,,1,8,2009,10/Aug/2009,Presence,W,1,F,,,,,,,,,,,,,1,,,,,,,,,,,,,,,,,,,,,,,,,,,,,,,,,1,,1,,1,,,,1,,,,,,,,,,,0,20,0,0,10,0,0,,,,,,Skafta Rosetten fra frøbanken 1?
Fauske,1,52,TT3,127,52 TT3 127,,,1,9,2009,10/Aug/2009,Presence,W,1,1,,,,,,,,,,,,,1,,,,,,,,,,,,,,,,,,,,,,,,,,,,,,,,,1,,,,1,1,,,F,1,,,F,,,,,,1,0,1,0,0,25,0,0,,,,,,
Fauske,1,52,TT3,127,52 TT3 127,,,1,10,2009,10/Aug/2009,Presence,W,1,1,,,,,,,,,,,,,1,,,,,,,,,,,,,,,,,,,,,,,,1,,,,,,,,,1,,,,,,,,1,,,,1,,,,,,,0,0,0,0,30,0,0,,,,,,
Fauske,1,52,TT3,127,52 TT3 127,,,1,11,2009,10/Aug/2009,Presence,W,D,F,,,,,,,,,,,,,,,,,,,,,,,,,,,,,,F,,,,,,,,S,,,,,,,,F,,,,,,,,1,,,,F,,,,,,1,0,35,0,0,5,0,0,,,,,,
Fauske,1,52,TT3,127,52 TT3 127,,,1,12,2009,10/Aug/2009,Presence,W,1,1,,,,,,,,,,,,,1,,,,,,,,,,,,,,,,,,,,,,,,,,,,,,,,,,,,,,,1,,1,,,,,,,,,,1,0,20,0,0,5,0,0,,,,,,
Fauske,1,52,TT3,127,52 TT3 127,,,1,13,2009,10/Aug/2009,Presence,W,1,1,,,,,,,,,,,,,1,,,,,,,,,,,,,,,,,F,,,,,,,1,,,,,,,,,1,,,,,,1,,,,,,F,,,,,,1,0,30,0,0,3,0,0,,,,,,
Fauske,1,52,TT3,127,52 TT3 127,,,1,14,2009,10/Aug/2009,Presence,W,1,1,,,,,,,,,,,,,1,,,,,,,,,,,,,,,,,F,,,,,,,1,,,,,,S,,,1,,,,1,,,,1,,,,1,,,,,,,0,20,0,0,15,0,0,,,,,,
Fauske,1,52,TT3,127,52 TT3 127,,,1,15,2009,10/Aug/2009,Presence,W,1,,,,,,,,,,,,,,1,,,,,,,,,,,,,,,,,,,,,,,,,,,,,,,,,1,,,,1,,,,1,,,,1,,,,,,1,0,0,0,0,30,0,0,,,,,,
Fauske,1,52,TT3,127,52 TT3 127,,,1,16,2009,10/Aug/2009,Presence,W,1,1,,,,,,,,,,,,,,,,,,,,,,,,,,,,,,,,,,,,,1,1,,,,,,,,,,,,,,,,1,,,,1,,,,,,,30,0,0,0,5,0,0,,,,,,
Fauske,1,52,TT3,127,52 TT3 127,,,1,17,2009,10/Aug/2009,Presence,W,D,1,,,,,,,,,,,,,1,,,,,,,,,,,,,,,,,,,,,,,,,S,,,,,,,,,,,,,,,,1,,,,,,,,,,1,30,0,0,0,30,0,0,,,,,,
Fauske,1,52,TT3,127,52 TT3 127,,,1,18,2009,10/Aug/2009,Presence,W,1,1,,,,,,,,,,,,,,,,,,,,,,,,,,,,,,,,,,,,,1,,,,,,,,,1,,,,1,,,,1,,,,F,,,,,,1,20,0,0,0,30,0,0,,,,,,
Fauske,1,52,TT3,127,52 TT3 127,,,1,19,2009,10/Aug/2009,Presence,W,1,,,,,,,,,,,,,,1,,,,,,,,,,,,,,,,,,,,,,,,,,,,,,,,,1,,,,,,,,F,,,,S,,,,,,1,0,10,0,0,30,0,0,,,,,,
Fauske,1,52,TT3,127,52 TT3 127,,,1,20,2009,10/Aug/2009,Presence,W,1,,,,,,,,,,,,,,1,,,,,,,,,,,,,,,,,,,,,,,,1,,,,,,,,,1,,,,,1,,,1,,,,,,,,,,1,0,10,0,0,30,0,0,,,,,,
Fauske,1,52,TT3,127,52 TT3 127,,,1,21,2009,10/Aug/2009,Presence,W,1,1,,,,,,,,,,,,,1,,,,,,,,,,,,,,,,,F,,,,,,,1,1,,,,,,,,,,,,1,,,,F,,,,1,,,,,,1,20,10,0,0,10,0,0,,,,,,
Fauske,1,52,TT3,127,52 TT3 127,,,1,22,2009,10/Aug/2009,Presence,W,1,1,,,,,,,,,,,,,1,,,,,,,,,,,,,,,,,F,,,,,,,,,,,,,,,,,,,,,1,,,F,,,,1,,,,,,1,15,15,0,0,30,0,0,,,,11,,
Fauske,1,52,TT3,127,52 TT3 127,,,1,23,2009,10/Aug/2009,Presence,W,1,1,,,,,,,,,,,,,,,,,,,,,,,,,,,,,,,,,,,,,,,,,,,,,,1,,,,1,1,,,D,,,,,,,,,,,5,5,0,0,40,0,0,,,,12,,
Fauske,1,52,TT3,127,52 TT3 127,,,1,24,2009,10/Aug/2009,Presence,W,1,1,,,,,,,,,,,,,,,,,,,,,,,,,,,,,,,,,,,,,1,,,,,,S,,,1,,,,,,1,,D,,,,1,,,,,,,5,0,0,0,30,0,0,,,,9,,
Fauske,1,52,TT3,127,52 TT3 127,,,1,25,2009,10/Aug/2009,Presence,W,1,1,,,,,,,,,,,,,1,,,,,,,,,,,,,,,,,,,,,,,,1,,,,,,,,1,1,,,,,,1,,1,,,,,,,,,,,10,5,0,0,30,0,0,,,,12,,
Fauske,1,52,TT3,127,52 TT3 127,,,1,%,2009,10/Aug/2009,Cover,W,30,6,,,,,,,,,,,,,3,1,,,,,,,,,,,,,,,,2,,,2,,,,2,1,,,,,1,,1,2,,1,,2,1,2,,20,2,,,2,,,,,,1,5.4,9.4,0,0,20.32,0,0,80,15,0,11,,
,,,,,,,,,,,,,,,,,,,,,,,,,,,,,,,,,,,,,,,,,,,,,,,,,,,,,,,,,,,,,,,,,,,,,,,,,,,,,,,,,,,,,,,,,,,,
Fauske,1,53,TT1,52,53 TT1 52,,,2,1,2009,10/Aug/2009,Presence,W,1,1,D,,,,1,,,,,,,,,,,,,,,,,,,,,,,,,,,,,,,,,,,,,,,,,1,,1,,,,,,,,,,,,,,,,,0,0,0,0,30,0,0,,,,,,
Fauske,1,53,TT1,52,53 TT1 52,,,2,2,2009,10/Aug/2009,Presence,W,1,1,F,,,,,,,,,,,,,,,,,,,,,,,,,,,,,,,,1,,,,,,,,,,,,,1,,,,,,1,,,,,,,,,,,,,0,5,0,0,20,0,0,,,,,,
Fauske,1,53,TT1,52,53 TT1 52,,,2,3,2009,10/Aug/2009,Presence,W,1,1,DF,,,,,,,,,,,,,,,,,,,,,,,,,,,,,,,,,,,,,,,,,,,,,1,,1,,,,,,1,,,,,,,,,,,0,10,0,0,20,0,0,,,,,,
Fauske,1,53,TT1,52,53 TT1 52,,,2,4,2009,10/Aug/2009,Presence,W,1,1,D,,,,,,,,,,,,1,,,,,,,,,,,,,,,,,,,,,,,,,,,,,,,,,1,,,,,,,,,,,,,,,,,,,0,5,0,0,20,0,0,,,,,,
Fauske,1,53,TT1,52,53 TT1 52,,,2,5,2009,10/Aug/2009,Presence,W,1,,,,,,1,,,,,1,,,,,,,,,,,,,,,,,,,,,,,,,,,,,,,,,,,1,1,,,,1,,,,1,,1,,,,,,,,,0,5,0,0,20,0,0,,,,,,
Fauske,1,53,TT1,52,53 TT1 52,,,2,6,2009,10/Aug/2009,Presence,W,1,1,D,,,,1,,,,,1,,,,,,,,,,,,,,,,,,,,,,,,,,,1,,,,,,,,,1,,,,,,1,,,,,,,,,,,,,0,10,0,0,10,0,0,,,,,,
Fauske,1,53,TT1,52,53 TT1 52,,,2,7,2009,10/Aug/2009,Presence,W,1,1,,,,,,,,,,1,,,,,,,,,,,,,,,,,,,,,,,1,,,,,,,,,,,,,1,,1,,,,,,,,,,,,,,,,,0,60,0,0,10,0,0,,,,,,
Fauske,1,53,TT1,52,53 TT1 52,,,2,8,2009,10/Aug/2009,Presence,W,1,1,,,,,,,,,,,,,,,,,,,,,,,,,,,,,,,,,,,,,1,,,,,,,,,1,,,,F,,,,1,,,,F,,,,,,,0,50,0,0,5,0,0,,,,,,
Fauske,1,53,TT1,52,53 TT1 52,,,2,9,2009,10/Aug/2009,Presence,W,1,1,1,,,,,,,,,,,,,,,,,,,,,,,,,,,,,,,,,,,,,,,,,,,,,,,,,1,,,,,,,,1,,,,,,,0,10,0,0,10,0,0,,,,,,
Fauske,1,53,TT1,52,53 TT1 52,,,2,10,2009,10/Aug/2009,Presence,W,1,,,,,,1,,,,,1,,,1,,,,,,,,,,,,,,,,,,,,1,,,,1,,,,,,,,,1,,,,,,,,,1,,,,,,,,,,0,5,0,0,5,0,0,,,,,,
Fauske,1,53,TT1,52,53 TT1 52,,,2,11,2009,10/Aug/2009,Presence,W,1,1,,,,,,,,,,1,,,,,,,,,,,,,,,,,,,,,,,,,,,1,1,,,,,,,,1,,,,,,,,,,,,,,,,,,1,0,1,0,0,30,0,0,,,,,,
Fauske,1,53,TT1,52,53 TT1 52,,,2,12,2009,10/Aug/2009,Presence,W,1,1,,,,,,,,,,1,,,,,,,,,,,,,,,,,,,,,,,,,,,,1,,,,,,,,1,,,,,,,,,,,,F,,,,,,1,0,5,0,0,30,0,0,,,,,,
Fauske,1,53,TT1,52,53 TT1 52,,,2,13,2009,10/Aug/2009,Presence,W,1,1,,,,,,,,,,1,,,,,,,,,,,,,,,,,,,,,,,,,,,,,,,,,,,,1,,,,,,,,,,,,,,,,,,,0,30,0,0,5,0,0,,,,,,
Fauske,1,53,TT1,52,53 TT1 52,,,2,14,2009,10/Aug/2009,Presence,W,1,1,,,,,,,,,,F,,,,,,,,,,,,,,,,,,,,,,,1,,,,,,,,,,,,,1,,,,,,,,1,,,,1,,,,,,,0,10,0,0,10,0,0,,,,,,
Fauske,1,53,TT1,52,53 TT1 52,,,2,15,2009,10/Aug/2009,Presence,W,1,1,,,,,1,,,,,F,,,,,,,,,,,,,,,,,,,,,,,F,,,,,,,,,,,,,,,,,,,,,1,,,,,,,,,,,0,30,0,0,5,0,0,,,,,,
Fauske,1,53,TT1,52,53 TT1 52,,,2,16,2009,10/Aug/2009,Presence,W,1,F,,,,,1,,,,,1,,,,,,,,,,,,,,,,,,,,,,,,,,,,,,,,,,,,1,,,,1,,,,1,1,,,,,,,,,1,0,3,0,0,25,0,0,,,,,,
Fauske,1,53,TT1,52,53 TT1 52,,,2,17,2009,10/Aug/2009,Presence,W,1,F,,,,,1,,,,,F,,,,,,,,,,,,,,,,,,,,,,,,,,,,,,,,,,,,1,,,,,,,,,1,,,1,,,,,,,0,15,0,0,10,0,0,,,,,,
Fauske,1,53,TT1,52,53 TT1 52,,,2,18,2009,10/Aug/2009,Presence,W,1,1,,,,,,,,,,,,,,,,,,,,,,,,,,,,,,,,,,,,,,,,,,,,,,1,,,,,,,,1,,,,,,,,,,,5,5,0,0,10,0,0,,,,,,
Fauske,1,53,TT1,52,53 TT1 52,,,2,19,2009,10/Aug/2009,Presence,W,D,,,,,,,,,,,F,,,,,,,,,,,,,,,,,,,,,,,1,,,,1,1,,,,,,,,1,,,,,,1,,,,,,,,,,,,,15,15,0,0,20,0,0,,,,,,
Fauske,1,53,TT1,52,53 TT1 52,,,2,20,2009,10/Aug/2009,Presence,W,1,1,,,,,1,,,,,,,,,,,,,,,,,,,,,,,,,1,,,,,,,,1,,,,,,,,,,,,,,,,,,,,,,,,,,,40,20,0,0,5,0,0,,,,,,
Fauske,1,53,TT1,52,53 TT1 52,,,2,21,2009,10/Aug/2009,Presence,W,1,1,1,,,,,,,,,,,,,,,,,,,,,,,,,,,,,,,,,,,,,1,,,,,,,,1,,,,1,,,,,1,,,F,,,,,,1,0,0,0,0,30,0,0,,,,,,
Fauske,1,53,TT1,52,53 TT1 52,,,2,22,2009,10/Aug/2009,Presence,W,1,F,,,,,1,,,,,F,,,,,,,,,,,,,,,,,,,,,,,1,,,,,,,,,,,,,,,,,1,,,,,,,,1,,,,,,,40,30,0,0,10,0,0,,,,9,,
Fauske,1,53,TT1,52,53 TT1 52,,,2,23,2009,10/Aug/2009,Presence,W,1,,,,,,1,,,,,1,,,,,,,,,,,,,,,,,,,,1,,,,,,,1,,,,,,,,,,,,,,1,1,,1,,,,,,,,,,1,10,1,0,0,30,0,0,,,,9,,
Fauske,1,53,TT1,52,53 TT1 52,,,2,24,2009,10/Aug/2009,Presence,W,1,1,,,,,1,,,,,1,,,1,,,,,,,,,,,,,,,,,,,,F,,,,1,,,,,,,,,,,,,,,1,,,,,,,,,,,,,40,5,0,0,20,0,0,,,,8,,
Fauske,1,53,TT1,52,53 TT1 52,,,2,25,2009,10/Aug/2009,Presence,W,1,,,,,,1,,,,,,,,1,,,,,,,,,,,,,,,,,,,,1,,,,,,,,,,,,1,,,1,,,,,,,,,,,,,,,,,35,0,0,0,10,0,0,,,,11,,
Fauske,1,53,TT1,52,53 TT1 52,,,2,%,2009,10/Aug/2009,Cover,W,20,16,12,,,,2,,,,,3,,,1,,,,,,,,,,,,,,,,,1,,,4,,,,1,2,,,,,,,1,5,,1,,1,1,2,,3,1,1,,2,,,,,,1,7.4,13.2,0,0,16,0,0,65,20,0,9.25,1,
,,,,,,,,,,,,,,,,,,,,,,,,,,,,,,,,,,,,,,,,,,,,,,,,,,,,,,,,,,,,,,,,,,,,,,,,,,,,,,,,,,,,,,,,,,,,
Fauske,2,56,TT3,131,56 TT3 131,,,C,1,2009,10/Aug/2009,Presence,KK,1,1,1,,,,,,,,,1,,,,,,,,,,,,1,,,,,,,,,,,,,,,,,,,,,,,,,,,,,,,,1,,,,,,,,,,,0,20,0,0,5,0,0,,,,,,
Fauske,2,56,TT3,131,56 TT3 131,,,C,2,2009,10/Aug/2009,Presence,KK,1,1,1,,,,,,,,,,,,,,,,,,,,,1,,,,,,,,,,,,,,,,,,,,,,,S,,,1,,,,,,1,,,1,,,,,,,1,0,5,0,0,20,0,0,,,,,,
Fauske,2,56,TT3,131,56 TT3 131,,,C,3,2009,10/Aug/2009,Presence,KK,1,1,D,,,,,,,,,1,,,1,,,,,,,,,,,,,,,,,,,,,,,,,,,,,,,,,,,,,,,,,1,,,1,,,,,,,,0,5,0,0,10,0,0,,,,,,
Fauske,2,56,TT3,131,56 TT3 131,,,C,4,2009,10/Aug/2009,Presence,KK,1,1,1,,,,,,,,,,,,1,,,,,,,,,,,,,,,,,,,,1,,,,,,,,,,,,,,,,,,,,,,,,F,,,,,,,,16,0,0,0,10,0,0,,,,,,
Fauske,2,56,TT3,131,56 TT3 131,,,C,5,2009,10/Aug/2009,Presence,KK,1,1,,,,,,,,,,,,,1,,,,,,,,,,,F,,,,,,,,,,,,,,,,,,,,,,,,1,,,,,,1,,,,,,,,,,,0,10,0,0,5,0,0,,,,,,
Fauske,2,56,TT3,131,56 TT3 131,,,C,6,2009,10/Aug/2009,Presence,KK,1,1,,,,,,,,,,,,,,,,,,,,,,,,1,,,,,,,,,,,D,,,,,,,,,,,,,1,,,,,,1,,,,,,,,,,,0,20,0,0,5,0,0,,,,,,
Fauske,2,56,TT3,131,56 TT3 131,,,C,7,2009,10/Aug/2009,Presence,KK,1,1,,,,,,,,,,1,,,1,,,1,,,,,,,,,,,,,,,,,,,,,,,,,,,,,,,,,,,1,,,1,,,,,,,,,,,5,5,0,0,20,0,0,,,,,,
Fauske,2,56,TT3,131,56 TT3 131,,,C,8,2009,10/Aug/2009,Presence,KK,1,1,,,,,,,,,,F,,,1,,,,,,,,,,,,,,,,,,,,,,,,1,,,,,1,,,,,,1,,1,,,,1,,,1,,,,,,,,10,5,0,0,20,0,0,,,,,,
Fauske,2,56,TT3,131,56 TT3 131,,,C,9,2009,10/Aug/2009,Presence,KK,1,1,,,,,,,,,,F,,,1,,,,,,,,,,,,,,,,,,,,,,,,,,,,,,,,,,,,,,,,,1,,,F,1,,,,,,,0,5,0,0,20,0,0,,,,,,
Fauske,2,56,TT3,131,56 TT3 131,,,C,10,2009,10/Aug/2009,Presence,KK,1,1,,,,,,,,,,,,,1,,,,,,,,,,,1,,,,,,,,,,,,,,,,,,1,,,,,,,,,,,,1,,,1,1,,,,,,,0,10,0,0,30,0,0,,,,,,
Fauske,2,56,TT3,131,56 TT3 131,,,C,11,2009,10/Aug/2009,Presence,KK,1,F,,,,,,,,,,,,,1,,,,,,,,,,,1,,,,,,,,,,,1,,1,,,,,1,,,,,,,,,,,,1,,,,,,,,,,,0,2,0,0,20,0,0,,,,,,
Fauske,2,56,TT3,131,56 TT3 131,,,C,12,2009,10/Aug/2009,Presence,KK,1,1,,,,,,,,,,,,,1,,,,,,,,,,,,,,,,,,,,1,,,,,,,,,,,,,,,,,,,,,1,,,F,,,,,,,1,10,30,0,0,5,0,0,,,,,,
Fauske,2,56,TT3,131,56 TT3 131,,,C,13,2009,10/Aug/2009,Presence,KK,1,1,,,,,,,,,,F,,,1,,,,,,,,,,,,,,,,,,,,,,,,1,,,,,,,,,,,,,,,,,,,,1,,,,,,,1,0,5,0,0,40,0,0,,,,,,
Fauske,2,56,TT3,131,56 TT3 131,,,C,14,2009,10/Aug/2009,Presence,KK,1,1,,,,,,,,,,1,,,1,,,F,,,,,,,,,,,,,,,,,,,,,1,,,,,1,,,,,,,,,,,,1,,,,,,,,,,,0,5,0,0,40,0,0,,,,,,
Fauske,2,56,TT3,131,56 TT3 131,,,C,15,2009,10/Aug/2009,Presence,KK,1,1,,,,,,,,,,1,,,1,,,,,,,,,,,,,,,,,,,,,,,,1,,,,,,,,,,,1,,,1,,,,,,1,,,,,,,1,0,5,0,0,60,0,0,,,,,,
Fauske,2,56,TT3,131,56 TT3 131,,,C,16,2009,10/Aug/2009,Presence,KK,1,1,1,,,,,,,,,,,,,,,,,,,,,,,,,,,,,,,,,,D,,1,,,,,,,,,,,,,,,,,1,,,F,,,,,,,,0,10,0,0,5,0,0,,,,,,
Fauske,2,56,TT3,131,56 TT3 131,,,C,17,2009,10/Aug/2009,Presence,KK,1,1,,,,,,,,,,,,,,,,,,,,,,,,,,,,,,,,,1,,1,,,,,,,,,,,,,,,,,,,,,,1,,,,,,,,0,40,0,0,10,0,0,,,,,,
Fauske,2,56,TT3,131,56 TT3 131,,,C,18,2009,10/Aug/2009,Presence,KK,1,1,1,,,,,,,,,,,,,,,1,,,,,,,,,,,,,,,,,1,,,,,,,,,,,,,,,,,,,,,,,,,,,,,,,,0,20,0,0,10,0,0,,,,,,
Fauske,2,56,TT3,131,56 TT3 131,,,C,19,2009,10/Aug/2009,Presence,KK,1,1,,,,,,,,,,,,,,,,F,,,,,,,,,,,,,,,,,,,,,1,,,,,1,,,,,,,,,1,,,,,,1,1,,,,,,,2,2,0,0,30,0,0,,,,,,
Fauske,2,56,TT3,131,56 TT3 131,,,C,20,2009,10/Aug/2009,Presence,KK,1,1,,,,,,,,,,,,,,,,,,,,,,,,,,,,,,,,,,,,,,,,,,,,,,,,,,F,,,,1,,,1,,,,,,,,0,2,0,0,70,0,0,,,,,,
Fauske,2,56,TT3,131,56 TT3 131,,,C,21,2009,10/Aug/2009,Presence,KK,1,1,,,,,,,,,,,,,,,,,,,,,,,,,,,,,,,,,,,DF,,,,,,,,,,,,,,,,,,,,,,,,,,,,,,2,2,0,0,2,0,0,,,,,,
Fauske,2,56,TT3,131,56 TT3 131,,,C,22,2009,10/Aug/2009,Presence,KK,1,1,,,,,,,,,,,,,,,,,,,,,,,,,,,,,,,,,,,1,,1,,,,,,,,,,,1,,,,,,1,,,1,,,,,,,1,20,0,0,0,20,0,0,,,,6,1,
Fauske,2,56,TT3,131,56 TT3 131,,,C,23,2009,10/Aug/2009,Presence,KK,1,1,1,,,,,,,,,,,,,,,,,,,,,,,,,,,,,,,,,,,,,,,,,,,,,,,1,,,,,,1,,,,,,,,,,,0,0,0,0,2,0,0,,,,8,1,
Fauske,2,56,TT3,131,56 TT3 131,,,C,24,2009,10/Aug/2009,Presence,KK,1,1,1,,,,,,,,,,,,,,,,,,,,,,,,,,,,,,,,,,,,,,,,,,,,1,,,1,,,1,,,1,,,,,,,,,,,0,0,0,0,5,0,0,,,,7,1,
Fauske,2,56,TT3,131,56 TT3 131,,,C,25,2009,10/Aug/2009,Presence,KK,,1,,,,,,,,,,,,,,,,,,,,,,,,,,,,,,,,,,,,,,,,,,,,,,,,,,,1,,,,,,1,,,,,,,1,0,0,0,0,20,0,0,,,,5,1,
Fauske,2,56,TT3,131,56 TT3 131,,,C,%,2009,10/Aug/2009,Cover,KK,20,15,25,,,,,,,,,5,,,5,,,5,,,,,,5,,2,,,,,,,,,5,,20,,2,,,,,5,,,2,,,7,,2,2,,,5,,,20,2,,,,,,2,2.6,8.32,0,0,19.36,0,0,80,10,0,6.5,1,
,,,,,,,,,,,,,,,,,,,,,,,,,,,,,,,,,,,,,,,,,,,,,,,,,,,,,,,,,,,,,,,,,,,,,,,,,,,,,,,,,,,,,,,,,,,,
Fauske,2,57,TTC,57,57 TTC,,,1,1,2009,10/Aug/2009,Presence,KK,1,1,1,,,,,,,,,1,,,,,,,,,,,,,,,,,,,,,,,,,,,1,,,,,,,,1,,,1,,1,,,,1,,,,,,,,,,1,0,1,0,0,5,0,0,,,,,,
Fauske,2,57,TTC,57,57 TTC,,,1,2,2009,10/Aug/2009,Presence,KK,1,1,,,,,,,,,,1,,,,,,,,,,,,,,,,,,,,,,,,,,,1,,,,,,,,,,,,,,,,,1,,,,,,,,,,,5,0,0,0,20,0,0,,,,,,
Fauske,2,57,TTC,57,57 TTC,,,1,3,2009,10/Aug/2009,Presence,KK,1,1,,,,,,,,,,1,,,,,,,,,,,,,,,,,,,,,,,,,,,1,,,,,,,,,,,1,,,,1,,,,,,,,,,,,1,5,2,0,0,10,0,0,,,,,,
Fauske,2,57,TTC,57,57 TTC,,,1,4,2009,10/Aug/2009,Presence,KK,1,1,,,,,,,,,,,,,,,,1,,,,,,,,,,,,,,,,,,,,,,,,,,1,,,,,,,,,,1,,1,,,,1,,,,,,1,0,5,0,0,20,0,0,,,,,,
Fauske,2,57,TTC,57,57 TTC,,,1,5,2009,10/Aug/2009,Presence,KK,1,1,,,,,,,,,,,,,,,,,,,,,,,,,,,,,,F,,,,,,,,,,,,,,,,,,1,,,1,,,1,,,,1,,,,,,,20,0,0,0,5,0,0,,,,,,
Fauske,2,57,TTC,57,57 TTC,,,1,6,2009,10/Aug/2009,Presence,KK,1,1,1,,,,,,,,,1,,,,,,,,,,,,,,,,,,,,,,,,,,,1,,,,,,,,,,,,,,,,,1,,,,1,,,,,,,5,5,0,0,10,0,0,,,,,,
Fauske,2,57,TTC,57,57 TTC,,,1,7,2009,10/Aug/2009,Presence,KK,1,1,,,,,,,,,,1,,,,,,,,,,,,1,,,,,,,,,,,,,,,,,,,,1,,,,,,,,,,,,,,,,1,,,,,,,10,0,0,0,10,0,0,,,,,,
Fauske,2,57,TTC,57,57 TTC,,,1,8,2009,10/Aug/2009,Presence,KK,1,1,,,,,,,,,,1,,,,,,,,,,,,,,,,,,,,,,,,,,,,,,,,,,,,,,1,,,,,,1,,,,,,,,,,,5,0,0,0,10,0,0,,,,,,
Fauske,2,57,TTC,57,57 TTC,,,1,9,2009,10/Aug/2009,Presence,KK,1,1,,,,,,,,,,1,,,,,,,,,,,,,,,,,,,,,,,,,,,,,,,,,,,,,,  ,,,1,,,1,,,,1,,,,,,,5,10,0,0,5,0,0,,,,,,
Fauske,2,57,TTC,57,57 TTC,,,1,10,2009,10/Aug/2009,Presence,KK,1,,,,,,,,,,,1,,,,,,1,,,,,,,,,,,,,,,,,,,,,,,,,,,,,,,,1,,,,1,,1,,,,,,,,,,,2,10,0,0,10,0,0,,,,,,
Fauske,2,57,TTC,57,57 TTC,,,1,11,2009,10/Aug/2009,Presence,KK,1,1,F,,,,,,,,,,,,,,,1,,,,,,,,,,,,,,,,,,,,,1,,,,,,,,,,, ,,,,,,1,,,,,,,,,,1,1,0,0,0,10,0,0,,,,,,
Fauske,2,57,TTC,57,57 TTC,,,1,12,2009,10/Aug/2009,Presence,KK,1,1,1,,,,,,,,,,,,,,,,,,,,,,,,,,,,,,,,,,,,1,,,,,,,,,,,,,,,,,1,,,,1,,,,,,1,5,0,0,0,10,0,0,,,,,,
Fauske,2,57,TTC,57,57 TTC,,,1,13,2009,10/Aug/2009,Presence,KK,1,1,1,,,,,,,,,,,,,,,,,,,,,,,,,,,,,,,,,,,,1,,,,,,,,,,,,,,,,,1,,,,,,,,,,,10,0,0,0,20,0,0,,,,,,
Fauske,2,57,TTC,57,57 TTC,,,1,14,2009,10/Aug/2009,Presence,KK,1,1,,,,,,,,,,,,,,,,,,,,,,,,,,,,,,,,,,,,,,,,,,,,,,,,1,,,,,,1,,,,,,,,,,,30,0,0,0,5,0,0,,,,,,
Fauske,2,57,TTC,57,57 TTC,,,1,15,2009,10/Aug/2009,Presence,KK,1,1,S,,,,,,,,,1,,,,,,F,,,,,,,,,,,,,,,,,,,,,,,,,,,,,,,,1,,,1,1,,,,,,,,,,,,1,0,0,0,0,10,0,0,,,,,,
Fauske,2,57,TTC,57,57 TTC,,,1,16,2009,10/Aug/2009,Presence,KK,1,1,D,1,,,,,,,,1,,,,,,,,,,,,,,,,,,,,F,,,,,,,,,,,,,,,,,,1,,,,,,1,,,,,,,,,,,0,0,0,0,10,0,0,,,,,,
Fauske,2,57,TTC,57,57 TTC,,,1,17,2009,10/Aug/2009,Presence,KK,1,1,D,,,,,,,,,1,,,,,,,,,,,,,,,,,,,,,,,,,,,1,,,,,,,,,,,1,,,,,,1,,,,,,,,,,,0,0,0,0,20,0,0,,,,,,
Fauske,2,57,TTC,57,57 TTC,,,1,18,2009,10/Aug/2009,Presence,KK,1,1,,,,,,,,,,,,,,,,,,,,,,,,,,,,,,,,,,,,,1,,,,,,,,1,,,1,,1,,,,1,,,,,,,,,,1,0,0,0,0,20,0,0,,,,,,
Fauske,2,57,TTC,57,57 TTC,,,1,19,2009,10/Aug/2009,Presence,KK,1,1,S,,,,,,,,,,,,,,,1,,,,,,,,,,,,,,,,,,,,,,,,,,,,,,,,1,,,,,,1,,,,,,,,,,,2,0,0,0,10,0,0,,,,,,
Fauske,2,57,TTC,57,57 TTC,,,1,20,2009,10/Aug/2009,Presence,KK,1,1,S,,,,,1,,,,,,,,,,1,,,,,,1,,,,,,,,,,,,,F,,,,,,,,,,,,,,,1,,,,1,,,,,,,,,,,0,0,0,0,10,0,0,,,,,,
Fauske,2,57,TTC,57,57 TTC,,,1,21,2009,10/Aug/2009,Presence,KK,1,1,DF,,,,,1,,,,1,,,,,,1,,,,,,,,,,,,,,,,,,,,,,,,,,,,,,,,,,,,,,1,,,,1,,,,,,1,20,0,0,0,5,0,0,,,,,,
Fauske,2,57,TTC,57,57 TTC,,,1,22,2009,10/Aug/2009,Presence,KK,1,1,1,,,,,,,,,,,,,,,,,,,,,,,,,,,,,,,,,,,,1,,,,,,,,,,,,,1,,,,1,,,,,,,,,,,0,0,0,0,10,0,0,,,,8,0.5,
Fauske,2,57,TTC,57,57 TTC,,,1,23,2009,10/Aug/2009,Presence,KK,1,,1,,,,,,,,,1,,,,,,,,,,,,,,,,,,,,,,,,,,,,,,,,,,,1,,,,,,,,,1,,,,1,,,,,,,0,0,0,0,10,0,0,,,,10,,
Fauske,2,57,TTC,57,57 TTC,,,1,24,2009,10/Aug/2009,Presence,KK,1,1,1,,,,,,,,,1,,,,,,1,,,,,,,,,,,,,,,,,,,,,,,,,,,,,,,,1,,,,,,1,,,,,,,,,,,0,0,0,0,5,0,0,,,,9,,
Fauske,2,57,TTC,57,57 TTC,,,1,25,2009,10/Aug/2009,Presence,KK,1,1,,,,,,,,,,1,,,,,,,,,,,,1,,,,,,,,,,,,1,,,,,,,,,,,1,,,,,1,,,,1,,,,,,,,,,,10,0,0,0,20,0,0,,,,9,,
Fauske,2,57,TTC,57,57 TTC,,,1,%,2009,10/Aug/2009,Cover,KK,20,10,25,1,,,,2,,,,8,,,,,,8,,,,,,2,,,,,,,,2,,,,2,5,,5,,,,,2,,,2,,,8,,2,2,5,,15,,,,5,,,,,,1,5.4,1.32,0,0,11.2,0,0,85,6,0,9,0.5,
,,,,,,,,,,,,,,,,,,,,,,,,,,,,,,,,,,,,,,,,,,,,,,,,,,,,,,,,,,,,,,,,,,,,,,,,,,,,,,,,,,,,,,,,,,,,
Fauske,2,58,TT1,56,58 TT1 56,,,2,1,2009,10/Aug/2009,Presence,KK,1,1,1,,,,1,,,,,,,,,,,1,,,,,,,,,,,,,,,,,,,,,1,,,,,,,,,,,1,,,1,,,1,,,,,,,,,,,5,0,0,0,5,0,0,,,,,,
Fauske,2,58,TT1,56,58 TT1 56,,,2,2,2009,10/Aug/2009,Presence,KK,1,1,1,,,,1,,,,,1,,,,,,1,,,,,,,,,,,,,,F,,,,,,,,,,,,,,,,,,1,,,,,,1,,1,,,,,,,,,0,0,0,0,5,0,0,,,,,,
Fauske,2,58,TT1,56,58 TT1 56,,,2,3,2009,10/Aug/2009,Presence,KK,1,1,1,,,,1,1,,,,1,,,,,,,,,,,,,,,,,,,,,,,,,,,,,,,,,,,,,,,,,,,,1,,,,,,,,,,,0,5,0,0,5,0,0,,,,,,
Fauske,2,58,TT1,56,58 TT1 56,,,2,4,2009,10/Aug/2009,Presence,KK,1,1,1,,,,,,,,,1,,,,,,1,,,,,,,,,,,,,,,,,1,,,,1,,,,,,,,1,,,,,,,,,1,,,,,,,,,,,10,0,0,0,10,0,0,,,,,,
Fauske,2,58,TT1,56,58 TT1 56,,,2,5,2009,10/Aug/2009,Presence,KK,1,1,1,,,,,,,,,1,,,,,,,,,,,,,,,,,,,,,,,1,,,,1,,,,,,,,1,,,1,,1,1,,1,1,,,,1,,,,,,,5,0,0,0,10,0,0,,,,,,
Fauske,2,58,TT1,56,58 TT1 56,,,2,6,2009,10/Aug/2009,Presence,KK,1,1,DF,,,,1,,,,,,,,,,,,,,,,,1,,1,,,,,,,,,1,,,,,,,,,,,,,,,,,,1,,,1,,1,,,,,,,,,2,0,0,0,5,0,0,,,,,,
Fauske,2,58,TT1,56,58 TT1 56,,,2,7,2009,10/Aug/2009,Presence,KK,1,1,1,,,,1,,,,,,,,,,,,,1,,,,,,F,,,,,,,,,,,,,,,,,,,,,,,,,,,,,,1,,1,,,,,,,,,30,0,0,0,5,0,0,,,,,,
Fauske,2,58,TT1,56,58 TT1 56,,,2,8,2009,10/Aug/2009,Presence,KK,1,1,1,,,,,,,,,1,,,,,,,,,,,,,,F,,,,,,,,,1,,,,,,,,,,,,,,,1,,,,,,1,,1,,,,,,,,,20,0,0,0,5,0,0,,,,,,
Fauske,2,58,TT1,56,58 TT1 56,,,2,9,2009,10/Aug/2009,Presence,KK,1,1,1,,,,,,,,,1,,,,,,1,,,,,,,,,,,,,,,,,,,,,1,,,,,,,,1,,,,,,,,1,1,,,,,,,,,,,5,0,0,0,10,0,0,,,,,,
Fauske,2,58,TT1,56,58 TT1 56,,,2,10,2009,10/Aug/2009,Presence,KK,1,1,1,,,,,,,,,1,,,,,,,,,,,,,,,,,,,,,,,,,,,1,,,,,,,,1,,,,,,,,,1,,,,,,,,,,,0,0,0,0,10,0,0,,,,,,
Fauske,2,58,TT1,56,58 TT1 56,,,2,11,2009,10/Aug/2009,Presence,KK,,1,1,,,,,,,,,,,,,,,,,,,,,,,F,,,,,,,,,1,,1,,,,,,,,,,,,,,,,,,,1,,,,,,,,,,,2,0,0,0,10,0,0,,,,,,
Fauske,2,58,TT1,56,58 TT1 56,,,2,12,2009,10/Aug/2009,Presence,KK,1,1,1,,,,1,,,,,1,,,,,,,,,,,,,,F,,,,,,,,,,,,,1,,,,,,,,,,,1,,,,,,1,,,,,,,,,,,10,0,0,0,10,0,0,,,,,,
Fauske,2,58,TT1,56,58 TT1 56,,,2,13,2009,10/Aug/2009,Presence,KK,1,1,1,,,,,,,,,1,,,,,,,,,,,,,,F,,,,,,,,,,,,,,,,,,,,,,,,1,,,,,,1,,,,,,,,,,,0,0,0,0,20,0,0,,,,,,
Fauske,2,58,TT1,56,58 TT1 56,,,2,14,2009,10/Aug/2009,Presence,KK,1,1,1,,,,,,,,,1,,,,,,,,,,,,,,,,,,,,,,,1,,,,,,,,,,,,1,,,1,,,,,,1,,1,,,1,,,,,1,2,0,0,0,20,0,0,,,,,,
Fauske,2,58,TT1,56,58 TT1 56,,,2,15,2009,10/Aug/2009,Presence,KK,1,1,1,,,,,,,,,,,,,,,1,,,,,,,,,,,,,,,,,,,,,1,,,,,,,,1,,,,,,,,,1,,1,,,,,,,,,2,0,0,0,20,0,0,,,,,,
Fauske,2,58,TT1,56,58 TT1 56,,,2,16,2009,10/Aug/2009,Presence,KK,1,F,1,,,,,,,,,1,,,,,,,,,,,,,,1,,,,,,,,,,,,,,,,,,,,,,,,1,,,,,,1,,,,,,,,,,,0,0,0,0,20,0,0,,,,,,
Fauske,2,58,TT1,56,58 TT1 56,,,2,17,2009,10/Aug/2009,Presence,KK,1,1,1,,,,,,,,,1,,,,,,,,,,,,,,1,,,,,,,,,1,,,,,,,,,,,,,,,1,,1,,,,1,,,,,,,,,,,5,0,0,0,5,0,0,,,,,,
Fauske,2,58,TT1,56,58 TT1 56,,,2,18,2009,10/Aug/2009,Presence,KK,1,F,1,,,,,,,,,1,,,,,,,,,,,,,,1,,,,,,,,,1,,1,,,,,,,,,,,,,1,,,,,,1,,,,,,,,,,,0,0,0,0,30,0,0,,,,,,
Fauske,2,58,TT1,56,58 TT1 56,,,2,19,2009,10/Aug/2009,Presence,KK,1,1,F,,,,,,,,,1,,,,,,1,,,,,,,,1,,,,,,,,,,,,,1,,,,,,,,,,,,,,,,,1,,,,,,,,,,,5,0,0,0,10,0,0,,,,,,
Fauske,2,58,TT1,56,58 TT1 56,,,2,20,2009,10/Aug/2009,Presence,KK,1,1,1,,,,,,,,,,,,,,,,,,,,,,,,,,,,,,,,,,,,,,,,,,,,1,,,1,,,,,,1,,1,,,,,,,,1,0,0,0,0,20,0,0,,,,,,
Fauske,2,58,TT1,56,58 TT1 56,,,2,21,2009,10/Aug/2009,Presence,KK,1,1,1,,,,,,,,,,,,,,,,,,,,,,,1,,,,,,,,,1,,,,,,,,,,,,,,,1,,,,,,1,,,,,,,,,,,0,0,0,0,30,0,0,,,,,,
Fauske,2,58,TT1,56,58 TT1 56,,,2,22,2009,10/Aug/2009,Presence,KK,1,1,F,,,,1,,,,,1,,,,,,,,1,,,,,,,,,,,,,,,1,,,,,,,,,,,,,,,1,,1,,,,1,,,,,,,,,,,0,0,0,0,10,0,0,,,,12,2,
Fauske,2,58,TT1,56,58 TT1 56,,,2,23,2009,10/Aug/2009,Presence,KK,F,1,1,,,,,,,,,,,,,,,,,1,,,,,,,,,,,,,,,,,1,,,,,,,1,,,,,,1,,,,,,1,,,,,,,,,,1,0,0,0,0,10,0,0,,,,11,1,
Fauske,2,58,TT1,56,58 TT1 56,,,2,24,2009,10/Aug/2009,Presence,KK,,,F,,,,,,,,,1,,,,,,,,,,,,,,,,,,,,,,,,,,,,,,,,,,,,,,1,,,,,,1,,,,,,,,,,,50,0,0,0,5,0,0,,,,13,2,
Fauske,2,58,TT1,56,58 TT1 56,,,2,25,2009,10/Aug/2009,Presence,KK,1,,,,,,,,,,,1,,,,,,1,,,,,,,,1,,,,,,,,,1,,,,,,,,,,,,,,,,,1,,,,1,,1,,,,,,,,,0,0,0,0,0,0,0,,,,13,1,
Fauske,2,58,TT1,56,58 TT1 56,,,2,%,2009,10/Aug/2009,Cover,KK,10,20,25,,,,2,2,,,,5,,,,,,5,,5,,,,2,,5,,,,,,2,,,5,,2,,5,,,,,2,,,5,,,5,,2,2,,3,10,,5,,1,2,,,,,1,6.12,0.2,0,0,11.6,0,0,80,7,0,12.25,1.5,
,,,,,,,,,,,,,,,,,,,,,,,,,,,,,,,,,,,,,,,,,,,,,,,,,,,,,,,,,,,,,,,,,,,,,,,,,,,,,,,,,,,,,,,,,,,,
Fauske,3,61,TTC,61,61 TTC,,,C,1,2009,10/Aug/2009,Presence,KK,1,,1,,,,,,,,,,,,,,,,,,,,,,,,,,,,,,,,,,1,,,,,,,,,,,,,1,,,,,1,1,,,,,,,,,,,0,0,0,0,40,0,0,,,,,,
Fauske,3,61,TTC,61,61 TTC,,,C,2,2009,10/Aug/2009,Presence,KK,1,1,1,,,,,,,,,,,,,,,,,,,,1,,,1,,,,,,,,,,,,,,,,,,,,,,,,,,,,,,,,,1,,,,,,,1,0,2,0,0,5,10,0,,,,,,
Fauske,3,61,TTC,61,61 TTC,,,C,3,2009,10/Aug/2009,Presence,KK,,,F,,,,,,,,,,,1,,,,,,,,,,,,,,,,,,,,,,,,,,,,,,,,,,,,1,,,,,,1,,,1,,,,,,,1,2,2,0,0,10,0,0,,,,,,
Fauske,3,61,TTC,61,61 TTC,,,C,4,2009,10/Aug/2009,Presence,KK,,1,1,,,,,,,,,,,D,,,,,,,,,,,,1,,,,,,,,,,,,,,,,,,,,,,,,,,,,,,,,,,,,,,,,,0,0,0,0,10,0,0,,,,,,
Fauske,3,61,TTC,61,61 TTC,,,C,5,2009,10/Aug/2009,Presence,KK,,1,1,,,,,,,,,,,1,,,,,,,,,,,,1,,,,,,,,,,,,,,,,,,,,,,,,,,,,,,,,,,,,,,,,,0,0,0,0,10,0,0,,,,,,
Fauske,3,61,TTC,61,61 TTC,,,C,6,2009,10/Aug/2009,Presence,KK,1,,1,,,,,,,,,,,1,,,,,,,,,,1,,1,,,,,,,,,,,1,,,,,,,,,,,,,1,,,,,F,1,,,,,,,,,,,0,0,0,0,20,0,0,,,,,,
Fauske,3,61,TTC,61,61 TTC,,,C,7,2009,10/Aug/2009,Presence,KK,1,1,1,,,,,,,,,,,,,,,,,,,,,,,1,,,,,,,,,,,1,,,,,,,,,,,,,1,,,,,,S,,,F,,,,,,,,0,0,0,0,5,10,0,,,,,,
Fauske,3,61,TTC,61,61 TTC,,,C,8,2009,10/Aug/2009,Presence,KK,,1,1,,,,S,,,,,,,,,,,,,,,,,,,,,,,,,,,,,,,,,,,,,,,,,,,,,,,,,,,,F,,,,,,,,0,0,0,0,30,0,0,,,,,,
Fauske,3,61,TTC,61,61 TTC,,,C,9,2009,10/Aug/2009,Presence,KK,,1,F,,,,,,,,,,,1,,,,,,,,,,,,,,,,,,,,,,,,,,,,,,,,,,,,,,,,,,1,,,F,,,,,,,,0,0,0,0,10,0,0,,,,,,
Fauske,3,61,TTC,61,61 TTC,,,C,10,2009,10/Aug/2009,Presence,KK,,1,D,,,,,,,,,,,1,,,,,,,,,,,,1,,,,,,,,,,,,,,,,,,,,,,,,,,,,,,,,,1,,,,,,,1,0,0,0,0,2,0,0,,,,,,
Fauske,3,61,TTC,61,61 TTC,,,C,11,2009,10/Aug/2009,Presence,KK,1,1,1,,,,,,,,,,,,,,,1,,,,,,,,,,,,,,,,,1,,1,,,,,,,,,,,,,1,,1,,,,,,,,,,,1,,,,0,0,0,0,10,0,0,,,,,,
Fauske,3,61,TTC,61,61 TTC,,,C,12,2009,10/Aug/2009,Presence,KK,1,1,1,1,,,,,,,,,,,,,,1,,,,,,,,,,,,,,,,,1,,,,,,,,,,,,,,,,,,,,,,,,1,,,,,,,1,0,0,0,0,30,0,0,,,,,,
Fauske,3,61,TTC,61,61 TTC,,,C,13,2009,10/Aug/2009,Presence,KK,1,1,1,,,,,,,,,,,,,,,F,,,,,,,,,,,,,,,,,,,,,,,,,,,,,,,1,,,,,,,1,,,1,,,,,,,,0,0,0,0,40,0,0,,,,,,
Fauske,3,61,TTC,61,61 TTC,,,C,14,2009,10/Aug/2009,Presence,KK,1,1,1,,,,,,,,,,,,,,,1,,,,,,,,,,,,,,,,,,,,,,,,,,,,,,,,1,,,,,,1,,,1,,,,,,,1,0,0,0,0,30,0,0,,,,,,
Fauske,3,61,TTC,61,61 TTC,,,C,15,2009,10/Aug/2009,Presence,KK,1,1,1,,,,,,,,,1,,,,,,,,,,,,,,,,,,,,,,,,,,,,,,,,,,,,,,1,,,,,,,,,1,,,,,,,,0,0,0,0,40,0,0,,,,,,
Fauske,3,61,TTC,61,61 TTC,,,C,16,2009,10/Aug/2009,Presence,KK,1,,,,,,,,,,,,,,,,,1,,,,,,1,,1,,,,,,,,,,,D,,,,,,,,,,,,,,,,,,,,,,1,,,,,,,1,0,0,0,0,10,0,0,,,,,,
Fauske,3,61,TTC,61,61 TTC,,,C,17,2009,10/Aug/2009,Presence,KK,1,1,1,,,,,,,,,,,,,,,1,,,,,,,,,,,,,,,,,,,1,,,,,,,,,,,,,,,,,,,,,,1,,,,,,,1,0,0,0,0,20,0,0,,,,,,
Fauske,3,61,TTC,61,61 TTC,,,C,18,2009,10/Aug/2009,Presence,KK,1,1,1,,,,,,,,,,,,,,,1,,,,,,,,,,,,,,,,,,,,,,,,,,,,,,,,1,,,,,1,,,,1,,,,,,, ,0,0,0,0,40,0,0,,,,,,
Fauske,3,61,TTC,61,61 TTC,,,C,19,2009,10/Aug/2009,Presence,KK,1,1,1,,,,,,,,,,,,,,,,,,,,,,,,,,,,,,,,,,,,,,,,,,,,,,,,,,,,,1,,,1,,,,,,,1,0,0,0,0,30,0,0,,,,,,
Fauske,3,61,TTC,61,61 TTC,,,C,20,2009,10/Aug/2009,Presence,KK,1,1,1,,,,,,,,,1,,,,,,,,,,,,,,,,,,,,,,,,,,,,,,,,,,,,,,1,,,,,,,,,D,,,,,,,,0,0,0,0,20,0,0,,,,,,
Fauske,3,61,TTC,61,61 TTC,,,C,21,2009,10/Aug/2009,Presence,KK,1,1,1,,,,F,,,,,,,,,,,,,,,,,,,,,,,,,,,,,,1,,,,,,,,,,,,,,,,,,,,,,1,,,,,,,1,0,0,0,0,30,0,0,,,,,,
Fauske,3,61,TTC,61,61 TTC,,,C,22,2009,10/Aug/2009,Presence,KK,1,1,1,,,,,,,,,,,,,,,1,,,,,,,,,,,,,,,,,,,1,,,,,,,,,,,,,,,,,,,,,,1,,,,,,,,0,0,0,0,30,0,0,,,,4,0,
Fauske,3,61,TTC,61,61 TTC,,,C,23,2009,10/Aug/2009,Presence,KK,1,1,1,,,,,,,,,,,,,,,1,,,,,,,,,,,,,,,,,,,,,,,,,,,,,,,,1,,,,,,,,,1,,,,,,,1,0,0,0,0,20,5,0,,,,11,,
Fauske,3,61,TTC,61,61 TTC,,,C,24,2009,10/Aug/2009,Presence,KK,1,1,1,,,,,,,,,1,,,,,,,,,,,,,,,,,,,,,,,,,,,,,,,,,,,,,,,,,,,,1,,,1,,,,,,,,0,0,0,0,30,0,0,,,,8,,
Fauske,3,61,TTC,61,61 TTC,,,C,25,2009,10/Aug/2009,Presence,KK,1,1,1,,,,,,,,,1,,,,,1,,,,,,,,,,,,,,,,,,,,1,,,,,,,,,,,,,,,,1,,,1,,,,,,,,,,,0,0,0,0,0,0,0,,,,8,,
Fauske,3,61,TTC,61,61 TTC,,,C,%,2009,10/Aug/2009,Cover,KK,15,5,40,1,,,2,,,,,2,,5,,,2,8,,,,,2,2,,5,,,,,,,,,2,,20,,,,,,,,,,,,2,5,,2,2,,10,5,,,25,,,,2,,,1,0.08,0.16,0,0,20.88,1,0,80,1,0,7.75,0,
,,,,,,,,,,,,,,,,,,,,,,,,,,,,,,,,,,,,,,,,,,,,,,,,,,,,,,,,,,,,,,,,,,,,,,,,,,,,,,,,,,,,,,,,,,,,
Fauske,3,62,TT1,63,62 TT1 63,,,1,1,2009,10/Aug/2009,Presence,KK,,1,1,,,,,,,,,,,,,,,,,,,,,,,,,,,,,,,,,,,,1,,,,,,,,,,,,,,,,,1,,,F,,,,,,,1,0,0,0,0,40,0,0,,,,,,
Fauske,3,62,TT1,63,62 TT1 63,,,1,2,2009,10/Aug/2009,Presence,KK,1,1,,,,,,,,,,,,,,,,,,,,,,1,,,,,,,,,,,,,,,1,,,,,,,,,,,,,,,,,,,,,,,,,,,,10,0,0,0,5,0,0,,,,,,
Fauske,3,62,TT1,63,62 TT1 63,,,1,3,2009,10/Aug/2009,Presence,KK,1,1,1,,,,,,,,,,,,,,,,,,,,,1,,,,,,,,,,,,,,,,,,,,,,,,,,,,,,,,,,,,,,,,,,,5,0,0,0,10,0,0,,,,,,
Fauske,3,62,TT1,63,62 TT1 63,,,1,4,2009,10/Aug/2009,Presence,KK,1,1,1,,,,,,,,,,,,,,,,,,,,,,,,,,,,,,,,1,,,,,,,,,,,,,,,,,,,,,,,,F,,,,,,,1,0,40,0,0,10,0,0,,,,,,
Fauske,3,62,TT1,63,62 TT1 63,,,1,5,2009,10/Aug/2009,Presence,KK,1,,,,,,,,,,,,,1,,,,,,,,,,,,,,,,,,,,,1,,,,,,,,,,,,,,,,,,,,,,,,F,,,,,,,,5,0,0,0,20,0,0,,,,,,
Fauske,3,62,TT1,63,62 TT1 63,,,1,6,2009,10/Aug/2009,Presence,KK,1,1,DF,,,,,,,,,,,,,,,1,,,,,,,,,,,,,,,,,,,,,,,,,,,,,,,,1,,,,,,1,,,,,,,,,,,0,0,0,0,10,0,0,,,,,,
Fauske,3,62,TT1,63,62 TT1 63,,,1,7,2009,10/Aug/2009,Presence,KK,1,1,1,,,,,,,,,,,,,,,,,,,,,D,,,,,,,,,,,,,,,1,,,,,,,,,,,,,,,,,,,,,,,,,,,1,0,0,0,0,60,0,0,,,,,,
Fauske,3,62,TT1,63,62 TT1 63,,,1,8,2009,10/Aug/2009,Presence,KK,1,1,1,,,,,,,,,,,,,,,,,,,,,1,,,,,,,,,,,F,,,,1,,,,,,,,,,,1,,,,,,,,,1,,,,,,,,0,0,0,0,20,0,0,,,,,,
Fauske,3,62,TT1,63,62 TT1 63,,,1,9,2009,10/Aug/2009,Presence,KK,1,1,1,,,,,,,1,,,,1,,,,F,,,,,,,,,,,,,,,,,1,,,,,,,,,,,,1,,,,,,,,1,,,,1,,,,,,,1,5,0,0,0,30,0,0,,,,,,
Fauske,3,62,TT1,63,62 TT1 63,,,1,10,2009,10/Aug/2009,Presence,KK,1,,,,,,,,,,,1,,1,,,,,,,,,,1,,,,,,1,,,,,,,,,,,,,,,,,,,,,,,,,,,,,1,,,,,,,,10,0,0,0,5,0,0,,,,,,
Fauske,3,62,TT1,63,62 TT1 63,,,1,11,2009,10/Aug/2009,Presence,KK,1,1,1,,,,,,,,,1,,,,,,1,,,,,,,,,,,,,,,,,,,,,,,,,,,,,,,,,,,,,,,,,,,,,,,,1,0,0,0,0,50,0,0,,,,,,
Fauske,3,62,TT1,63,62 TT1 63,,,1,12,2009,10/Aug/2009,Presence,KK,1,1,1,,,,,,,,,,,,,,,,,,,,,,,,,,,,,,,,1,,,,,,,,,,,,,,,,,,,,,,,,1,,,,,,,,5,0,0,0,20,0,0,,,,,,
Fauske,3,62,TT1,63,62 TT1 63,,,1,13,2009,10/Aug/2009,Presence,KK,1,1,1,,,,,,,1,,,,,,,,1,,,,,,,,,,,,,,,,,F,,,,,,,,,,,,,,,,,,,,,,,,F,,,,,,,1,2,0,0,0,20,0,0,,,,,,
Fauske,3,62,TT1,63,62 TT1 63,,,1,14,2009,10/Aug/2009,Presence,KK,1,1,,,,,,,,1,,1,,,,1,,1,,,,,,1,,,,,,,,,,,,,,,,,,,,,,,,,,1,,,,,,,,,,,,,,,,1,10,0,0,0,5,5,0,,,,,,
Fauske,3,62,TT1,63,62 TT1 63,,,1,15,2009,10/Aug/2009,Presence,KK,1,,,,,,,,,,,1,,1,,1,,,,,,,,,,,,,,,,,,,F,,,,,,,,,,,,,,,,,,,,,1,,,,,,,,,,1,10,0,0,0,10,0,0,,,,,,
Fauske,3,62,TT1,63,62 TT1 63,,,1,16,2009,10/Aug/2009,Presence,KK,1,1,1,,,,,,,1,,,,,,,,,,,,,,,,,,,,,,,,,,,,,,,,,,,,,,,,,,,,,,,,,1,,,,,,,1,5,0,0,0,20,0,0,,,,,,
Fauske,3,62,TT1,63,62 TT1 63,,,1,17,2009,10/Aug/2009,Presence,KK,1,F,1,,,,,,,,,,,,,1,,,,1,,,,F,,,,,,,,,,,,,,,,,,,,,,,,,,,,,,,,,,,,,,,,,,1,5,0,0,0,5,0,0,,,,,,
Fauske,3,62,TT1,63,62 TT1 63,,,1,18,2009,10/Aug/2009,Presence,KK,1,1,1,,,,,,,,,,,,,,,,,,,,,,,,,,,,,,,,,,,,,,,,,,,,,,,,,,,,,,,,,,,,,,,1,2,0,0,0,5,10,0,,,,,,
Fauske,3,62,TT1,63,62 TT1 63,,,1,19,2009,10/Aug/2009,Presence,KK,1,1,1,,,,,,,,,,,,,1,1,,,,,,,,,,,,,,,,,,,,,,,,,,,,,,,,,,,,,,,1,,,,,,,,,,1,5,0,0,0,5,20,0,,,,,,
Fauske,3,62,TT1,63,62 TT1 63,,,1,20,2009,10/Aug/2009,Presence,KK,1,1,1,,,,,,,,,,,,,1,,1,,,,,,,,,,,,,,,,,1,,,,,,,,,,,,,,,,,,,,,1,,,,,,,,,,1,2,0,0,0,5,5,0,,,,,,
Fauske,3,62,TT1,63,62 TT1 63,,,1,21,2009,10/Aug/2009,Presence,KK,1,1,1,,,,,,,,,,,,,1,,,,,,,,,,,,,,,,,,,,,1,,,,,,,,,,,,,,,,,,1,1,,,,,,,,,,1,0,0,0,0,10,0,0,,,,,,
Fauske,3,62,TT1,63,62 TT1 63,,,1,22,2009,10/Aug/2009,Presence,KK,1,1,1,,,,,,,,,,,,,1,,,,,,,,F,,,,,,,,,,,,,1,,,,,,,,,,,,,,,,,,1,,,,,,,,,,,1,0,0,0,0,20,0,0,,,,10,0.5,
Fauske,3,62,TT1,63,62 TT1 63,,,1,23,2009,10/Aug/2009,Presence,KK,,1,1,,,,,,,,,,,,,,,,,,,,,,,1,,,,,,,,,,,,,,,,,,,,,,,,,,,,,,,,,,,,,,,,,2,0,0,0,0,20,0,,,,9,,
Fauske,3,62,TT1,63,62 TT1 63,,,1,24,2009,10/Aug/2009,Presence,KK,1,1,1,,,,,,,1,,,,,,,,1,,,,,,,,,,,,,,,,,,,,,,,,,,,,,,,,,,,,,,1,,,,,,,,,,1,2,0,0,0,5,80,0,,,,12,,
Fauske,3,62,TT1,63,62 TT1 63,,,1,25,2009,10/Aug/2009,Presence,KK,1,1,1,,,,,,,,,,,,,1,,1,,,,,,,,,,,,,,,,,,,,,,,,,,,,,,,,1,,,,,,F,,,,,,,,,,,0,0,0,0,40,0,0,,,,11,,
Fauske,3,62,TT1,63,62 TT1 63,,,1,%,2009,10/Aug/2009,Cover,KK,20,10,30,,,,,,,2,,2,,5,,5,2,5,,2,,,,15,,2,,,,2,,,,,8,,5,,2,,,,,,,,1,,,2,,,,,2,15,,,10,,,,,,,5,3.4,1.6,0,0,17.2,5.6,0,75,5,0,10.5,0.5,
,,,,,,,,,,,,,,,,,,,,,,,,,,,,,,,,,,,,,,,,,,,,,,,,,,,,,,,,,,,,,,,,,,,,,,,,,,,,,,,,,,,,,,,,,,,,
Fauske,3,63,TT3,138,63 TT3 138,,,2,1,2009,10/Aug/2009,Presence,KK,1,1,1,,,,,,,,,,,,,,,1,,,,,,,,,,,,,,,,,,,,,,,,,,,,,,,,,,,,,1,,,,,,,,,,,,0,0,0,0,50,0,0,,,,,,
Fauske,3,63,TT3,138,63 TT3 138,,,2,2,2009,10/Aug/2009,Presence,KK,,1,1,,,,,,,,,,,,,,,,,,,,,1,,,,,,,,,,,1,,,,,,,,,,,,,,,,,,,,,,,,,,,,,,,,10,0,0,0,10,0,0,,,,,,
Fauske,3,63,TT3,138,63 TT3 138,,,2,3,2009,10/Aug/2009,Presence,KK,,F,1,,,,,,,,,,,,,,,,,,,,,,,,,,,,,,,,1,,,,,,,,,,,,,,,,,,,,1,,,,,,,,,,,,20,0,0,0,10,0,0,,,,,,
Fauske,3,63,TT3,138,63 TT3 138,,,2,4,2009,10/Aug/2009,Presence,KK,1,1,1,,,,,,,,,,,,,,,,,,,,,,,1,,,,,,,,,,,,,,,,,,,,,,,,1,,,,,,,,,,1,,,,,,1,10,0,0,0,10,0,0,,,,,,
Fauske,3,63,TT3,138,63 TT3 138,,,2,5,2009,10/Aug/2009,Presence,KK,1,1,1,,,,,,,,,,,,,,,,,,,,,,,1,,,,,,,,,,,,,,,,,,,,,,,,,,,,,F,,,,,,,,,,,1,2,0,0,0,10,0,0,,,,,,
Fauske,3,63,TT3,138,63 TT3 138,,,2,6,2009,10/Aug/2009,Presence,KK,,1,,,,,,,,,,,,,,,,,,,,,,,,,,,,,,,,,1,,,,,,,,,,,,,,,1,,,,,1,,,,,1,,,,,,1,60,0,0,0,5,0,0,,,,,,
Fauske,3,63,TT3,138,63 TT3 138,,,2,7,2009,10/Aug/2009,Presence,KK,1,1,F,,,,,,,,,,,,,,,,,,,,,,,,,,,,,F,,,,,,,,,,,,,,,,,,1,,,,,,,,,,,,,,,,1,40,0,0,0,5,0,0,,,,,,
Fauske,3,63,TT3,138,63 TT3 138,,,2,8,2009,10/Aug/2009,Presence,KK,1,1,F,,,,,,,,,1,,,,,,,,,,,,1,,,,,,,,,,,,,,,,,,,,,,,,,,1,,,,,,,,,,1,,,,,,1,10,0,0,0,10,0,0,,,,,,
Fauske,3,63,TT3,138,63 TT3 138,,,2,9,2009,10/Aug/2009,Presence,KK,1,F,,,,,,,,,,,,,,,,,,,,,,,,,,,,,,,,,,,,,,,,,,,,,,,,1,,,,,,,,,,1,,,,,,1,5,0,0,0,10,0,0,,,,,,
Fauske,3,63,TT3,138,63 TT3 138,,,2,10,2009,10/Aug/2009,Presence,KK,1,1,1,,,,,,,,,,,,,,,,,,,,,,,,,,,,,F,,,,,,,,,,,,,,,,,,1,,,,,F,1,,,,,,,,,,1,5,0,0,0,20,0,0,,,,,,
Fauske,3,63,TT3,138,63 TT3 138,,,2,11,2009,10/Aug/2009,Presence,KK,1,1,1,,,,,1,,,,,,,,,,,,,,,,,,,,,,,,F,,1,1,,,,,,,,,,,,,,,,,,,,1,,,,,,,,,,,,10,0,0,0,10,0,0,,,,,,
Fauske,3,63,TT3,138,63 TT3 138,,,2,12,2009,10/Aug/2009,Presence,KK,1,1,1,,,,,,,,,,,,,,,,,,1,,,,,,,,,,,,,1,1,,,,,,,,,,,,,,,1,,,,1,1,,,,,,,,,,,,5,0,0,0,20,0,0,,,,,,
Fauske,3,63,TT3,138,63 TT3 138,,,2,13,2009,10/Aug/2009,Presence,KK,,1,1,,,,,,,,,1,,,,,,,,,,,,F,,,,,,,,,,1,,,1,,,,,,,,,,,,,1,,,,,,,,,,,,,,,,,5,0,0,0,10,0,0,,,,,,
Fauske,3,63,TT3,138,63 TT3 138,,,2,14,2009,10/Aug/2009,Presence,KK,1,1,F,,,,,,,,,1,,,,,1,,,,,,,,,,,,,,,,,F,,,,,,,,,,,,,,,,,,,,,1,,,,,,,,,,,,10,0,0,0,10,0,0,,,,,,
Fauske,3,63,TT3,138,63 TT3 138,,,2,15,2009,10/Aug/2009,Presence,KK,1,1,1,,,,,,,,,,,,,,,F,,,,,,,,,,,,,,,,,,,,,,,,,,,,,,,,,,,,,,,,,,,,,,,,,20,0,0,0,10,0,0,,,,,,
Fauske,3,63,TT3,138,63 TT3 138,,,2,16,2009,10/Aug/2009,Presence,KK,1,1,,,,,,,,,,1,,,,,,,,,,,,1,,,,,,,,,,,,,,,,,,,,,,,,,,,,1,,,,,,,,,,,,,,,30,0,0,0,5,0,0,,,,,,
Fauske,3,63,TT3,138,63 TT3 138,,,2,17,2009,10/Aug/2009,Presence,KK,1,1,,,,,,,,,,1,,,,,,,,,,,,1,,,,,,,,,,1,1,,1,,,,,,,,,,,,,1,,1,,,,1,,,,,,,,,,,10,0,0,0,5,0,0,,,,,,
Fauske,3,63,TT3,138,63 TT3 138,,,2,18,2009,10/Aug/2009,Presence,KK,1,1,,,,,,,,,,1,,,,,,,,,,,,D,,,,,,,,F,,,F,,1,,,,,,,,,,,,,1,,,,,,1,,,,,,,,,,,5,0,0,0,10,0,0,,,,,,
Fauske,3,63,TT3,138,63 TT3 138,,,2,19,2009,10/Aug/2009,Presence,KK,,1,1,,,,,,,,,,,,,,,,,,,,,,,,,,,,,,,,,,,,,,,,,,,,,,,1,,,,,1,,,,,,,,,,,1,2,0,0,0,10,0,0,,,,,,
Fauske,3,63,TT3,138,63 TT3 138,,,2,20,2009,10/Aug/2009,Presence,KK,1,1,1,,,,S,1,,,,,,,,,,,,,,,,,,,,,,,,F,,,,,,,,,,,,,,,,,,1,,1,,,,,,,,,,,,,,,2,0,0,0,10,0,0,,,,,,
Fauske,3,63,TT3,138,63 TT3 138,,,2,21,2009,10/Aug/2009,Presence,KK,1,1,1,,,,,,,,,1,,,,,,,,,,,,1,,,,,,,,,,1,,,,,,,,,,,,,,,,1,,,,,,,,,,,,,,,,,2,0,0,0,5,5,0,,,,,,
Fauske,3,63,TT3,138,63 TT3 138,,,2,22,2009,10/Aug/2009,Presence,KK,1,1,1,,,,,,,,,F,,,,,,,,,,,,1,,,,,,,,,,,,,,,,,,,,,,,,,,1,,,,,,,,,,,,,,,,,10,0,0,0,5,0,0,,,,12,0.5,
Fauske,3,63,TT3,138,63 TT3 138,,,2,23,2009,10/Aug/2009,Presence,KK,1,1,1,,,,,,,,,1,,,,,,,,,,,,,,,,,,,,,,1,,,,,,,,,,,,,,,,1,,,,,1,,,,,,,,,,,,2,0,0,0,5,0,0,,,,13,,
Fauske,3,63,TT3,138,63 TT3 138,,,2,24,2009,10/Aug/2009,Presence,KK,1,1,,,,,,,,,,,,,,,,,,,,,,,,,,,,,,,,1,,,,,,,,,,,,,,,,1,,,,,1,1,,,,,,,,,,,5,0,0,0,10,0,0,,,,12,,
Fauske,3,63,TT3,138,63 TT3 138,,,2,25,2009,10/Aug/2009,Presence,KK,1,1,,,,,,1,,,,,,,,,,,,,,,,,,,,,,,,,,,,,,,,,,,,,,,,,,,,,,,,1,,,,1,,,,,,,5,0,0,0,10,0,0,,,,13,,
Fauske,3,63,TT3,138,63 TT3 138,,,2,%,2009,10/Aug/2009,Cover,KK,10,30,35,,,,1,2,,,,5,,,,,1,2,,,2,,,15,,2,,,,,,2,,8,10,,5,,,,,,,,,,,,,5,,2,,2,5,2,,,,2,,,,,,1,11.4,0,0,0,11,0.2,0,80,12,0,12.5,0.5,
,,,,,,,,,,,,,,,,,,,,,,,,,,,,,,,,,,,,,,,,,,,,,,,,,,,,,,,,,,,,,,,,,,,,,,,,,,,,,,,,,,,,,,,,,,,,
Fauske,4,66,TT1,67,66 TT1 67,,,C,1,2009,10/Aug/2009,Presence,W,,1,,,,,,,,,,,,,1,,,,,D,,,,,,,,,,,,,,,,,,,,,,,,,,,,,,,,,,,,,,,,,,,,,,,60,2,0,0,5,0,0,,,,,,
Fauske,4,66,TT1,67,66 TT1 67,,,C,2,2009,10/Aug/2009,Presence,W,,1,,,,,,,,,,,,,,,,1,,1,,,,,,,,,,,,,,,,,,,,,,,,,,,,,,,,,,,,1,,,1,,,,,,,,20,3,0,0,40,0,0,,,,,,
Fauske,4,66,TT1,67,66 TT1 67,,,C,3,2009,10/Aug/2009,Presence,W,1,1,1,,,,,,,,,1,,1,,,,1,,1,,,,,,,,,,,,,,,,,,,1,,,,,,,,,,,,,,,,,1,,,1,,,,,,,,30,2,0,0,30,0,0,,,,,,
Fauske,4,66,TT1,67,66 TT1 67,,,C,4,2009,10/Aug/2009,Presence,W,1,,DF,,,,,,,,,,,,1,,,1,,,,,,,,,,,,,,,,,,,,,1,,,,,,,,,,,,,,,,F,,,,1,,,,,,,1,0,0,0,0,40,0,0,,,,,,Ver off 4- Umerket skudd
Fauske,4,66,TT1,67,66 TT1 67,,,C,5,2009,10/Aug/2009,Presence,W,1,1,D,,,,,,,,,,,,1,,,,,,,,,,,,,,,,,,,,,,,,1,,,,,,,,,,,,,1,,,1,,,,1,,,,,,,,40,0,0,0,40,0,0,,,,,,
Fauske,4,66,TT1,67,66 TT1 67,,,C,6,2009,10/Aug/2009,Presence,W,,F,,,,,,,,,,,,,,,,,,,,,,,,,,,,,,,,,,,,,,,,,,,,,,,,,,,,,,,,,DF,,,,,,,,0,40,0,0,10,0,0,,,,,,
Fauske,4,66,TT1,67,66 TT1 67,,,C,7,2009,10/Aug/2009,Presence,W,1,1,,,,,,,,,,,,,1,,,,,1,,,,,,,,,,,,,,,,,,,,,,,,,,,,,,,,,,,,,,,DF,,,,,,,,20,0,0,0,10,0,0,,,,,,
Fauske,4,66,TT1,67,66 TT1 67,,,C,8,2009,10/Aug/2009,Presence,W,,1,,,,,,,,,,,,,,,,,,,,,,,,,,,,,,,,,,,,,,,,,,,,,,,,,,,,,,,,,1,,,,,,,,30,0,0,0,30,0,0,,,,,,
Fauske,4,66,TT1,67,66 TT1 67,,,C,9,2009,10/Aug/2009,Presence,W,1,1,F,,,,,,,,,,,,,,,1,,,,,,,,,,,,,,,,,,,,,,,,,,,,,,,,,,,,,,1,,,1,,,,,,,1,30,0,0,0,30,0,0,,,,,,
Fauske,4,66,TT1,67,66 TT1 67,,,C,10,2009,10/Aug/2009,Presence,W,,1,1,,,,,,,,,,,,1,,,,,1,,,,,,,,,,,,,,,,,,,,,,,,,,,,,,,,1,,,F,F,,,D,,,,,,,1,25,0,0,0,25,0,0,,,,,,
Fauske,4,66,TT1,67,66 TT1 67,,,C,11,2009,10/Aug/2009,Presence,W,1,1,,,,,,,,,,,,,,,,,,1,,,,,,,,,,,,F,,,,,,,1,,,,,,,,,,,,,,,,,F,,,,,,,,,,,20,0,0,0,30,0,0,,,,,,
Fauske,4,66,TT1,67,66 TT1 67,,,C,12,2009,10/Aug/2009,Presence,W,,1,,,,,,,,,,,,,,,,1,,1,,,,,,,,,,,,,,,,,,,,,,,,,,,,,,,,,,,,,,,1,,,,,,,,10,1,0,0,30,0,0,,,,,,
Fauske,4,66,TT1,67,66 TT1 67,,,C,13,2009,10/Aug/2009,Presence,W,,1,1,,,,,,,,,,,,,,,1,,1,,,,,,,,,,,,,,,,,,,,,,,,,,,,,,,,,,,,,,,1,,,,,,,,10,0,0,0,40,0,0,,,,,,
Fauske,4,66,TT1,67,66 TT1 67,,,C,14,2009,10/Aug/2009,Presence,W,1,F,,,,,,,,,,,,,1,,,,,,,,,,,,,,,,,1,,,,,,,,,,,,,,,,,,,,,,,1,1,,,D,,,,,,,,0,6,0,0,40,0,0,,,,,,
Fauske,4,66,TT1,67,66 TT1 67,,,C,15,2009,10/Aug/2009,Presence,W,1,1,,,,,,,,,,,,,,,,,,1,,,,,,,,,,,,,,,,,,,,,,,,,,,,,,,,,,,F,1,,,1,,,,,,,1,10,8,0,0,20,0,0,,,,,,
Fauske,4,66,TT1,67,66 TT1 67,,,C,16,2009,10/Aug/2009,Presence,W,,1,DF,,,,,,,,,,,,,,,,,1,,,,,,,,,,,,,,,,,,,,,,,,,,,,,,,,,,,,,,,,,,,,,,1,0,5,0,0,50,0,0,,,,,,
Fauske,4,66,TT1,67,66 TT1 67,,,C,17,2009,10/Aug/2009,Presence,W,,1,DF,,,,,,,,,,,,1,,,,,,,,,,,,,,,,,,,,,,,,1,,,,,,,,,,,,,,,,,,,,,,,,,,,,2,0,0,0,30,0,0,,,,,,
Fauske,4,66,TT1,67,66 TT1 67,,,C,18,2009,10/Aug/2009,Presence,W,1,1,D,,,,,,,,,,,,,,,,,,,,,,,1,,,,,,F,,,,,,,1,,,,,,,,,,,,,,,,,,1,,1,,,,,,,1,0,0,0,0,10,0,0,,,,,,Ver off 18-Umerket skudd
Fauske,4,66,TT1,67,66 TT1 67,,,C,19,2009,10/Aug/2009,Presence,W,1,1,F,,,,,,,,,,,,,,,,,,,,,,,1,,,,,,,,,,,,,1,,,,,,,,,,,1,,,,,,,1,,1,,,,,,,,5,0,0,0,10,0,0,,,,,,
Fauske,4,66,TT1,67,66 TT1 67,,,C,20,2009,10/Aug/2009,Presence,W,1,,F,,,,,,,,,1,,,,,,,,1,,,,,,,,,,,,,,,,,,,1,,,,,,,,,,,,,,,,,1,,,,,,,,,,,0,5,0,0,60,0,0,,,,,,
Fauske,4,66,TT1,67,66 TT1 67,,,C,21,2009,10/Aug/2009,Presence,W,,1,1,,,,,1,,,,,,,,,,,,1,,,,,,,,,,,,,,,,,,,1,,,,,,,,,,,,,1,,,,1,,,,,,,,,,1,10,0,0,0,30,0,0,,,,,,
Fauske,4,66,TT1,67,66 TT1 67,,,C,22,2009,10/Aug/2009,Presence,W,,1,1,,,,,,,,,,,,,,,1,,1,,,,,,,,,,,,,,,1,,,,,,,,,,,,,,,,,,,,,,,,,,,,,,,,5,0,0,0,30,0,0,,,,5,0.5,
Fauske,4,66,TT1,67,66 TT1 67,,,C,23,2009,10/Aug/2009,Presence,W,,1,F,,,,,,,,,1,,,,,,1,,D,,,,,,,,,,,,,,,1,,,,1,,,,,,,,,,,,,,,,,,1,,1,,,,,,,,15,5,0,0,10,0,0,,,,7,,
Fauske,4,66,TT1,67,66 TT1 67,,,C,24,2009,10/Aug/2009,Presence,W,1,1,1,,,,,,,,,1,,1,,,,,,1,,,,,,,,,,,,,,,,,,,1,,,,,,,,,,,,,,,,,,1,,,,,,,,,,10,5,0,0,10,0,0,,,,6,,
Fauske,4,66,TT1,67,66 TT1 67,,,C,25,2009,10/Aug/2009,Presence,W,,1,1,,,,,,,,,1,,1,1,,,,,1,,,,,,,,,,,,,,,,,,,,,,,,,,,,,,,,,,,,,1,,,,,,,,,,2,5,0,0,15,0,0,,,,4,,
Fauske,4,66,TT1,67,66 TT1 67,,,C,%,2009,10/Aug/2009,Cover,W,6,8,24,,,,,1,,,,1,,1,2,,,2,,6,,,,,,1,,,,,,1,,,1,,,,2,,,,,,,,,,,1,,1,,,4,6,2,,20,,,,,,,1,14.16,3.48,0,0,27,0,0,65,20,0,5.5,0.5,
,,,,,,,,,,,,,,,,,,,,,,,,,,,,,,,,,,,,,,,,,,,,,,,,,,,,,,,,,,,,,,,,,,,,,,,,,,,,,,,,,,,,,,,,,,,,
Fauske,4,67,TT3,142,67 TT3 142,,,1,1,2009,10/Aug/2009,Presence,W,1,1,,,,,,,,,,1,,,1,,,1,,,,,,,,,,,,,,,,,1,,,,,,,,,1,,,,,,,,,,,,1,,,F,,1,,,,1,,5,0,0,0,2,0,0,,,,,,
Fauske,4,67,TT3,142,67 TT3 142,,,1,2,2009,10/Aug/2009,Presence,W,1,1,,,,,,,,,,1,,,1,,,1,,,,,,,,,,,,,,,,,,,,,,,,,,,,,,,,,,1,,,,1,,,F,,,,,,1,,10,0,0,0,35,0,0,,,,,,
Fauske,4,67,TT3,142,67 TT3 142,,,1,3,2009,10/Aug/2009,Presence,W,1,1,F,,,,,,,1,,1,,,1,,,,,,,,,,,,,,,,,,,,,,,,,,,,,,,,,,,1,,,,,,1,,,1,,1,,,,,,0,0,0,0,10,0,0,,,,,,
Fauske,4,67,TT3,142,67 TT3 142,,,1,4,2009,10/Aug/2009,Presence,W,1,1,1,,,,,,,,,1,,,1,,,1,,,,,,,,,,,,,,,,,1,,,,,,,,,,,,,,,,,1,,,,,,,,,,,,,,,0,0,0,0,20,0,0,,,,,,
Fauske,4,67,TT3,142,67 TT3 142,,,1,5,2009,10/Aug/2009,Presence,W,1,1,1,,,,,,F,,,1,,,1,,,,,1,,,,,,,,,,,,,,,,,,,,,,,,,,,1,,,,,1,,,,1,,,,,,,,,,,0,0,0,0,15,0,0,,,,,,
Fauske,4,67,TT3,142,67 TT3 142,,,1,6,2009,10/Aug/2009,Presence,W,1,1,,,,,,,,,,,,,1,S,,1,,1,,,,,,,,,,,,,,,1,,,,,,,,,,,,,,,1,,,,,,,,,1,,,,,,,,5,0,0,0,5,0,0,,,,,,
Fauske,4,67,TT3,142,67 TT3 142,,,1,7,2009,10/Aug/2009,Presence,W,1,1,,,,,,,,,,,,,1,,,,,1,,,,,,,,,,,,,,,1,,,,,,,,,,,,,,,,,,,,,,,,1,,1,,,,,,5,2,0,0,10,0,0,,,,,,
Fauske,4,67,TT3,142,67 TT3 142,,,1,8,2009,10/Aug/2009,Presence,W,1,1,,,,,,,,,,1,,,1,,,,,1,,,,,,,,,,,,,,,1,,,,,,,,,,,,,,,,,1,,,,,,,1,,1,,,,,,5,0,0,0,10,0,0,,,,,,
Fauske,4,67,TT3,142,67 TT3 142,,,1,9,2009,10/Aug/2009,Presence,W,1,1,F,,,,,,,,,1,,,1,,,,,,,,,,,,,,,,,1,,,1,,,,,,,,,,,,,,,,,,,,,F,,,,,,,,,,,0,0,0,0,20,0,0,,,,,,
Fauske,4,67,TT3,142,67 TT3 142,,,1,10,2009,10/Aug/2009,Presence,W,,,F,,,,,,,,,1,,,1,,,,,,,,,,,,,,,,,,,,,,,,,,,,,,,,,,,,,,,,,1,1,,,,,,,,,,0,0,0,0,20,0,0,,,,,,
Fauske,4,67,TT3,142,67 TT3 142,,,1,11,2009,10/Aug/2009,Presence,W,1,1,,,,,,,,,,,,,1,,,,,D,,,,,,1,,,,,,,,,,,,,,,,,,,,,,,,,,,,,,1,,,F,,,,,,,1,5,0,0,0,10,0,0,,,,,,
Fauske,4,67,TT3,142,67 TT3 142,,,1,12,2009,10/Aug/2009,Presence,W,1,1,,,,,,,1,,,,,,1,,,,,1,,,,,,1,,,,,,,,,1,,,,1,,,,,,,,,,,,,,,,,,,,1,,,,,,,1,10,0,0,0,10,0,0,,,,,,
Fauske,4,67,TT3,142,67 TT3 142,,,1,13,2009,10/Aug/2009,Presence,W,1,,,,,,,,,,,,,,1,,,1,,1,,,,,,,,,,,,,,,1,,,,,,,,,,,,,,,,,,,,,F,,,1,,,,,,,,10,0,0,0,10,0,0,,,,,,
Fauske,4,67,TT3,142,67 TT3 142,,,1,14,2009,10/Aug/2009,Presence,W,1,,,,,,,1,,,,F,,,1,,,,,1,,,,,,,,,,,,,,,,,,,1,,,,,,,,,,,,,,,,,F,,,F,,,,,,,,5,0,0,0,10,0,0,,,,,,
Fauske,4,67,TT3,142,67 TT3 142,,,1,15,2009,10/Aug/2009,Presence,W,1,1,,,,,,,,,,1,,1,1,,,,,1,,,,,,,,,,,,,,,,,,,1,,,,,,,,,,,,,,,,,F,,,,,1,,,,,,0,0,0,0,10,0,0,,,,,,
Fauske,4,67,TT3,142,67 TT3 142,,,1,16,2009,10/Aug/2009,Presence,W,1,1,,,,,,,,,,,,,1,,,,,1,,,,,,,,,,,,,,,,,,,,,,,,,,,,,,,,,,,,1,,,1,,,,,,,,0,0,0,0,15,0,0,,,,,,
Fauske,4,67,TT3,142,67 TT3 142,,,1,17,2009,10/Aug/2009,Presence,W,1,1,,,,,,,,,,,,,1,,,,,1,,,,,,,,,,,,,,,,,,,,,,,,,,,,,,,,1,,,,,1,,1,,,,,,,,0,0,0,0,15,0,0,,,,,,
Fauske,4,67,TT3,142,67 TT3 142,,,1,18,2009,10/Aug/2009,Presence,W,1,,,,,,,,,,,,,,1,,,,,D,,,,,,,,,,,,,,,,,,,,,,,,,,,,,,,,,,,,,,,,,1,,,,,,0,0,0,0,5,0,0,,,,,,
Fauske,4,67,TT3,142,67 TT3 142,,,1,19,2009,10/Aug/2009,Presence,W,1,1,,,,,,,,,,1,,,1,,,,,1,,,,,,,,,,,,,,,,,,,1,,,,,,,,,,,,,,,,,F,,,,,,,,,,,0,0,0,0,10,0,0,,,,,,
Fauske,4,67,TT3,142,67 TT3 142,,,1,20,2009,10/Aug/2009,Presence,W,1,1,,,,,,,,,,,,1,1,,,,,1,,,,,,,,,,,,,,,,,,,1,,,,,,,,,,,,,,,,,F,,,,,,,,,,,5,0,0,0,5,0,0,,,,,,
Fauske,4,67,TT3,142,67 TT3 142,,,1,21,2009,10/Aug/2009,Presence,W,1,1,,,,,,,,,,,,,,,,,,1,,,,,,,,,,,,,,,,,,,,,,,,,,,,,,,,,,,,,,,1,,,,,,,,5,0,0,0,5,0,0,,,,,,
Fauske,4,67,TT3,142,67 TT3 142,,,1,22,2009,10/Aug/2009,Presence,W,1,1,,,,,,,,,,,,,1,,,,,1,,,,,,,,,,,,,,,,,,,,,,,,,,,,,,,,,,,,,,,1,,,,,,,,5,0,0,0,5,0,0,,,,13,0.5,
Fauske,4,67,TT3,142,67 TT3 142,,,1,23,2009,10/Aug/2009,Presence,W,1,1,,,,,,,,,,1,,1,1,,,,,1,,,,,,,,,,,,,,,,,,,,,,,,,,,,,,,,,,,,1,,,,,,,,,,,10,0,0,0,5,0,0,,,,12,,Fes ovi 23?
Fauske,4,67,TT3,142,67 TT3 142,,,1,24,2009,10/Aug/2009,Presence,W,1,1,,,,,,,,,,,,,1,,,,,1,,,,,,,,,,,,,,,,,,,1,,,,,,,,,,,,,,,,,1,,,,,1,,,,,,10,0,0,0,10,0,0,,,,10,,
Fauske,4,67,TT3,142,67 TT3 142,,,1,25,2009,10/Aug/2009,Presence,W,1,1,,,,,,,,,,,,,1,,,,,D,,,,,,,,,,,,,,,,,,,1,,,,,,,,,,,,,,,,,F,,,,,1,,,,,,5,0,0,0,5,0,0,,,,13,,
Fauske,4,67,TT3,142,67 TT3 142,,,1,%,2009,10/Aug/2009,Cover,W,16,6,4,,,,,1,2,1,,2,,1,4,1,,1,,25,,,,,,1,,,,,,1,,,4,,,,2,,,,,1,,,1,,,1,,1,,,,18,1,,8,,1,,,,1,1,4,0.08,0,0,11.08,0,0,85,5,0,12,0.5,
,,,,,,,,,,,,,,,,,,,,,,,,,,,,,,,,,,,,,,,,,,,,,,,,,,,,,,,,,,,,,,,,,,,,,,,,,,,,,,,,,,,,,,,,,,,,
Fauske,4,68,TTC,68,68 TTC,,,2,1,2009,10/Aug/2009,Presence,W,1,1,,,,,,,,,,1,,1,,,,,,D,,,,,,,,,,,,,,,,,,,,,,,,,,,,,,,,,,,,,,,,,,,,,,,5,0,0,0,30,0,0,,,,,,
Fauske,4,68,TTC,68,68 TTC,,,2,2,2009,10/Aug/2009,Presence,W,1,1,,,,,,,,,,,,,1,,,,,D,,,,,,,,,,,,,,,,,,,,,,,,,,,,1,,,,,,,,,,,,,,,,,,,30,0,0,0,5,0,0,,,,,,
Fauske,4,68,TTC,68,68 TTC,,,2,3,2009,10/Aug/2009,Presence,W,,F,,,,,,,,,,,,,1,,,,,D,,,,,,,,,,,,,,,,,,,,,,,,,,,,,,,,,,,,,,,,,,,,,,,25,0,0,0,5,0,0,,,,,,
Fauske,4,68,TTC,68,68 TTC,,,2,4,2009,10/Aug/2009,Presence,W,1,1,,,,,,,,,,,,1,,,,,,D,,,,,,,,,,,,,,,1,,,,,,,,,,,,,,,,,,,,1,,,,,,,,,,,1,10,0,0,0,20,0,0,,,,,,
Fauske,4,68,TTC,68,68 TTC,,,2,5,2009,10/Aug/2009,Presence,W,1,1,1,,,,,,,,,1,,,1,,,,,1,,,,,,,,,,,,,,,1,,,,1,,,,,,,,,,,,,1,,,1,,,,,,,,,,,,25,0,0,0,10,0,0,,,,,,
Fauske,4,68,TTC,68,68 TTC,,,2,6,2009,10/Aug/2009,Presence,W,1,1,,,,,,,,,,1,,,1,,,,,D,,,,,,,,,,,,,,,,,,,,,,,,,,,,,,,,,,,,,,,,,1,,,,,,30,0,0,0,5,0,0,,,,,,
Fauske,4,68,TTC,68,68 TTC,,,2,7,2009,10/Aug/2009,Presence,W,1,1,S,,,,,,,,,1,,1,,,,,,1,,,,,,,,,,,,,,,,,,,,,,,,,,,,,,,,1,,,,,,,,,1,,,,,,40,0,0,0,5,0,0,,,,,,
Fauske,4,68,TTC,68,68 TTC,,,2,8,2009,10/Aug/2009,Presence,W,1,1,,,,,,,,,,F,,,1,,,,,D,,,,,,,,,,,,,,,,,,,,,,,,,,,,1,,,,,,,,,,,,,,,,,,,30,0,0,0,5,0,0,,,,,,
Fauske,4,68,TTC,68,68 TTC,,,2,9,2009,10/Aug/2009,Presence,W,1,1,,,,,,,,,,,,,1,,,,,1,,,,,,,,,,,,,,,1,,,,1,,,,,,,,,,,,,1,,,,1,,,,,,,,,,1,20,0,0,0,20,0,0,,,,,,
Fauske,4,68,TTC,68,68 TTC,,,2,10,2009,10/Aug/2009,Presence,W,1,1,F,,,,,,,,,,,1,,,,,,1,,,,,,,,,,,,,,,1,,,,,,,,,,,,,,,,,,,,,1,,,,,,,,,,,5,0,0,0,30,0,0,,,,,,
Fauske,4,68,TTC,68,68 TTC,,,2,11,2009,10/Aug/2009,Presence,W,1,1,,,,,,,,,,1,,,,,,1,,DF,,,,,,,,,,,,,,,,,,,1,,,,,,,,,,,,,,,,,,,,,,1,,,,,,5,0,0,0,20,0,0,,,,,,
Fauske,4,68,TTC,68,68 TTC,,,2,12,2009,10/Aug/2009,Presence,W,1,1,,,,,,,,,,F,,1,1,,,,,D,,,,,,,,,,,,,,,,,,,,,,,,,,,,,,,,,,,,,,,,,,,,,,,5,0,0,0,5,0,0,,,,,,
Fauske,4,68,TTC,68,68 TTC,,,2,13,2009,10/Aug/2009,Presence,W,1,1,1,,,,,,,,,1,,,,,,,,1,,,,,,,,,,,,,,,,,,,,,,,,1,,,,,,,,,,,1,,,,,,,,,,,,5,0,0,0,10,0,0,,,,,,
Fauske,4,68,TTC,68,68 TTC,,,2,14,2009,10/Aug/2009,Presence,W,1,1,1,,,,,,,,,1,,,1,,,,,1,,,,,,,,,,,,,,,,,,,,,,,,,,,,,,,,,,,1,,,,,,,,,,,1,0,0,0,0,40,0,0,,,,,,
Fauske,4,68,TTC,68,68 TTC,,,2,15,2009,10/Aug/2009,Presence,W,1,1,F,,,,,,,,,F,,,,,,,,D,,,,,,,,,,,,,,,,,,,1,,,,,,,,,,,,,,,,,,,,,,,,,,,,5,0,0,0,5,0,0,,,,,,
Fauske,4,68,TTC,68,68 TTC,,,2,16,2009,10/Aug/2009,Presence,W,,1,1,,,,,,,,,,,1,,,,1,,D,,,,,,,1,,,,,,,,,,,,1,,,,,,,,,,,,,,,,,,,,,,,,,,,,0,0,0,0,3,0,0,,,,,,
Fauske,4,68,TTC,68,68 TTC,,,2,17,2009,10/Aug/2009,Presence,W,1,1,F,,,,,,,,,F,,,1,,,1,,D,,,,,,,,,,,,,,,,,,,1,,,,,,,,,,,,,,,,,,,,,,1,,,,,,0,0,0,0,3,0,0,,,,,,
Fauske,4,68,TTC,68,68 TTC,,,2,18,2009,10/Aug/2009,Presence,W,1,1,F,,,,,,,,,F,,,1,,,,,1,,,,,,,,,,,,,,,,,,,,,,,,,,,,,,,,,,,1,,,,,,,,,,,,0,0,0,0,4,0,0,,,,,,
Fauske,4,68,TTC,68,68 TTC,,,2,19,2009,10/Aug/2009,Presence,W,1,,,,,,,,,,,1,,,1,,,,,D,,,,,,1,,,,,,,,,,,,,1,,,,,,,,,,,,,,,,,,,,,,,,,,,,0,0,0,0,10,0,0,,,,,,
Fauske,4,68,TTC,68,68 TTC,,,2,20,2009,10/Aug/2009,Presence,W,,1,,,,,,,,,,1,,,1,,,,,1,,,,,,1,,,,,,,,,,,,,,,,,,,,,,,,,,,,,,1,,,,,,,,,,1,0,0,0,0,20,0,0,,,,,,
Fauske,4,68,TTC,68,68 TTC,,,2,21,2009,10/Aug/2009,Presence,W,,1,1,,,,,,,,,,,,1,,,,,1,,,,,,,,,,,,,,,,,,,,,,,,,,,,,,,,1,,,,,,,,,1,,,,,,0,0,0,0,10,0,0,,,,,,
Fauske,4,68,TTC,68,68 TTC,,,2,22,2009,10/Aug/2009,Presence,W,,1,,,,,,,,,,,,,,,,,,1,,,,1,,,,,,,,,,,,,,,,,,,,,,,,,,,,,,,,,,,,,,,,,,,0,0,0,0,20,0,0,,,,7,0.5,
Fauske,4,68,TTC,68,68 TTC,,,2,23,2009,10/Aug/2009,Presence,W,1,1,F,,,,,,,,,,,1,1,,,,,1,,,,1,,,,,,,,,,,,,,,,,,,,,S,,,,,,,,,1,,,,,,,,,,,,1,0,0,0,0,15,0,0,,,,6,,
Fauske,4,68,TTC,68,68 TTC,,,2,24,2009,10/Aug/2009,Presence,W,1,1,1,,,,,,,,,,,1,1,,,,,D,,,,,,,,,,,,,,,,,,,,,,,,,,,,,,,,1,,,,1,,,,,,,,,,,0,0,0,0,20,0,0,,,,6,,
Fauske,4,68,TTC,68,68 TTC,,,2,25,2009,10/Aug/2009,Presence,W,1,1,,,,,,,,,,,,1,,,,,,1,,,,,,,,,,,,,,,,,,,1,,,,,1,,,,,,,,,,,,,,,,,,,,,,1,0,0,0,0,20,0,0,,,,6,,
Fauske,4,68,TTC,68,68 TTC,,,2,%,2009,10/Aug/2009,Cover,W,4,4,16,,,,,,,,,2,,1,2,,,1,,60,,,,2,,2,1,,,,,,,,2,,,,1,,,,,2,1,,,1,,,,1,,1,4,2,,,,,2,,,,,1,9.6,0,0,0,13.6,0,0,80,10,0,6.25,0.5,
,,,,,,,,,,,,,,,,,,,,,,,,,,,,,,,,,,,,,,,,,,,,,,,,,,,,,,,,,,,,,,,,,,,,,,,,,,,,,,,,,,,,,,,,,,,,
Fauske,5,71,TT1,72,71 TT1 72,,,C,1,2009,10/Aug/2009,Presence,W,,1,1,,,,,,,,,1,,,1,,,,,1,,,,,,,,,,,,,,,1,,,,,,,,,,,,,,,,,,,,,1,1,,,,,,,,,,10,0,0,0,20,0,0,,,,,,
Fauske,5,71,TT1,72,71 TT1 72,,,C,2,2009,10/Aug/2009,Presence,W,1,1,,,,,,,,,,,,,1,,,,,1,,,,,,,,,,,,,,,1,,,,,,,,,,,,,,,,,,,,,,,,1,,1,,,,,,10,0,0,0,20,0,0,,,,,,
Fauske,5,71,TT1,72,71 TT1 72,,,C,3,2009,10/Aug/2009,Presence,W,1,1,,,,,,,,,,,,,1,,,,,1,,,,,,,,,,,,,,,1,,,,,,,,,,,,,,,,,,,,,,1,,1,,,,,,,,10,0,0,0,20,0,0,,,,,,
Fauske,5,71,TT1,72,71 TT1 72,,,C,4,2009,10/Aug/2009,Presence,W,1,1,,,,,,,,,,,,,,,,,,1,,,,,,,,,,,,,,,,,,,,,,,,,,,,,,,,,,,,1,1,,1,,,,,,,,10,0,0,0,20,0,0,,,,,,
Fauske,5,71,TT1,72,71 TT1 72,,,C,5,2009,10/Aug/2009,Presence,W,1,1,,,,,,,,,,,,,,,,,,1,,,,,,,,,,,,,,,,,,,,,,,,,,,1,,,,,,,,,1,,,1,,,,,,,,5,0,0,0,20,0,0,,,,,,
Fauske,5,71,TT1,72,71 TT1 72,,,C,6,2009,10/Aug/2009,Presence,W,1,1,1,,,,,,,,,1,,,1,,,,,1,,,,,,,,,,,,,,,,,,,,,,,,,,,,,,,,,,,,,F,,,,,,,,,,10,0,0,0,15,0,0,,,,,,
Fauske,5,71,TT1,72,71 TT1 72,,,C,7,2009,10/Aug/2009,Presence,W,1,F,,,,,,,,,,F,,,,,,,,1,,,,,,,,,,,,,,,1,,,,,,,,,,,,,,,,,,,,,,1,,,,,,,,,,5,0,0,0,15,0,0,,,,,,
Fauske,5,71,TT1,72,71 TT1 72,,,C,8,2009,10/Aug/2009,Presence,W,,1,,,,,,,,,,,,,1,,,,,1,,,,,,,,,,,,,,,,,,,1,,,,,,,,,,,,,,,,,,,,1,,,,,,,1,5,0,0,0,10,0,0,,,,,,
Fauske,5,71,TT1,72,71 TT1 72,,,C,9,2009,10/Aug/2009,Presence,W,1,1,,,,,,,,,,,,,1,,,,,1,,,,,,,,,,,,,,,1,,,,,,,,,,,,,,,,,,,,,1,,,1,,,,,,,,5,0,0,0,10,0,0,,,,,,
Fauske,5,71,TT1,72,71 TT1 72,,,C,10,2009,10/Aug/2009,Presence,W,1,1,1,,,,,,,,,,,,,,,1,,1,,,,,,,,,,,,,,,,,,,,,,,,,,,,,,,,,,,,1,1,,,,,,,,,,0,0,0,0,20,0,0,,,,,,
Fauske,5,71,TT1,72,71 TT1 72,,,C,11,2009,10/Aug/2009,Presence,W,1,1,1,,,,,,,,,1,,,1,,,,,1,,,,,,,,,,,,,,,1,,,,,,,,,,,,,,,,,,,,,,,,F,,,,,,,,5,0,0,0,10,0,0,,,,,,
Fauske,5,71,TT1,72,71 TT1 72,,,C,12,2009,10/Aug/2009,Presence,W,1,1,F,,,,,,,,,,,,1,,,,,1,,,,,,,,,,,,,,,1,,,,,,,,,,,,,,,,,,,,,,1,,,,,,,,,,5,0,0,0,10,0,0,,,,,,
Fauske,5,71,TT1,72,71 TT1 72,,,C,13,2009,10/Aug/2009,Presence,W,1,1,,,,,,,,,,,,,1,,,,,1,,,,,,,,,,,,,,,,,,,,,,,,,,,,,,,,,,,,1,1,,,,,,,,,,5,0,0,0,10,0,0,,,,,,
Fauske,5,71,TT1,72,71 TT1 72,,,C,14,2009,10/Aug/2009,Presence,W,1,,,,,,,,,,,,,,,,,,,1,,,,,,,,,,,,,,,1,,,,,,,,,,,,,,,,,,,,,1,1,,1,,,,,,,1,5,0,0,0,10,0,0,,,,,,
Fauske,5,71,TT1,72,71 TT1 72,,,C,15,2009,10/Aug/2009,Presence,W,1,1,1,,,,,,,,,,,,,,,,,1,,,,,,,,,,,,,,,1,,,,,,,,,,,,,,,,,1,,,,1,1,,1,,,,,,,,5,0,0,0,10,0,0,,,,,,
Fauske,5,71,TT1,72,71 TT1 72,,,C,16,2009,10/Aug/2009,Presence,W,,1,,,,,,,,,,,,,1,,,1,,1,,,,,,,,,,,,,,,1,,,,,,,,,,,,,,,,,1,,,,F,1,,F,,,,,,,,5,0,0,0,15,0,0,,,,,,
Fauske,5,71,TT1,72,71 TT1 72,,,C,17,2009,10/Aug/2009,Presence,W,1,1,,,,,,,,,,,,,1,,,,,1,,,,,,,,,,,,,,,,,,,,,,,,,,,,,,,,,,,,,,,1,,,,,,,,5,0,0,0,15,0,0,,,,,,
Fauske,5,71,TT1,72,71 TT1 72,,,C,18,2009,10/Aug/2009,Presence,W,1,1,,,,,,,,,,,,,1,,,,,1,,,,,,,,,,,,,,,1,,,,,,,,,,,,,,,,,,,1,,,,,1,,,,,,,,10,0,0,0,15,0,0,,,,,,
Fauske,5,71,TT1,72,71 TT1 72,,,C,19,2009,10/Aug/2009,Presence,W,1,1,,,,,,,,,,,,,1,,,,,1,,,,,,,,,,,,,,,,,,,,,,,,,,,,,,,,,,,,1,,,,,,,,,,,0,0,0,0,10,0,0,,,,,,
Fauske,5,71,TT1,72,71 TT1 72,,,C,20,2009,10/Aug/2009,Presence,W,1,1,,,,,,,,,,,,,1,,,,,1,,,,,,,,,,,,,,,,,,,,,,,,,,,,,,,,,,,,1,,,1,,,,,,,,0,0,0,0,10,0,0,,,,,,
Fauske,5,71,TT1,72,71 TT1 72,,,C,21,2009,10/Aug/2009,Presence,W,1,1,,,,,,,,,,,,,1,,,,,1,,,,,,,,,,,,,,,1,,,,,,,,,,,,,,,,,,,,,,,,,,,,,,,,10,0,0,0,10,0,0,,,,,,
Fauske,5,71,TT1,72,71 TT1 72,,,C,22,2009,10/Aug/2009,Presence,W,1,1,,,,,,,,,,,,,1,,,,,1,,,,,,,,,,,,,,,1,,,,,,,,,,,,,,,,,,,,,1,,,,,,,,,,,5,0,0,0,15,0,0,,,,10,1,
Fauske,5,71,TT1,72,71 TT1 72,,,C,23,2009,10/Aug/2009,Presence,W,1,1,,,,,,,,,,,,,1,,,,,1,,,,,,,,,,,,,,,,,1,,,,,,,,,,,,,,,,,,,,1,,,,,,,,,,5,0,0,0,20,0,0,,,,11,,
Fauske,5,71,TT1,72,71 TT1 72,,,C,24,2009,10/Aug/2009,Presence,W,1,1,,,,,,,,,,,,,1,,,,,1,,,,,,,,,,,,,,,,,1,,,,,,,,,,,,,,,,,,,1,,,,,,,,,,,3,0,0,0,10,0,0,,,,13,,
Fauske,5,71,TT1,72,71 TT1 72,,,C,25,2009,10/Aug/2009,Presence,W,1,1,1,,,,,,,,,,,,1,,,,,1,,,,,,,,,,,,1,,,,,1,,,,,,,,,,,,,,,,,,,,,,1,,,,,,,,0,0,0,0,10,0,0,,,,13,,
Fauske,5,71,TT1,72,71 TT1 72,,,C,%,2009,10/Aug/2009,Cover,W,6,6,2,,,,,,,,,1,,,2,,,2,,20,,,,,,,,,,,,1,,,6,,4,,1,,,,,,,,1,,,,,1,,1,,10,8,,16,,1,,,,,1,5.52,0,0,0,14,0,0,90,5,0,11.75,1,
,,,,,,,,,,,,,,,,,,,,,,,,,,,,,,,,,,,,,,,,,,,,,,,,,,,,,,,,,,,,,,,,,,,,,,,,,,,,,,,,,,,,,,,,,,,,
Fauske,5,72,TT3,147,72 TT3 147,,,1,1,2009,10/Aug/2009,Presence,W,1,1,1,,,,,,,,,,,,1,,,,1,1,,,,,,,1,,,,,,,,,,1,,,,,,,,,,,,,,,1,,,1,1,,,,,,,,,,,0,0,0,0,5,0,0,,,,,,
Fauske,5,72,TT3,147,72 TT3 147,,,1,2,2009,10/Aug/2009,Presence,W,1,1,1,,,,,,,,,,,1,1,,,,,1,,,,,,,,,,,,,,,,,1,,,,,,,,,,,,,,,1,,,1,,,,,,,,,,,,5,0,0,0,5,0,0,,,,,,
Fauske,5,72,TT3,147,72 TT3 147,,,1,3,2009,10/Aug/2009,Presence,W,1,1,,,,,1,,,,,,,1,1,,,,,1,,,,,,,,,,,,,,,,,,,,,,,,,,,,,,,,1,,,1,1,,,,,,,,,,,0,0,0,0,5,0,0,,,,,,
Fauske,5,72,TT3,147,72 TT3 147,,,1,4,2009,10/Aug/2009,Presence,W,1,1,,,,,,,,,,,,,1,,,,,1,,,,,,,,,,,,,,,,,,,,,,,,,,,,,,,,,,,1,,,,,,,,,,,,10,0,0,0,5,0,0,,,,,,
Fauske,5,72,TT3,147,72 TT3 147,,,1,5,2009,10/Aug/2009,Presence,W,,F,1,,,,,,,,,,,,,,,,,1,,,,,,,,,,,,,,,,,,,,,,,,,,,,,,,,,,,,,,,,,,,,,,,2,0,0,0,10,0,0,,,,,,
Fauske,5,72,TT3,147,72 TT3 147,,,1,6,2009,10/Aug/2009,Presence,W,,1,1,,,,,,,,,,,,1,,,,,,,,,,,,1,,,,,,,,,,1,,,,,,,,,,,,,,,1,,,1,,,,,,,,,,,,0,0,0,0,20,0,0,,,,,,
Fauske,5,72,TT3,147,72 TT3 147,,,1,7,2009,10/Aug/2009,Presence,W,1,,,,,,,,,,,,,1,1,,,,,,,,F,,,,1,,,,,,,,,,1,,,,,,,,,,,,,,,,,,,,,,,,,,,,,1,2,0,0,0,10,0,0,,,,,,Hypo mac F?
Fauske,5,72,TT3,147,72 TT3 147,,,1,8,2009,10/Aug/2009,Presence,W,1,1,1,,,,,,,,,,,,1,,,,,1,,,,,,,1,,,,,,,,1,,,,,,1,,,,,,,,,,,,,,,,,,,,,,,,,,2,0,0,0,10,0,0,,,,,,
Fauske,5,72,TT3,147,72 TT3 147,,,1,9,2009,10/Aug/2009,Presence,W,1,1,,,,,,,,,,,,,,,,,,D,,,,,,,,,,,,,,,,,,,,,1,,,,,,,,,,,,,,1,,,,,,,,,,,,0,0,0,0,5,0,0,,,,,,
Fauske,5,72,TT3,147,72 TT3 147,,,1,10,2009,10/Aug/2009,Presence,W,1,1,,,,,,,,,,,,,1,,,,,1,,,,,,,,,,,,,,,,,,,,,,,,,,,,,,,,,,,1,,,,,,,,,,,,0,0,0,0,2,0,0,,,,,,
Fauske,5,72,TT3,147,72 TT3 147,,,1,11,2009,10/Aug/2009,Presence,W,,1,1,,,,,,,,,,,1,1,,,,,1,,,,,,,1,1,,,,,,,,,,,,,,,,,,,,,,,,,,,1,,,,,,,,,,,1,0,2,0,0,10,0,0,,,,,,
Fauske,5,72,TT3,147,72 TT3 147,,,1,12,2009,10/Aug/2009,Presence,W,1,1,1,,,,,,,,,,,,1,,,,,,,,,,,,1,,,,,,,,,,,,,,1,,,,,,,,,,,,,,,,,,,,,,,,,1,0,0,0,0,15,0,0,,,,,,
Fauske,5,72,TT3,147,72 TT3 147,,,1,13,2009,10/Aug/2009,Presence,W,1,1,1,,,,,,,,,,,,1,,,,,1,,,,,,,,,,,,,,,1,,,,,,1,,,,,,,,,,,,,,1,,,,,,,,,,,,0,0,0,0,15,0,0,,,,,,
Fauske,5,72,TT3,147,72 TT3 147,,,1,14,2009,10/Aug/2009,Presence,W,1,1,,,,,,,,,,,,,1,,,,,D,,,,,,,,,,,,,,,,,,,,,,,,,,,,,,,,,,,1,,,,,,,,,,,,0,0,0,0,15,0,0,,,,,,
Fauske,5,72,TT3,147,72 TT3 147,,,1,15,2009,10/Aug/2009,Presence,W,,1,1,,,,,,,,,,,,,,,1,,1,,,,,,,,,,,,,,,1,,1,,,,,,,,,,,,,,,,,,,,,,,,,,,,,,0,0,0,0,15,0,0,,,,,,
Fauske,5,72,TT3,147,72 TT3 147,,,1,16,2009,10/Aug/2009,Presence,W,1,1,F,,,,,,,,F,,,,1,,,,,1,,,,,,,,1,,,,,,,,,,,,,,,,,,,,,,,,1,,,1,,,,,,,,,,,,0,0,0,0,10,0,0,,,,,,
Fauske,5,72,TT3,147,72 TT3 147,,,1,17,2009,10/Aug/2009,Presence,W,,1,,,,,,,,,,,,,1,,,,,1,,,,,,,1,,,,,,,,1,,,,,,,,,,,,,,,,,,1,,1,,,,,,,,,,,,0,0,0,0,10,0,0,,,,,,
Fauske,5,72,TT3,147,72 TT3 147,,,1,18,2009,10/Aug/2009,Presence,W,1,1,F,,,,,,,,,,,1,1,,,,,,,,,,,,,,,,,,,,,,1,,,,1,,,,,,,,,1,,,,,1,,,,,,,,,,,,0,0,0,0,0,0,0,,,,,,
Fauske,5,72,TT3,147,72 TT3 147,,,1,19,2009,10/Aug/2009,Presence,W,1,1,1,,,,,,,,,,,1,1,,,,,1,,,,,,,,,,,,,,,,,1,,,,,,,,,,,,,,,,,,1,,,,,,,,,,,,0,0,0,0,0,0,0,,,,,,
Fauske,5,72,TT3,147,72 TT3 147,,,1,20,2009,10/Aug/2009,Presence,W,1,,1,,,,,,1,,,,,1,1,,,1,,1,,,,,,,,,,,,,,,,,,,,,,,,,,,,,,1,,,,,,1,,,,,,,,,,,5,0,0,0,0,0,0,,,,,,
Fauske,5,72,TT3,147,72 TT3 147,,,1,21,2009,10/Aug/2009,Presence,W,1,1,1,,,,,,,,1,,,,,,,,1,1,,,,,,,,,,,,,,,,,,,,,,,,,,,,,,,,1,,,1,,,,,,,,,,,,0,4,0,0,8,0,0,,,,,,
Fauske,5,72,TT3,147,72 TT3 147,,,1,22,2009,10/Aug/2009,Presence,W,1,1,,,,,,,,,1,,,,1,,,1,,1,,,,,,,,,,,,,,,,,,,,,,,,,,,,,,,,1,,,,,,,,,,,,,,1,0,0,0,0,10,0,0,,,,11,0.5,
Fauske,5,72,TT3,147,72 TT3 147,,,1,23,2009,10/Aug/2009,Presence,W,,1,,,,,,,1,,,,,,,,,1,,1,,,,,,,,,,,,,,,,,,,,,,,,,,,,,,1,,,,,1,,,,,,,,,,,,0,0,0,0,10,0,0,,,,13,,
Fauske,5,72,TT3,147,72 TT3 147,,,1,24,2009,10/Aug/2009,Presence,W,,1,1,,,,,,1,,,,,,1,1,,,,1,,,,,,,,,,,,,,,1,,1,,,,,,,,,,,,,,,,,,1,,,,,,,,,,,,0,0,0,0,0,0,0,,,,12,,
Fauske,5,72,TT3,147,72 TT3 147,,,1,25,2009,10/Aug/2009,Presence,W,1,1,1,,,,,,1,,,,,,,,,,,,,,,,,,,,,,,,,,1,,1,,,,,,,,,,,,,,,,,,1,,,,,,,,,,,,0,0,0,0,5,0,0,,,,10,,
Fauske,5,72,TT3,147,72 TT3 147,,,1,%,2009,10/Aug/2009,Cover,W,4,4,16,,,,1,,2,,1,,,1,1,1,,1,1,16,,,4,,,,2,1,,,,,,,3,,10,,,,2,,,,,,,,,2,,1,1,,6,1,,,,,,,,,,1,1.04,0.24,0,0,8,0,0,85,2,0,11.5,0.5,
,,,,,,,,,,,,,,,,,,,,,,,,,,,,,,,,,,,,,,,,,,,,,,,,,,,,,,,,,,,,,,,,,,,,,,,,,,,,,,,,,,,,,,,,,,,,
Fauske,5,73,TTC,73,73 TTC,,,2,1,2009,10/Aug/2009,Presence,KK,1,1,,,,,,,,,,,,,1,,,1,,,,,,,,,,,,,,,,,,,,,,,,,,,,,,,,,,,,,,1,,,,,,,,,,,10,0,0,0,5,0,0,,,,,,
Fauske,5,73,TTC,73,73 TTC,,,2,2,2009,10/Aug/2009,Presence,KK,,1,1,,,,,,,,,,,,1,,,,,,,,,,,,,,,,,,,,1,,1,,,,,,,,,,,,,,,,,,,1,,,,,,,,,,,5,0,0,0,5,0,0,,,,,,
Fauske,5,73,TTC,73,73 TTC,,,2,3,2009,10/Aug/2009,Presence,KK,,1,,,,,,,,,,,,,1,,,,,,,,,,,,,,,,,,,,1,,,,,,,,,,,,,,,,,,,,,1,,,,,,,,,,,2,0,0,0,2,0,0,,,,,,
Fauske,5,73,TTC,73,73 TTC,,,2,4,2009,10/Aug/2009,Presence,KK,1,1,1,,,,,,,,,,,,1,,,,,,,,,,,,,,,,,,,,,,,,,,,,,,,,,,,,,,,,,1,,,,,,,,,,,2,0,0,0,2,0,0,,,,,,
Fauske,5,73,TTC,73,73 TTC,,,2,5,2009,10/Aug/2009,Presence,KK,,1,1,,,,,,,,,,,,1,,,1,,,,,1,,,,,,,,,,,,,,,,,,,,,,,,,,,,,,,,,1,,,,,,,,,,1,5,0,0,0,2,0,0,,,,,,
Fauske,5,73,TTC,73,73 TTC,,,2,6,2009,10/Aug/2009,Presence,KK,1,1,1,,,,,,,,,,,,1,,,,,,,,,,,,,,,,,,,,1,,1,,,,,,,,,,,,,,,,1,,,1,,,,,,,,,,,2,0,0,0,10,0,0,,,,,,
Fauske,5,73,TTC,73,73 TTC,,,2,7,2009,10/Aug/2009,Presence,KK,1,1,1,,,,,,,,,,,,1,,,,,,,,,,,,,,,,,,,,,,F,,1,,,,,,,,,,,,,,,,,,,,,,,,,,,,2,0,0,0,5,0,0,,,,,,
Fauske,5,73,TTC,73,73 TTC,,,2,8,2009,10/Aug/2009,Presence,KK,1,1,,,,,,,,,,,,,1,,,,,,,,,,,,,,,,,,,,,,1,1,,,,,,,,,,,,,,,,,,,,,,,,,,,,,10,0,0,0,10,0,0,,,,,,
Fauske,5,73,TTC,73,73 TTC,,,2,9,2009,10/Aug/2009,Presence,KK,1,1,1,,,,,,,,,,,,1,,,,,,,,,,,,,,,,,,,,1,,,1,,,,,,,,,,,,,,,,,,1,,,,,,,,,,,2,0,0,0,5,0,0,,,,,,
Fauske,5,73,TTC,73,73 TTC,,,2,10,2009,10/Aug/2009,Presence,KK,1,1,1,,,,,,,,,,,,1,,,,,,,,,,,,,,,,,,,,1,,1,1,,,,,,,,,,,,,,,,,,,,,,,,,,,,,2,0,0,0,5,0,0,,,,,,
Fauske,5,73,TTC,73,73 TTC,,,2,11,2009,10/Aug/2009,Presence,KK,1,1,,,,,,1,,,,,,,1,,,,,,,,,,,,,,,,,,,,1,,,,,,,,,,,,,,,,,,,,,1,,,,,,,,,,,0,0,0,0,10,0,0,,,,,,
Fauske,5,73,TTC,73,73 TTC,,,2,12,2009,10/Aug/2009,Presence,KK,1,1,1,,,,,,,,,,,,1,,,,,,,,,,,,,,,,,,,,1,,F,1,,,,,,,,,,,,1,,1,,,,1,F,,,,,,,,,1,10,0,0,0,10,0,0,,,,,,
Fauske,5,73,TTC,73,73 TTC,,,2,13,2009,10/Aug/2009,Presence,KK,1,1,,,,,,,,,,,,,1,,,1,,,,,,,,,,,,,,,,,1,,1,1,,,,,,,,,,,,1,,,,,,,1,,,,,,,,,,2,0,0,0,5,0,0,,,,,,
Fauske,5,73,TTC,73,73 TTC,,,2,14,2009,10/Aug/2009,Presence,KK,1,1,,,,,,,,,,,,,1,,1,,,,,,1,,,1,,,,,,,,,,,,1,,,,,,,,,,,,1,,,,,,1,,,,,,,,,,1,2,0,0,0,5,0,0,,,,,,
Fauske,5,73,TTC,73,73 TTC,,,2,15,2009,10/Aug/2009,Presence,KK,,1,1,,,,,,,,,,,,1,,,,,,,,,,,1,,,,,,,,,1,,,,,,,,,,,,,,,,,,,,,1,,,,,,,,,,,2,0,0,0,5,0,0,,,,,,
Fauske,5,73,TTC,73,73 TTC,,,2,16,2009,10/Aug/2009,Presence,KK,1,1,1,,,,,1,,,,,,,1,,,,,,,,,,,,,,,,,,,,,,,,,,,,,,,,,,,,,,,,,,1,,,,,,,,,,2,0,0,0,10,0,0,,,,,,
Fauske,5,73,TTC,73,73 TTC,,,2,17,2009,10/Aug/2009,Presence,KK,1,1,1,,,,,,,,,,,,1,,,,,,,,,,,1,,,,,,,,,F,,,,1,,,,,,,,,,,,,1,,,,,1,,,,,,,,,,5,0,0,0,15,0,0,,,,,,
Fauske,5,73,TTC,73,73 TTC,,,2,18,2009,10/Aug/2009,Presence,KK,1,1,S,,,,,,,,,,,,1,,,,,,,,1,,,,,,,,,,,,F,,,1,,,,,,,,,,,,,,,,,,,1,,,,,,,,,,5,0,0,0,20,0,0,,,,,,
Fauske,5,73,TTC,73,73 TTC,,,2,19,2009,10/Aug/2009,Presence,KK,1,1,1,,,,,1,,,,,,,,,,1,,,,,1,,,,,,,,,,,,,,,1,,,,,,,,,,,,1,,,,,,1,,,,,,,,,,,2,0,0,0,10,0,0,,,,,,
Fauske,5,73,TTC,73,73 TTC,,,2,20,2009,10/Aug/2009,Presence,KK,1,1,1,,,,,,,,,,,,,,,1,,,,,,,,1,,,,,,,,,,,,,,,,,,,,,,,,,,,,,,,1,,,,,,,,,,20,0,0,0,5,0,0,,,,,,
Fauske,5,73,TTC,73,73 TTC,,,2,21,2009,10/Aug/2009,Presence,KK,1,1,1,,,,,,,,,,,,,,,,,,,,,,,,,,,,,,,,,,,,,,,,,,,,,,,,,,,,,,1,,,,,,,,,,2,0,0,0,20,0,0,,,,,,
Fauske,5,73,TTC,73,73 TTC,,,2,22,2009,10/Aug/2009,Presence,KK,1,1,1,,,,,,,,,,,,1,,,,,,,,,,,1,,,,,,,,,,,,,,,,,,,,,,,,,,,1,,,,1,,,,,,,,,,5,0,0,0,10,0,0,,,,13,,
Fauske,5,73,TTC,73,73 TTC,,,2,23,2009,10/Aug/2009,Presence,KK,1,1,1,,,,,,,,,,,,,,,1,,,,,,,,,,,,,,,,,,,,,,,,,,,,,,,,1,,,,,,,,,,,,,,,,,2,0,0,0,5,0,0,,,,8,,
Fauske,5,73,TTC,73,73 TTC,,,2,24,2009,10/Aug/2009,Presence,KK,1,1,1,,,,,1,,,,,,,,,,1,,,,,,,,1,,,,,,,,,,,,,,,,,,,,,,,,,,,,,,,,,,,,,,,,,10,0,0,0,2,0,0,,,,7,,
Fauske,5,73,TTC,73,73 TTC,,,2,25,2009,10/Aug/2009,Presence,KK,1,1,,,,,,,,,,,,,1,,,1,,,,,,,,1,,,,,,,,,,,1,1,,,,,,,,,,,,,,,,,,,,,,,,,,,,,10,0,0,0,5,0,0,,,,9,,
Fauske,5,73,TTC,73,73 TTC,,,2,%,2009,10/Aug/2009,Cover,KK,20,15,30,,,,,2,,,,,,,5,,2,2,,,,,5,,,2,,,,,,,,,8,,5,8,2,,,,,,,,,,,3,,1,1,,,10,5,,,,,,,,,1,4.84,0,0,0,7.52,0,0,96,5,0,9.25,0.5,
