OriginSite,OriginBlock,originPlotID,TTtreat,destinationPlotID,turfID,RTtreat ,GRtreat,Old Treat,subPlot,year,date,Measure,recorder,Ach mil,Agr cap,Agr mer,Alc alp,Alc sp,Ant dio,Ant odo,Ave fle,Bis viv,Bot lun,Cam rot,Car big,Car Cap,Car fla,Car nor,Car pil,Car vag,Cer alp,Cer fon ,Des ces,Emp her,Epi ana,Eup str,Fes ovi,Fes rub,Fes viv,Gen niv,Gram sp,Hie pil,Hie vul,Jun com,Kob sim,Leo aut,Lot cor,Luz mul ,Nar stri,Oma sup,Par pal,Par pal,Phle alp,Pin vul,Pin vul,Poa alp,Poa pra,Pot cra,Pot ere,Pyr min,Pyr nor,Rum ac-la,Ran acr,Rum ace,Sag,Sal her,Saus alp,Sax aiz ,Sel sel,Sib,Sil aca,Sol vir,Tarax,Tha alp,Tri rep,Vac myr,Ver alp,Ver fru,Ver off,Vio bif,Vio pal,Nid seedling,pleuro,acro,liver,lichen,litter,soil,rock,totalVascular,totalBryophytes,totalLichen,vegetationHeight,mossHeight,comment
Skjellingahaugen,1,1900,,1900,Skj1RTC,RTC,,RTC,1,2009,15-Aug,Presence,W,,,,,S,,,,1,,1,,,,,,,,,,,,S,,,,,,,,,,,,,1,,,,,,,,,1,,,,,,,,,,1,,F,,,,1,,,,,,,,,5,0,0,0,5,0,0,,,,,,
Skjellingahaugen,1,1900,,1900,Skj1RTC,RTC,,RTC,2,2009,15-Aug,Presence,W,,,,,,,,,,,,,F,,,,,,,,,,S,,,,,,,,,,,,,D,,,,,,,,,1,,,,,,,,,,F,,1,,,,1,,,,,,,,,3,0,0,0,10,0,0,,,,,,
Skjellingahaugen,1,1900,,1900,Skj1RTC,RTC,,RTC,3,2009,15-Aug,Presence,W,,1,,,1,,1,,1,,1,,,,,,,,,,,,,,,,,,,,,,,,,S,,,,,,,,,1,,,,,,,,,,F,,1,,,,1,,,,,,,,,0,0,0,0,10,0,0,,,,,,
Skjellingahaugen,1,1900,,1900,Skj1RTC,RTC,,RTC,4,2009,15-Aug,Presence,W,,,,S,,,,,,,,,,,,,,,,,,,S,,,,S,,,,,,,,,,,,,,,,1,,1,,,,,,,,,,F,,,1,,,1,,,,,,,,,2,0,0,0,5,10,0,,,,,,
Skjellingahaugen,1,1900,,1900,Skj1RTC,RTC,,RTC,5,2009,15-Aug,Presence,W,,1,,,,,,,1,,,,1,,,,,,,,,,SF,,,,,,,,,,,,,,,,,,,,,,1,,,,,,,,,,,,1,,,,F,,,F,,,,,,10,0,0,0,5,10,0,,,,,,
Skjellingahaugen,1,1900,,1900,Skj1RTC,RTC,,RTC,6,2009,15-Aug,Presence,W,,1,,,,,,,,,,,,,,,,,,,,,S,,,,,,,,,,1,,1,,,,,,,,,,1,,,,,,,,,,1,,1,,,,1,,,1,1,,,,,10,0,0,0,5,0,0,,,,,,
Skjellingahaugen,1,1900,,1900,Skj1RTC,RTC,,RTC,7,2009,15-Aug,Presence,W,,1,,,,,,,1,,,,1,,,,,,,1,,,,,,,,,,,,,1,,,1,,,,,,,,,1,,,,,,,,,,F,,,,,,1,,,,,,,,,5,0,0,0,5,0,0,,,,,,
Skjellingahaugen,1,1900,,1900,Skj1RTC,RTC,,RTC,8,2009,15-Aug,Presence,W,,,,,,,1,,1,,,,F,,,,,,,,,,,,,,,,,,,,,,,,,,,,,,,,,,,,,,,,,,1,,1,,,,1,,,,,,,,,5,0,0,0,5,30,0,,,,,,
Skjellingahaugen,1,1900,,1900,Skj1RTC,RTC,,RTC,9,2009,15-Aug,Presence,W,,,,,,,,,,,1,,,,,,,,,,,,,,,,,,,,,,,,,,,,,,,,,,,,,,,,,,,,1,,1,,,,1,,,,,,,,,8,0,0,0,1,35,0,,,,,,
Skjellingahaugen,1,1900,,1900,Skj1RTC,RTC,,RTC,10,2009,15-Aug,Presence,W,,1,,S,,,,,1,,,,F,,,,,,,,,,SF,,,,,,,,,,,,,1,,,,,,,,,,,,,,,,,,,1,,1,,,,F,,,,,,,,1,5,0,0,0,5,15,0,,,,,,
Skjellingahaugen,1,1900,,1900,Skj1RTC,RTC,,RTC,11,2009,15-Aug,Presence,W,,,,,,,,,1,,,,,,,,,,S,,,,S,,,,,,,,,,,,,F,,,F,,,,,,1,,,,,,,,,,,,1,1,,,,,,,1,,,,1,10,0,0,0,2,3,0,,,,,,
Skjellingahaugen,1,1900,,1900,Skj1RTC,RTC,,RTC,12,2009,15-Aug,Presence,W,,1,,,,,1,,1,,1,,S,,,,,,,,,,SF,,,,,,,,,,,,,,,,,,,,,,1,,,,,,,,,,1,,1,,,,1,,,,,,,,,15,0,0,0,2,3,0,,,,,,
Skjellingahaugen,1,1900,,1900,Skj1RTC,RTC,,RTC,13,2009,15-Aug,Presence,W,,1,,,,,,F,1,,,,1,,,,,,,,,,,,,,,,,,,,,,1,,,,,,,,,,,,,,,,,,,,1,,1,,,,,,,,,,,1,,2,0,0,0,5,30,0,,,,,,
Skjellingahaugen,1,1900,,1900,Skj1RTC,RTC,,RTC,14,2009,15-Aug,Presence,W,,,,,,,,,1,,1,,,,,,,,,,,,,,,,,,,,,,,,,,,,,,,,,,,,,,,,,,,,,,1,,,,F,,,,,,,,,15,0,0,0,5,1,0,,,,,,
Skjellingahaugen,1,1900,,1900,Skj1RTC,RTC,,RTC,15,2009,15-Aug,Presence,W,,,,,S,,,,F,,,,F,,,,,,,,,,,,,,,,,,,,,,,S,,,,,,,,,,,,,,,,,,,1,,1,,,1,1,,,,,,,,,15,0,0,0,5,5,0,,,,,,
Skjellingahaugen,1,1900,,1900,Skj1RTC,RTC,,RTC,16,2009,15-Aug,Presence,W,,1,,,,,,,1,,,,,,,,,,,,,,,,,,,,,,,,,,,1,,,,,,,1,,1,,,,,,,,1,,,,1,DF,,,,,,,,,,,,1,0,0,0,1,0,0,,,,,,
Skjellingahaugen,1,1900,,1900,Skj1RTC,RTC,,RTC,17,2009,15-Aug,Presence,W,,1,,,S,,,,1,,,,1,,,,,,,,,,S,,,,F,,,,,,,,,D,,,,,,,1,,1,,,,,,,,,,,,1,,,,1,,,,,,,1,,35,0,0,0,10,2,0,,,,,,
Skjellingahaugen,1,1900,,1900,Skj1RTC,RTC,,RTC,18,2009,15-Aug,Presence,W,,,,,,,,,1,,,,1,,,,,,S,1,,,SF,,,,,,,,,,,,,,,,F,,,,1,,1,,,,,,,,,,,,1,,,,1,,,,,,,,,5,0,0,0,5,15,0,,,,,,
Skjellingahaugen,1,1900,,1900,Skj1RTC,RTC,,RTC,19,2009,15-Aug,Presence,W,,,,,,,,,1,,,,,,,,,,S,,,,,,1,,,,,,,,,,,,,,,,,,,,,,,,,,,,1,,,,F,,,,1,,,,,,,,,15,0,0,0,5,15,0,,,,,,
Skjellingahaugen,1,1900,,1900,Skj1RTC,RTC,,RTC,20,2009,15-Aug,Presence,W,,,,,,,,,1,,1,,,,,,,,,,,,S,,S,,,,,,,,,,,1,,,,,,,,,,,,,,,,,,,,,1,,,,1,,,,,,,,,30,0,0,0,10,5,0,,,,,,
Skjellingahaugen,1,1900,,1900,Skj1RTC,RTC,,RTC,21,2009,15-Aug,Presence,W,,,,,,,,,1,,,,,,,,,,,,,,,,,,,,,,,,,,,,,,,1,,,1,,,,,,,,,,1,,,,1,DF,,,1,,,,,,,,,0,0,0,0,2,0,0,,,,,,
Skjellingahaugen,1,1900,,1900,Skj1RTC,RTC,,RTC,22,2009,15-Aug,Presence,W,,,,,,,,,1,,1,,1,,,,,,,,,,,,,,,,,,,,,,,,,,1,,,,,,1,,,,,,,,,,,1,1,1,,,D,,,,,,,,,5,0,0,0,5,1,0,,,,6,0.5,
Skjellingahaugen,1,1900,,1900,Skj1RTC,RTC,,RTC,23,2009,15-Aug,Presence,W,,,,,,,,,1,,,,1,,,,,,,1,,,S,,,,,,,,,,,,,S,,F,,,,,,,1,,,,,,,,1,,,1,1,,,,1,,,,,,,,,5,0,0,0,10,5,0,,,,1,,
Skjellingahaugen,1,1900,,1900,Skj1RTC,RTC,,RTC,24,2009,15-Aug,Presence,W,,,,,,,,,,,1,,1,,,,,,,,,,SF,,,,,,,,,,,,,S,,,1,,,,,,,,,,,,,,1,,,,1,,,,1,,,,,,,,,20,0,0,0,5,5,0,,,,5,,
Skjellingahaugen,1,1900,,1900,Skj1RTC,RTC,,RTC,25,2009,15-Aug,Presence,W,,,,,,,,,,,,,1,,,,,,,,,,,,,,,,,,,,,,,1,,,,,,,,,S,,,,,,,,,,,,1,,,,1,,,,,,,,,50,0,0,0,10,5,0,,,,3,,
Skjellingahaugen,1,1900,,1900,Skj1RTC,RTC,,RTC,%,2009,15-Aug,Cover,W,,2,,1,1,,1,1,2,,1,,4,,,,,,1,2,,,1,,1,,1,,,,,,1,,1,5,,1,1,1,,,1,,7,,,,,,,,3,,5,1,8,10,,1,12,,,1,1,,,1,1,11.04,0,0,0,5.52,7.8,0,75,15,0,3.75,0.5,
,,,,,,,,,,,,,,,,,,,,,,,,,,,,,,,,,,,,,,,,,,,,,,,,,,,,,,,,,,,,,,,,,,,,,,,,,,,,,,,,,,,,,,,,,,,,,,,
Skjellingahaugen,12,535,TTC,535,535 TTC,,,RTC,1,2009,15-Aug,Presence,W,,,,,S,,,,1,,1,,,,,,,,,,,,S,,,,,,,,,,,,,1,,,,,,,,,1,,,,,,,,,,1,,F,,,,1,,,,,,,,,5,0,0,0,5,0,0,,,,,,
Skjellingahaugen,12,535,TTC,535,535 TTC,,,RTC,2,2009,15-Aug,Presence,W,,,,,,,,,,,,,F,,,,,,,,,,S,,,,,,,,,,,,,D,,,,,,,,,1,,,,,,,,,,F,,1,,,,1,,,,,,,,,3,0,0,0,10,0,0,,,,,,
Skjellingahaugen,12,535,TTC,535,535 TTC,,,RTC,3,2009,15-Aug,Presence,W,,1,,,1,,1,,1,,1,,,,,,,,,,,,,,,,,,,,,,,,,S,,,,,,,,,1,,,,,,,,,,F,,1,,,,1,,,,,,,,,0,0,0,0,10,0,0,,,,,,
Skjellingahaugen,12,535,TTC,535,535 TTC,,,RTC,4,2009,15-Aug,Presence,W,,,,S,,,,,,,,,,,,,,,,,,,S,,,,S,,,,,,,,,,,,,,,,1,,1,,,,,,,,,,F,,,1,,,1,,,,,,,,,2,0,0,0,5,10,0,,,,,,
Skjellingahaugen,12,535,TTC,535,535 TTC,,,RTC,5,2009,15-Aug,Presence,W,,1,,,,,,,1,,,,1,,,,,,,,,,SF,,,,,,,,,,,,,,,,,,,,,,1,,,,,,,,,,,,1,,,,F,,,F,,,,,,10,0,0,0,5,10,0,,,,,,
Skjellingahaugen,12,535,TTC,535,535 TTC,,,RTC,6,2009,15-Aug,Presence,W,,1,,,,,,,,,,,,,,,,,,,,,S,,,,,,,,,,1,,1,,,,,,,,,,1,,,,,,,,,,1,,1,,,,1,,,1,1,,,,,10,0,0,0,5,0,0,,,,,,
Skjellingahaugen,12,535,TTC,535,535 TTC,,,RTC,7,2009,15-Aug,Presence,W,,1,,,,,,,1,,,,1,,,,,,,1,,,,,,,,,,,,,1,,,1,,,,,,,,,1,,,,,,,,,,F,,,,,,1,,,,,,,,,5,0,0,0,5,0,0,,,,,,
Skjellingahaugen,12,535,TTC,535,535 TTC,,,RTC,8,2009,15-Aug,Presence,W,,,,,,,1,,1,,,,F,,,,,,,,,,,,,,,,,,,,,,,,,,,,,,,,,,,,,,,,,,1,,1,,,,1,,,,,,,,,5,0,0,0,5,30,0,,,,,,
Skjellingahaugen,12,535,TTC,535,535 TTC,,,RTC,9,2009,15-Aug,Presence,W,,,,,,,,,,,1,,,,,,,,,,,,,,,,,,,,,,,,,,,,,,,,,,,,,,,,,,,,1,,1,,,,1,,,,,,,,,8,0,0,0,1,35,0,,,,,,
Skjellingahaugen,12,535,TTC,535,535 TTC,,,RTC,10,2009,15-Aug,Presence,W,,1,,S,,,,,1,,,,F,,,,,,,,,,SF,,,,,,,,,,,,,1,,,,,,,,,,,,,,,,,,,1,,1,,,,F,,,,,,,,1,5,0,0,0,5,15,0,,,,,,
Skjellingahaugen,12,535,TTC,535,535 TTC,,,RTC,11,2009,15-Aug,Presence,W,,,,,,,,,1,,,,,,,,,,S,,,,S,,,,,,,,,,,,,F,,,F,,,,,,1,,,,,,,,,,,,1,1,,,,,,,1,,,,1,10,0,0,0,2,3,0,,,,,,
Skjellingahaugen,12,535,TTC,535,535 TTC,,,RTC,12,2009,15-Aug,Presence,W,,1,,,,,1,,1,,1,,S,,,,,,,,,,SF,,,,,,,,,,,,,,,,,,,,,,1,,,,,,,,,,1,,1,,,,1,,,,,,,,,15,0,0,0,2,3,0,,,,,,
Skjellingahaugen,12,535,TTC,535,535 TTC,,,RTC,13,2009,15-Aug,Presence,W,,1,,,,,,F,1,,,,1,,,,,,,,,,,,,,,,,,,,,,1,,,,,,,,,,,,,,,,,,,,1,,1,,,,,,,,,,,1,,2,0,0,0,5,30,0,,,,,,
Skjellingahaugen,12,535,TTC,535,535 TTC,,,RTC,14,2009,15-Aug,Presence,W,,,,,,,,,1,,1,,,,,,,,,,,,,,,,,,,,,,,,,,,,,,,,,,,,,,,,,,,,,,1,,,,F,,,,,,,,,15,0,0,0,5,1,0,,,,,,
Skjellingahaugen,12,535,TTC,535,535 TTC,,,RTC,15,2009,15-Aug,Presence,W,,,,,S,,,,F,,,,F,,,,,,,,,,,,,,,,,,,,,,,S,,,,,,,,,,,,,,,,,,,1,,1,,,1,1,,,,,,,,,15,0,0,0,5,5,0,,,,,,
Skjellingahaugen,12,535,TTC,535,535 TTC,,,RTC,16,2009,15-Aug,Presence,W,,1,,,,,,,1,,,,,,,,,,,,,,,,,,,,,,,,,,,1,,,,,,,1,,1,,,,,,,,1,,,,1,DF,,,,,,,,,,,,1,0,0,0,1,0,0,,,,,,
Skjellingahaugen,12,535,TTC,535,535 TTC,,,RTC,17,2009,15-Aug,Presence,W,,1,,,S,,,,1,,,,1,,,,,,,,,,S,,,,F,,,,,,,,,D,,,,,,,1,,1,,,,,,,,,,,,1,,,,1,,,,,,,1,,35,0,0,0,10,2,0,,,,,,
Skjellingahaugen,12,535,TTC,535,535 TTC,,,RTC,18,2009,15-Aug,Presence,W,,,,,,,,,1,,,,1,,,,,,S,1,,,SF,,,,,,,,,,,,,,,,F,,,,1,,1,,,,,,,,,,,,1,,,,1,,,,,,,,,5,0,0,0,5,15,0,,,,,,
Skjellingahaugen,12,535,TTC,535,535 TTC,,,RTC,19,2009,15-Aug,Presence,W,,,,,,,,,1,,,,,,,,,,S,,,,,,1,,,,,,,,,,,,,,,,,,,,,,,,,,,,1,,,,F,,,,1,,,,,,,,,15,0,0,0,5,15,0,,,,,,
Skjellingahaugen,12,535,TTC,535,535 TTC,,,RTC,20,2009,15-Aug,Presence,W,,,,,,,,,1,,1,,,,,,,,,,,,S,,S,,,,,,,,,,,1,,,,,,,,,,,,,,,,,,,,,1,,,,1,,,,,,,,,30,0,0,0,10,5,0,,,,,,
Skjellingahaugen,12,535,TTC,535,535 TTC,,,RTC,21,2009,15-Aug,Presence,W,,,,,,,,,1,,,,,,,,,,,,,,,,,,,,,,,,,,,,,,,1,,,1,,,,,,,,,,1,,,,1,DF,,,1,,,,,,,,,0,0,0,0,2,0,0,,,,,,
Skjellingahaugen,12,535,TTC,535,535 TTC,,,RTC,22,2009,15-Aug,Presence,W,,,,,,,,,1,,1,,1,,,,,,,,,,,,,,,,,,,,,,,,,,1,,,,,,1,,,,,,,,,,,1,1,1,,,D,,,,,,,,,5,0,0,0,5,1,0,,,,6,0.5,
Skjellingahaugen,12,535,TTC,535,535 TTC,,,RTC,23,2009,15-Aug,Presence,W,,,,,,,,,1,,,,1,,,,,,,1,,,S,,,,,,,,,,,,,S,,F,,,,,,,1,,,,,,,,1,,,1,1,,,,1,,,,,,,,,5,0,0,0,10,5,0,,,,1,,
Skjellingahaugen,12,535,TTC,535,535 TTC,,,RTC,24,2009,15-Aug,Presence,W,,,,,,,,,,,1,,1,,,,,,,,,,SF,,,,,,,,,,,,,S,,,1,,,,,,,,,,,,,,1,,,,1,,,,1,,,,,,,,,20,0,0,0,5,5,0,,,,5,,
Skjellingahaugen,12,535,TTC,535,535 TTC,,,RTC,25,2009,15-Aug,Presence,W,,,,,,,,,,,,,1,,,,,,,,,,,,,,,,,,,,,,,1,,,,,,,,,S,,,,,,,,,,,,1,,,,1,,,,,,,,,50,0,0,0,10,5,0,,,,3,,
Skjellingahaugen,12,535,TTC,535,535 TTC,,,RTC,%,2009,15-Aug,Cover,W,,2,,1,1,,1,1,2,,1,,4,,,,,,1,2,,,1,,1,,1,,,,,,1,,1,5,,1,1,1,,,1,,7,,,,,,,,3,,5,1,8,10,,1,12,,,1,1,,,1,1,11.04,0,0,0,5.52,7.8,0,75,15,0,3.75,0.5,
,,,,,,,,,,,,,,,,,,,,,,,,,,,,,,,,,,,,,,,,,,,,,,,,,,,,,,,,,,,,,,,,,,,,,,,,,,,,,,,,,,,,,,,,,,,,,,,
Skjellingahaugen,1,236,TTC,236,236 TTC,,,TTC,1,2009,15-Aug,Presence,W,,,,,,,,,1,,,,F,,,,,,,,,,SF,,,,,,,,,,,,,1,,,,,,,,,,,,,,,,,,,,,,1,,,1,,,,,,,,,5,0,0,0,15,0,0,,,,,,
Skjellingahaugen,1,236,TTC,236,236 TTC,,,TTC,2,2009,15-Aug,Presence,W,,,,,,,,,F,,1,,1,,,,,,,1,,,S,,,,,,,,,,,,,1,,,,,,,1,,,,,,,,,,,,,,,,,,1,,,,,,,,,10,0,0,0,20,0,0,,,,,,
Skjellingahaugen,1,236,TTC,236,236 TTC,,,TTC,3,2009,15-Aug,Presence,W,,1,,,,,,,1,,1,,1,,,,,,,1,,,,,,,,,,,,,,,,1,,,,,F,,,,,,,,,,,,,,,,,,,,1,,,1,,,,,,15,0,0,0,30,0,0,,,,,,
Skjellingahaugen,1,236,TTC,236,236 TTC,,,TTC,4,2009,15-Aug,Presence,W,,,,,1,,,,1,,,,1,,,,,,,,,,,,,,,,,,,,,,,1,,,,,F,,,,,,,,,,,,,,,,,,,,1,,,,,,,,,20,0,0,0,15,0,0,,,,,,
Skjellingahaugen,1,236,TTC,236,236 TTC,,,TTC,5,2009,15-Aug,Presence,W,,1,,,1,,,,F,,1,,,,,,,,,,S,,SF,,,,,,,,,,,,,1,,,,,,,,,,,,,,,,,,1,,,1,,,,,,,,,,,,,10,0,0,0,15,0,0,,,,,,
Skjellingahaugen,1,236,TTC,236,236 TTC,,,TTC,6,2009,15-Aug,Presence,W,,,,,,,,,1,,1,,1,,,,,,,,,,,,,,,,,,,,,,,1,,,,,,,,,,,,,,,,,,,,,,,,,1,,,,,,,,,10,0,0,0,20,0,0,,,,,,
Skjellingahaugen,1,236,TTC,236,236 TTC,,,TTC,7,2009,15-Aug,Presence,W,,,,,,,,,,,1,,F,,,,,,,1,,,,,,,,,,,,,,,,,,,,,,,,,,,,,,,,,,,,,,,,,1,,,,,,,,,5,0,0,0,25,0,0,,,,,,
Skjellingahaugen,1,236,TTC,236,236 TTC,,,TTC,8,2009,15-Aug,Presence,W,,1,,,,,,,1,,,,F,,,,,,,1,,,SF,,,,,,,,,,,,,1,,,,,,,,,,,,,,,,,,,,,,,,,1,,,,,,,,,10,0,0,0,15,0,0,,,,,,
Skjellingahaugen,1,236,TTC,236,236 TTC,,,TTC,9,2009,15-Aug,Presence,W,,,,,,,,,1,,,,F,,,,,,,,,,,,,,,,,,,,,,,1,,,,,,,,,,,,,,,,,,1,,,,,,,1,,,,,,,,1,10,0,0,0,25,0,0,,,,,,
Skjellingahaugen,1,236,TTC,236,236 TTC,,,TTC,10,2009,15-Aug,Presence,W,,,,,1,,,,1,,,,,,,,,,,1,,,,,,,,,,,,,,,,1,,,,,,,,,,,,,,,,,,1,,,1,,,,,,,,,,,,,5,0,0,0,25,0,0,,,,,,
Skjellingahaugen,1,236,TTC,236,236 TTC,,,TTC,11,2009,15-Aug,Presence,W,,,,,,,,,1,,,,1,,,,,,,1,,,,,,,,,,,,,,,,,,,,,,,,,,,,,,,,,,1,,,,,,,1,,,,,,,,,60,0,0,0,10,0,0,,,,,,
Skjellingahaugen,1,236,TTC,236,236 TTC,,,TTC,12,2009,15-Aug,Presence,W,,,,,1,,,,1,,,,,,,,,,,1,,,SF,,,,,,,,,,,,,,,,,,,,,,,,,,,,,,,1,,,,,,,,,,,,,,,,10,0,0,0,30,0,0,,,,,,
Skjellingahaugen,1,236,TTC,236,236 TTC,,,TTC,13,2009,15-Aug,Presence,W,,1,,,1,,,,,,,,1,,,,,,,,,,,,,,,,,,,,,,,1,,,,,,,,,,,,,,,,,,1,,,,,,,1,,,,,,,,,15,0,0,0,15,0,0,,,,,,
Skjellingahaugen,1,236,TTC,236,236 TTC,,,TTC,14,2009,15-Aug,Presence,W,,1,,,1,,,,1,,1,,,,,,,,,,,,,,,,,,,,,,,,,D,,,,,,,,,,,,,,,,,,,,F,,,,,1,,,,,,,,1,5,0,0,0,20,0,0,,,,,,
Skjellingahaugen,1,236,TTC,236,236 TTC,,,TTC,15,2009,15-Aug,Presence,W,,1,,,1,,,,F,,,,,,,,,,,,,,,,,,,,,,,,,,,D,,,,,,,,,,,,,,,,,,,,,,,,,,,,,,,,,,2,0,0,0,40,0,0,,,,,,
Skjellingahaugen,1,236,TTC,236,236 TTC,,,TTC,16,2009,15-Aug,Presence,W,,1,,,,,,,1,,1,,,,,,,,,1,,,,,,,,,,,,,,,,1,,,,,,,1,,,,,,,,,,,1,,,,,,,1,,,1,,,,,,15,0,0,0,10,0,0,,,,,,
Skjellingahaugen,1,236,TTC,236,236 TTC,,,TTC,17,2009,15-Aug,Presence,W,,1,,,1,,,,1,,1,,,,,,,,,,,,S,,,,,,,,,,,,,1,,,,,,,,,,,,,,,,,,1,,,,,,,1,,,,,,,,1,3,0,0,0,15,0,0,,,,,,
Skjellingahaugen,1,236,TTC,236,236 TTC,,,TTC,18,2009,15-Aug,Presence,W,,1,,,1,,,,1,,,,1,,,,,,,,,,,,,,,,,,,,,,,1,,,,,,,,,,,,,,,,,,1,,,,,,,,,,,,,,,,15,0,0,0,10,0,0,,,,,,
Skjellingahaugen,1,236,TTC,236,236 TTC,,,TTC,19,2009,15-Aug,Presence,W,,,,,F,,,,1,,,,,,,,,,,,,,,,,,,,,,,,,,,1,,,,,,,,,,,,,,,,,,,,F,,,,,1,,,,,,,1,,3,0,0,0,40,0,0,,,,,,
Skjellingahaugen,1,236,TTC,236,236 TTC,,,TTC,20,2009,15-Aug,Presence,W,,1,,,,,,,1,,,,F,,,,,,,,,,,,,,,,,,,,,,,1,,,,,,,F,,,,,,,,,,,,,,,,,,1,,,,,,,,,1,0,0,0,80,0,0,,,,,,
Skjellingahaugen,1,236,TTC,236,236 TTC,,,TTC,21,2009,15-Aug,Presence,W,,,,,1,,,,1,,1,,F,,,,,,,1,,,,,,,,,,,,,,,,1,,,,,,,,,,,,,,,,,,1,,,1,,,,,,,,,,,,,10,0,0,0,40,0,0,,,,,,
Skjellingahaugen,1,236,TTC,236,236 TTC,,,TTC,22,2009,15-Aug,Presence,W,,1,,,,,,,1,,,,,,,,,,,1,,,,,,,,,,,,,,,,1,,,,,,,,,,,,,,,,,,1,,,,,,,,,,,,,,,,5,0,0,0,30,0,0,,,,,,
Skjellingahaugen,1,236,TTC,236,236 TTC,,,TTC,23,2009,15-Aug,Presence,W,,1,,,,,,,1,,,,,,,,,,,1,,,,,,,,,,,,,,,,1,,,,,,,,,,,,,,,,,,1,,,,,,,1,,,,,,,,,5,0,0,0,30,0,0,,,,,,
Skjellingahaugen,1,236,TTC,236,236 TTC,,,TTC,24,2009,15-Aug,Presence,W,,1,,,1,,,,,,,,,,,,,,,,,,,,,,,,,,,,,,,1,,,,,,,,,,,,,,,,,,1,,,,,,,1,,,,,,,,,10,0,0,0,30,0,0,,,,,,
Skjellingahaugen,1,236,TTC,236,236 TTC,,,TTC,25,2009,15-Aug,Presence,W,,,,,1,,,,,,1,,,,,,,,,,,,,,,,,,,,,,,,,,,,,,,,,,,,,,,,,,,1,,,,,,,1,,,1,,,,,,3,0,0,0,20,0,0,,,,,,
Skjellingahaugen,1,236,TTC,236,236 TTC,,,TTC,%,2009,15-Aug,Cover,W,,2,,,5,,,,4,,2,,2,,,,,,,6,1,,1,,,,,,,,,,,,,30,,,,,1,,2,,,,,,,,,,,4,,1,1,1,,,3,,,1,,,,1,1,10.48,0,0,0,25,0,0,80,20,0,,,
,,,,,,,,,,,,,,,,,,,,,,,,,,,,,,,,,,,,,,,,,,,,,,,,,,,,,,,,,,,,,,,,,,,,,,,,,,,,,,,,,,,,,,,,,,,,,,,
Skjellingahaugen,1,237,TT2,279,237 TT2 279,,,1,1,2009,15-Aug,Presence,W,,1,,,,,,,1,,,,,,,,,,,,,,,,,,,,,,,,,,,1,,,,,,,,,,,,,,,,,1,,,,,,,,1,,,,,,,,1,20,0,0,0,10,5,0,,,,,,
Skjellingahaugen,1,237,TT2,279,237 TT2 279,,,1,2,2009,15-Aug,Presence,W,,1,,,,,,,1,,,,F,,,,,,,,,,,,,,,,,,,,,,,1,,,,,,,,,,,,,,,,,1,1,,,,,,,,,,,,,,,,10,0,0,0,30,0,0,,,,,,
Skjellingahaugen,1,237,TT2,279,237 TT2 279,,,1,3,2009,15-Aug,Presence,W,,1,,,,,,,,,,,,,,,,,,,,,,,,,,,,,,,1,,,1,,,,,,,,,,,,,,,,,,1,,,,,,,1,,,,,,,,,5,0,0,0,40,0,0,,,,,,
Skjellingahaugen,1,237,TT2,279,237 TT2 279,,,1,4,2009,15-Aug,Presence,W,,,,,,,,,1,,,,,,,,,,,,,,,1,,,,,,,,,S,,,1,,,,,,,,,,,,,,,,,,,,,,,,,,,,,,,,,1,10,0,0,0,20,20,0,,,,,,
Skjellingahaugen,1,237,TT2,279,237 TT2 279,,,1,5,2009,15-Aug,Presence,W,,1,,,,,,1,1,,,,1,,,,,,,,,,,,,,,,,,,,,,,1,,,,,,,,,,,,,,,,,1,1,,,,,,,,,,1,,,,,,15,0,0,2,10,0,0,,,,,,
Skjellingahaugen,1,237,TT2,279,237 TT2 279,,,1,6,2009,15-Aug,Presence,W,,1,,,,,,,1,,,,,,,,,,,,,,S,,,,,,,,,,,,,1,,,,,,,,,,,,,,,,,1,1,,D,,,,,,,,1,,,,,,5,0,0,0,30,5,0,,,,,,
Skjellingahaugen,1,237,TT2,279,237 TT2 279,,,1,7,2009,15-Aug,Presence,W,,1,,,,,,,,,,,1,,,,,,,,,,,,,,,,,,,,,,,1,,,,,,,,,,,,,,,,,1,,,,,,,,,,,1,,,,,,10,0,0,0,30,5,0,,,,,,
Skjellingahaugen,1,237,TT2,279,237 TT2 279,,,1,8,2009,15-Aug,Presence,W,,1,,,,,,,,,,,,,,,,,,,,,,,,,,,,,,,,,,DF,,,,,,,,,,,,,,,,,1,1,,1,,,,,,,,,,,,,,5,0,0,0,20,0,0,,,,,,
Skjellingahaugen,1,237,TT2,279,237 TT2 279,,,1,9,2009,15-Aug,Presence,W,,1,,,,,,,1,,,,,,,,,,,,,,,,,,,,,,,,,,,,,,,,,,,,,,,,,,,,1,,,,,,,,,,,,,,,,,5,0,0,2,80,0,0,,,,,,
Skjellingahaugen,1,237,TT2,279,237 TT2 279,,,1,10,2009,15-Aug,Presence,W,,1,,,,,,1,,,1,,,,,,,,,,,,,,,,,,,,,,,,,1,,,,,,,,,,,,,,,,,1,1,,,,,,,1,,,,,,,,,15,0,0,0,50,0,0,,,,,,
Skjellingahaugen,1,237,TT2,279,237 TT2 279,,,1,11,2009,15-Aug,Presence,W,,1,,,1,,,,F,,,,,,,,,,,,,,SF,,,,,,,,,,,,,1,,1,,,,,,,,,,,,,,,1,1,,,,,,,1,,,1,,,,,,10,0,0,0,20,0,0,,,,,,
Skjellingahaugen,1,237,TT2,279,237 TT2 279,,,1,12,2009,15-Aug,Presence,W,,1,,,,,,,,,1,,,,,,,,,,,,S,,,,,,,,,,,,,1,,,,,,,,,,,,,,,,,,1,,,1,,,,,,,,,,,,,30,0,0,0,10,0,0,,,,,,
Skjellingahaugen,1,237,TT2,279,237 TT2 279,,,1,13,2009,15-Aug,Presence,W,,1,,,,,,,,,1,,,,,,,,,,,,,,,,,,,,,,,,,D,,,,,,,,,,,,,,,,,1,1,,,S,,,,,,,,,,,,,15,0,0,0,20,0,0,,,,,,
Skjellingahaugen,1,237,TT2,279,237 TT2 279,,,1,14,2009,15-Aug,Presence,W,,1,,,,,,,1,,1,,,,,,,,,,,,,,,,,,,,,,,,,D,,,,,,,,,,,,,,,,,1,,,,,,,,,,,,,,,,,10,0,0,0,15,0,0,,,,,,
Skjellingahaugen,1,237,TT2,279,237 TT2 279,,,1,15,2009,15-Aug,Presence,W,,1,,,,,,,,,1,,,,,,,,,,,,,,,,,,,,,,,,,D,,,,,,,,,,,,,,,,,,,,,,,,,1,,,,,,,,,5,0,0,0,28,0,0,,,,,,
Skjellingahaugen,1,237,TT2,279,237 TT2 279,,,1,16,2009,15-Aug,Presence,W,,1,,,1,,,,,,,,,,,,,,,,,,S,,,,,,,,,,,,,1,,,,,,,,,,,,,,,,,1,1,,,,,,,1,,,,,,,,,5,0,0,0,30,0,0,,,,,,
Skjellingahaugen,1,237,TT2,279,237 TT2 279,,,1,17,2009,15-Aug,Presence,W,,1,,,,,,,1,,,,,,,,,,,,,,,,,,,,,,,,,,,DF,,,,,,,,,,,,,,,,,,,,F,,,,,,,,,,,,,,5,0,0,0,30,0,0,,,,,,
Skjellingahaugen,1,237,TT2,279,237 TT2 279,,,1,18,2009,15-Aug,Presence,W,,1,,,,,,,,,S,,,,,,,,,,,,,,,,,,,,,,,,,D,,,,,,,,,,,,,,,,,,,,,,,,,,,,1,,,,,1,5,0,0,0,40,0,0,,,,,,
Skjellingahaugen,1,237,TT2,279,237 TT2 279,,,1,19,2009,15-Aug,Presence,W,,1,,,,,,,1,,1,,,,,,,,,,,,,,,,,,,,,,1,,,D,,,,,,,,,,,,,,,,,1,,,,1,,,,,,,1,,,,,,2,0,0,0,60,0,0,,,,,,
Skjellingahaugen,1,237,TT2,279,237 TT2 279,,,1,20,2009,15-Aug,Presence,W,,1,,,,,,,F,,,,,,,,,,1,,,,,,,,,,,,,,,,,1,,,,,,,,,,,,,,,,,,,,,,,,,1,,,,,,,,,3,0,0,0,80,0,0,,,,,,
Skjellingahaugen,1,237,TT2,279,237 TT2 279,,,1,21,2009,15-Aug,Presence,W,,1,,,1,,1,,1,,1,,,,,,,,,,,,,,,,,,,,,,,,,1,,,,,1,,,,,,,,,1,,,1,1,,1,,,,,1,,,,,,,,,0,0,0,1,20,0,0,,,,,,
Skjellingahaugen,1,237,TT2,279,237 TT2 279,,,1,22,2009,15-Aug,Presence,W,,,,,1,,1,,1,,1,,,,,,,,,,,,,,,,,,,,,,,,,F,,,,,,,,,,,,,,1,,,,1,,,,,,,1,,,,,,,,1,15,0,0,10,20,0,0,,,,8,1.5,
Skjellingahaugen,1,237,TT2,279,237 TT2 279,,,1,23,2009,15-Aug,Presence,W,,1,,,,,1,,1,,1,,,,,,,,,,,,,,,,,,,,,,,,,1,,,,,,,,,,,,,,,,,,,,,,,,,1,,,F,,,,,,15,0,0,0,20,0,0,,,,7,,
Skjellingahaugen,1,237,TT2,279,237 TT2 279,,,1,24,2009,15-Aug,Presence,W,,1,,,,,1,,1,,1,,,,,,,,,,,,S,,,,,,,,,,,,,1,,,,,,,,,,,,,,,,,,1,,,,,,,1,,,,,,,,,20,0,0,0,20,0,0,,,,7,,
Skjellingahaugen,1,237,TT2,279,237 TT2 279,,,1,25,2009,15-Aug,Presence,W,,1,,,S,,,,1,,1,,,,,,,,,,,,,,,,,,,,,,,,,1,,,,,,,,,,,,,,,,,,1,,,,,,,,,,,,,,,,10,0,0,0,20,30,0,,,,2,,
Skjellingahaugen,1,237,TT2,279,237 TT2 279,,,1,%,2009,15-Aug,Cover,W,,3,,,1,,2,1,3,,1,,1,,,,,,1,,,,1,1,,,,,,,,,1,,,50,,1,,,1,,,,,,,,,1,,,6,4,,1,1,,,,2,,,2,,,,,1,10,0,0,0.6,30.12,2.6,0,80,20,1,6,1.5,
,,,,,,,,,,,,,,,,,,,,,,,,,,,,,,,,,,,,,,,,,,,,,,,,,,,,,,,,,,,,,,,,,,,,,,,,,,,,,,,,,,,,,,,,,,,,,,,
Skjellingahaugen,1,238,TT1,237,238 TT1 237,,,2,1,2009,15-Aug,Presence,W,,,,,,,,,F,,1,,1,,,,,,,1,,,,,,,,,,,,,,,,1,,,,,,,,,,,,,,,,,1,,,,1,,,,1,,,,,,,,,8,0,0,0,10,0,0,,,,,,
Skjellingahaugen,1,238,TT1,237,238 TT1 237,,,2,2,2009,15-Aug,Presence,W,,1,,,,,,,,1,1,,,,,,,1,,,,,S,,,,,,,,,,,,,,,,,,,,1,,,,,,,,,,,,,,,,,,1,,,1,,,,,1,40,0,0,0,5,0,0,,,,,,
Skjellingahaugen,1,238,TT1,237,238 TT1 237,,,2,3,2009,15-Aug,Presence,W,,,,,,,,,1,,1,,F,,,,,,,1,,,,,,,,,,,,,,,,1,,,,,,,1,,,,,,,,,,1,,,,F,,,,1,,,,,,,,1,25,0,0,0,15,0,0,,,,,,
Skjellingahaugen,1,238,TT1,237,238 TT1 237,,,2,4,2009,15-Aug,Presence,W,,,,,,,,,1,,1,,,,,,,,,1,,,,,,,,,,,,,,,,1,,,,,,1,,,,,,,,,,,1,,1,,S,,,,1,,,,,,,,1,10,0,0,0,20,0,0,,,,,,
Skjellingahaugen,1,238,TT1,237,238 TT1 237,,,2,5,2009,15-Aug,Presence,W,,,,,,,,,1,,1,,1,,,,,,,1,,,,,,,,,,,,,,,,,,,,,,,1,,,,,,,,,,1,,,,1,,,,1,,,S,,,,,,10,0,0,0,10,0,0,,,,,,#Ver alp har firkant rundt seg på papir!
Skjellingahaugen,1,238,TT1,237,238 TT1 237,,,2,6,2009,15-Aug,Presence,W,,1,,,,,,,1,,1,,1,,,,,,,,,,,,,,,,,,,,,,,D,,,,,,,,,,,,,,,,,,,,,,,,,1,,,1,,,,,,15,0,0,0,15,0,0,,,,,,
Skjellingahaugen,1,238,TT1,237,238 TT1 237,,,2,7,2009,15-Aug,Presence,W,,1,,,,,1,,F,,1,,F,,,,,,,,,,S,,,,,,,,,,,,,,,,,,,,,,,,,,,,,,,,,,,,,,,,,,,,,,,70,0,0,0,5,0,0,,,,,,
Skjellingahaugen,1,238,TT1,237,238 TT1 237,,,2,8,2009,15-Aug,Presence,W,,,,,,,,,1,,1,,1,,,,,,,,,,S,,,,,,,,,,,,,1,,,,,,,,,,,,,,,,,,,S,1,1,,,,1,,,S,,,,,,30,0,0,0,10,0,0,,,,,,#Ver alp har firkant rundt seg på papir!
Skjellingahaugen,1,238,TT1,237,238 TT1 237,,,2,9,2009,15-Aug,Presence,W,,,,,,,,,S,,1,,1,,,,,,,,,,,,,,,,,,,,1,,,1,,,,,,,,,,,,,,,,,1,1,1,,S,,,,1,,,,,,,,S,20,5,0,0,10,0,0,,,,,,
Skjellingahaugen,1,238,TT1,237,238 TT1 237,,,2,10,2009,15-Aug,Presence,W,,,,,,,,,F,,,,F,,,,,,,,,,,,,,,,,,,,,,,D,,,,,,,,,,,,,,,,,,,,,,,,,1,,,,,,,,,20,5,0,0,,0,0,,,,,,
Skjellingahaugen,1,238,TT1,237,238 TT1 237,,,2,11,2009,15-Aug,Presence,W,,,,,1,,,,1,,,,F,,,,,,,,,,,,,,,,,,,,,,,DF,,,,,,,1,,,,,,,,,,,,,,1,1,,,1,,,1,,,,,,5,0,0,0,30,0,0,,,,,,
Skjellingahaugen,1,238,TT1,237,238 TT1 237,,,2,12,2009,15-Aug,Presence,W,,,,,,,,,1,,1,,F,,,,,,,,,,S,,,,,,,,,,,,,1,,,,,,1,,,,,,,,,,,,,,,1,,,,1,,,,,,,,,15,0,0,0,5,0,0,,,,,,
Skjellingahaugen,1,238,TT1,237,238 TT1 237,,,2,13,2009,15-Aug,Presence,W,,1,,,,,,,1,,1,,1,,1,,,,,,,,S,,,,,,,,,,,,,,,,,1,,,,,,,,,,,,,,,,,1,,,,1,,,,,,,,1,25,0,0,0,15,0,0,,,,,,
Skjellingahaugen,1,238,TT1,237,238 TT1 237,,,2,14,2009,15-Aug,Presence,W,,1,,,,,,,1,,1,,F,,,,,,,,,,,,,,,,,,,,,,,1,,,,,,,1,,,,,,,,,,,,,,,,,,1,,,,,,,,,15,0,0,0,25,0,0,,,,,,
Skjellingahaugen,1,238,TT1,237,238 TT1 237,,,2,15,2009,15-Aug,Presence,W,,,,,,,,,1,,,,1,,,,,,,,,,,,,,,,,,,,,,,D,,,,,,,1,,,,,,,,,,,,,F,,,,,,,,,,,,,,5,0,0,0,30,0,0,,,,,,
Skjellingahaugen,1,238,TT1,237,238 TT1 237,,,2,16,2009,15-Aug,Presence,W,,,,,1,,,,,,,,1,,,,,,,,,,S,,,,,,,,,,,,,D,,,,,,,1,,1,,,,,,,,,,,,,1,,,1,,,,,,,,,5,0,0,0,30,0,0,,,,,,
Skjellingahaugen,1,238,TT1,237,238 TT1 237,,,2,17,2009,15-Aug,Presence,W,,1,,,,,1,,1,,1,,F,,,,,,,,,,,,,,,,,,,,,,,,,,,,,,1,,1,,,,,,,,,,,,1,,,,1,,,,,,,,,5,0,0,0,10,0,0,,,,,,
Skjellingahaugen,1,238,TT1,237,238 TT1 237,,,2,18,2009,15-Aug,Presence,W,,1,,,,,,,F,,1,,1,,,,,,,,,,S,,,,,,,,,,,,,,,,,,,,,,1,,,,,,,,,,,,1,,,,1,,,,,,,,,20,0,0,0,10,5,0,,,,,,
Skjellingahaugen,1,238,TT1,237,238 TT1 237,,,2,19,2009,15-Aug,Presence,W,,,,,,,,,1,,1,,1,,,,,,,,,,,,,,,,,,,,,,,1,,,,,,,1,,,,,,,,,,,,,,,,,,1,,,1,,,,,1,30,0,0,0,5,0,0,,,,,,
Skjellingahaugen,1,238,TT1,237,238 TT1 237,,,2,20,2009,15-Aug,Presence,W,,,,,,,,,,,,,,,,,,,,,,,,,,,,,,,,,,,,1,,,,,,,,,,,,,,,,,,,1,F,,,,,F,,,,,,,1,,10,0,0,0,25,0,0,,,,,,# Vio pal har firkant rundt seg på papir!
Skjellingahaugen,1,238,TT1,237,238 TT1 237,,,2,21,2009,15-Aug,Presence,W,,,,,,,,,1,,1,,F,1,,,,,,,,,,,,,,,,,,,,,,,,,,,,,1,,1,,,,,,,,,,,,,1,,,,,,,,,,,,20,0,0,0,30,0,0,,,,,,
Skjellingahaugen,1,238,TT1,237,238 TT1 237,,,2,22,2009,15-Aug,Presence,W,,,,,,,,S,1,,1,,F,,,,,,,,,,,,,,,,,,,,,,,,,,,,,,1,,,,,,,,,,,,,,1,,,,1,,,,,,,,,15,0,0,0,15,0,0,,,,6,2,Ave fle S?
Skjellingahaugen,1,238,TT1,237,238 TT1 237,,,2,23,2009,15-Aug,Presence,W,,,,,S,,,,1,,1,,1,,,,,,,,,,SF,,,,,,,,,,,,,1,,,,,,,1,,,,,,,,,,,,,,,,,,1,,,,,,,,,20,0,0,0,5,0,0,,,,2,,
Skjellingahaugen,1,238,TT1,237,238 TT1 237,,,2,24,2009,15-Aug,Presence,W,,,,,1,,,,1,,,,F,,,,,,,,,,SF,,,,,,,,,,,,,1,,,,,,,,,,,,,,,,,,,1,,,,,,1,,,1,,,,,,20,0,0,0,5,5,0,,,,6,,
Skjellingahaugen,1,238,TT1,237,238 TT1 237,,,2,25,2009,15-Aug,Presence,W,,,,,1,,,,1,,,,F,,,,,,,,,,,,,,,,,,,,,,,,,,,,,,,,,,,,,,,,,,1,F,,,,,1,,,,,,,,,25,0,0,0,10,2,0,,,,3,,
Skjellingahaugen,1,238,TT1,237,238 TT1 237,,,2,%,2009,15-Aug,Cover,W,,2,,,1,,1,1,3,1,3,,12,1,1,,,1,,2,,,1,,,,,,,,,,1,,,20,,,,1,,1,2,,2,,,,,,,,2,1,2,1,3,1,,,5,,,1,,,,1,1,19.32,0.4,0,0,14.58333333,0.48,0,65,35,0,4.25,2,# har firkant rundt seg på papir!
,,,,,,,,,,,,,,,,,,,,,,,,,,,,,,,,,,,,,,,,,,,,,,,,,,,,,,,,,,,,,,,,,,,,,,,,,,,,,,,,,,,,,,,,,,,,,,,
Skjellingahaugen,2,1910,,1910,Skj2RTC,RTC,,RTC,1,2009,16-Aug,Presence,KK,,1,,,1,,1,,1,,,,,,,,,,,1,,,S,,,,,,,,,,,,,,,,,,,,,,,,,,,,,,,,,,,,,,1,,,,,,,,,10,20,0,0,5,0,0,,,,,,
Skjellingahaugen,2,1910,,1910,Skj2RTC,RTC,,RTC,2,2009,16-Aug,Presence,KK,,1,,,,,,,1,,1,,,,,,,,,1,,,SF,,,,,,,,,,,,,1,,,,,,,,,,,,,,,,,,,,,1,,,,1,,,1,,,,1,,10,30,0,0,2,0,0,,,,,,
Skjellingahaugen,2,1910,,1910,Skj2RTC,RTC,,RTC,3,2009,16-Aug,Presence,KK,,,,,,,,,1,,,,F,,,,,,,,,,S,,,,,,,,,,,,,,,,,,,,1,,,,,,,,,,,,,,1,,,,1,,,1,,,,1,,2,50,0,0,2,0,0,,,,,,
Skjellingahaugen,2,1910,,1910,Skj2RTC,RTC,,RTC,4,2009,16-Aug,Presence,KK,,,,,,,1,,1,,1,,,,,,,,,1,,1,,,,,,,,,,,,,,1,,,,,,,,,,,,,,,,,,,,,,,,,1,,,,,,,,,10,40,0,0,10,0,0,,,,,,
Skjellingahaugen,2,1910,,1910,Skj2RTC,RTC,,RTC,5,2009,16-Aug,Presence,KK,,,,,,,,,1,,1,,1,,,,,,,,,,SF,,,,,,,,,,,,,D,,,,,,,,,,,,,,,,,,,,,,,,,1,,,,,,,1,,10,10,0,0,10,0,0,,,,,,
Skjellingahaugen,2,1910,,1910,Skj2RTC,RTC,,RTC,6,2009,16-Aug,Presence,KK,,1,,,,,,,1,,1,,1,,,,,,,,,,SF,,,,,,,,,,,,,1,,,,,,,,,,,,,,,,,,,,,,,,,1,,,,,,,,,0,30,0,0,5,0,0,,,,,,
Skjellingahaugen,2,1910,,1910,Skj2RTC,RTC,,RTC,7,2009,16-Aug,Presence,KK,,1,,,,,,,1,,,,1,,,,,,,,,,,,,,,,,,,,,,,1,,,,,,,,,,,,,,,,,,,,,1,,,,1,,,,,,,,,5,20,0,0,2,0,0,,,,,,
Skjellingahaugen,2,1910,,1910,Skj2RTC,RTC,,RTC,8,2009,16-Aug,Presence,KK,,,,,1,,,,,,,,F,,,,,,,1,,,SF,,,,,,,,,,,,,,1,,,,,,1,,,,,,,,,,,,,,,,,,1,,,,,,,,,2,20,0,0,5,10,0,,,,,,
Skjellingahaugen,2,1910,,1910,Skj2RTC,RTC,,RTC,9,2009,16-Aug,Presence,KK,,,,,1,,,,1,,,,1,,,,,,,1,,,SF,,,,,,,,,,,,,1,,,,,,,,,,,,,,,,,,,,,,,,,1,,,,,,,1,,0,20,0,0,10,0,0,,,,,,
Skjellingahaugen,2,1910,,1910,Skj2RTC,RTC,,RTC,10,2009,16-Aug,Presence,KK,,,,,1,,1,,1,,,,,,,,,,,1,,,S,,,,,,,,,,,,,,,,,,,,,,,,,,,,,,,,,,,,,,1,,,,,,,1,1,5,10,0,0,20,0,0,,,,,,
Skjellingahaugen,2,1910,,1910,Skj2RTC,RTC,,RTC,11,2009,16-Aug,Presence,KK,,1,,,1,,,,1,,1,,1,,,,,,,,,1,SF,,,,,,,,,,,,,1,,F,,,,1,,,,,,,,,,,,,,,1,,,,1,,,,,,,,,2,30,0,0,10,0,0,,,,,,
Skjellingahaugen,2,1910,,1910,Skj2RTC,RTC,,RTC,12,2009,16-Aug,Presence,KK,,1,,,1,,,,1,,,,F,,,,,,,,,1,S,,,,,,,,,,,,,1,,,,,,,,,,,,,,,,,,,,,,,,,1,,,,,,,,,5,30,0,0,10,0,0,,,,,,
Skjellingahaugen,2,1910,,1910,Skj2RTC,RTC,,RTC,13,2009,16-Aug,Presence,KK,,,,,1,,,,1,,,,1,,,,,,,,,,,,,,,,,,,,,,,1,,,,,,,,,,,,,,,,,,,,,S,,,,1,,,,,,,,,10,30,0,0,10,5,0,,,,,,
Skjellingahaugen,2,1910,,1910,Skj2RTC,RTC,,RTC,14,2009,16-Aug,Presence,KK,,1,,,,,,,1,,,,,,,,,,,,,,S,,,,,,,,,,,,,1,,,,,,,,,,,,,,,,,,,,,1,,,,1,,,,,,,,,10,20,0,0,5,0,0,,,,,,
Skjellingahaugen,2,1910,,1910,Skj2RTC,RTC,,RTC,15,2009,16-Aug,Presence,KK,,1,,,1,,,,,,,,,,,,,,,1,,,SF,,,,,,,,,,,,,1,,,,,,,,,,,,,,,,,,,,,,,,,1,,,,,,,1,,10,40,0,0,10,0,0,,,,,,
Skjellingahaugen,2,1910,,1910,Skj2RTC,RTC,,RTC,16,2009,16-Aug,Presence,KK,,,,,1,,,,1,,,,,,,,,,,,,F,S,,,,,,,,,,1,,,1,,,,,,1,1,,,,,,,,,,,,,,1,,,,1,,,,,,,,,10,20,0,0,5,0,0,,,,,,
Skjellingahaugen,2,1910,,1910,Skj2RTC,RTC,,RTC,17,2009,16-Aug,Presence,KK,,1,,,,,,,1,,,,,,,,,,,,,1,S,,,,1,,,,,,,,,1,,,,,,,,,,,,,,,,,,,,,1,,,,1,,,,,,,1,,10,30,0,0,2,0,0,,,,,,
Skjellingahaugen,2,1910,,1910,Skj2RTC,RTC,,RTC,18,2009,16-Aug,Presence,KK,,1,,,,,1,,1,,,,,,,,,,,,,,,,,,,,,,,,,,,1,,,,,,,,,,,,,,,,,,,,,,,,,1,,,,,,,,,10,30,0,0,10,0,0,,,,,,
Skjellingahaugen,2,1910,,1910,Skj2RTC,RTC,,RTC,19,2009,16-Aug,Presence,KK,,1,,,S,,,,,,,,,,,,,,,,,,S,,,,,,,,,,,,,,,,,,,,,,,,,,,,,,,,,,1,,,,1,,,,,,,,,20,40,0,0,10,0,0,,,,,,
Skjellingahaugen,2,1910,,1910,Skj2RTC,RTC,,RTC,20,2009,16-Aug,Presence,KK,,,,,,,,,,,,,,,,,,,,,,,,,,,,,,,,,,,,,,,,,,,,,,,,,,,,,,,,,1,,,,1,,,,,,,,,60,40,0,0,0,0,0,,,,,,
Skjellingahaugen,2,1910,,1910,Skj2RTC,RTC,,RTC,21,2009,16-Aug,Presence,KK,,1,,,1,,,,1,,,,,,,,,,,,,,,,,,,,,,,,1,,,1,,,,,,,,,,,,,,,1,,,,,,1,,,,1,,,,,,,1,,20,30,0,0,20,0,0,,,,,,
Skjellingahaugen,2,1910,,1910,Skj2RTC,RTC,,RTC,22,2009,16-Aug,Presence,KK,,,,,,,,,1,,,,,,,,,,1,,,,,,,,,,,,,,,,,D,,,,,,,,,,,,,,,,,,,,1,,,,,1,,,,,,,1,,10,10,0,0,20,0,0,,,,2,,
Skjellingahaugen,2,1910,,1910,Skj2RTC,RTC,,RTC,23,2009,16-Aug,Presence,KK,,1,,,1,,,,,,,,,,,,,,,,,,S,,,,,,,,,,,,,1,,,,,,,,,,,,,,,,,,,,,1,,,,1,,,,,,,,,10,20,0,0,20,0,0,,,,5,,
Skjellingahaugen,2,1910,,1910,Skj2RTC,RTC,,RTC,24,2009,16-Aug,Presence,KK,,1,,,1,,,,,,,,,,,,,,,,,,S,,,,,,,,,,,,,,,,,,,,,,,,,,,,,,,,,,,,,,F,,,,,,,,,30,20,0,0,10,0,0,,,,3,,
Skjellingahaugen,2,1910,,1910,Skj2RTC,RTC,,RTC,25,2009,16-Aug,Presence,KK,,1,,,F,,,,,,,,,,,,,,,,,,SF,,,,,,,,,,,,,,,,,,,,,,,,,,,,,,,,,,,,,,1,,,,,,,,,40,20,0,0,10,0,0,,,,3,,
Skjellingahaugen,2,1910,,1910,Skj2RTC,RTC,,RTC,%,2009,16-Aug,Cover,KK,,4,,,7,,2,,5,,2,,6,,,,,,1,4,,3,6,,,,1,,,,,,2,,,15,1,1,,,,4,1,,,,,,,,1,,,,,2,6,,,,8,,,2,,,,5,1,12.44,26.4,0,0,8.92,0.6,0,50,40,0,3.25,,
,,,,,,,,,,,,,,,,,,,,,,,,,,,,,,,,,,,,,,,,,,,,,,,,,,,,,,,,,,,,,,,,,,,,,,,,,,,,,,,,,,,,,,,,,,,,,,,
Skjellingahaugen,11,532,TTC,532,532 TTC,,,RTC,1,2009,16-Aug,Presence,KK,,1,,,1,,1,,1,,,,,,,,,,,1,,,S,,,,,,,,,,,,,,,,,,,,,,,,,,,,,,,,,,,,,,1,,,,,,,,,10,20,0,0,5,0,0,,,,,,
Skjellingahaugen,11,532,TTC,532,532 TTC,,,RTC,2,2009,16-Aug,Presence,KK,,1,,,,,,,1,,1,,,,,,,,,1,,,SF,,,,,,,,,,,,,1,,,,,,,,,,,,,,,,,,,,,1,,,,1,,,1,,,,1,,10,30,0,0,2,0,0,,,,,,
Skjellingahaugen,11,532,TTC,532,532 TTC,,,RTC,3,2009,16-Aug,Presence,KK,,,,,,,,,1,,,,F,,,,,,,,,,S,,,,,,,,,,,,,,,,,,,,1,,,,,,,,,,,,,,1,,,,1,,,1,,,,1,,2,50,0,0,2,0,0,,,,,,
Skjellingahaugen,11,532,TTC,532,532 TTC,,,RTC,4,2009,16-Aug,Presence,KK,,,,,,,1,,1,,1,,,,,,,,,1,,1,,,,,,,,,,,,,,1,,,,,,,,,,,,,,,,,,,,,,,,,1,,,,,,,,,10,40,0,0,10,0,0,,,,,,
Skjellingahaugen,11,532,TTC,532,532 TTC,,,RTC,5,2009,16-Aug,Presence,KK,,,,,,,,,1,,1,,1,,,,,,,,,,SF,,,,,,,,,,,,,D,,,,,,,,,,,,,,,,,,,,,,,,,1,,,,,,,1,,10,10,0,0,10,0,0,,,,,,
Skjellingahaugen,11,532,TTC,532,532 TTC,,,RTC,6,2009,16-Aug,Presence,KK,,1,,,,,,,1,,1,,1,,,,,,,,,,SF,,,,,,,,,,,,,1,,,,,,,,,,,,,,,,,,,,,,,,,1,,,,,,,,,0,30,0,0,5,0,0,,,,,,
Skjellingahaugen,11,532,TTC,532,532 TTC,,,RTC,7,2009,16-Aug,Presence,KK,,1,,,,,,,1,,,,1,,,,,,,,,,,,,,,,,,,,,,,1,,,,,,,,,,,,,,,,,,,,,1,,,,1,,,,,,,,,5,20,0,0,2,0,0,,,,,,
Skjellingahaugen,11,532,TTC,532,532 TTC,,,RTC,8,2009,16-Aug,Presence,KK,,,,,1,,,,,,,,F,,,,,,,1,,,SF,,,,,,,,,,,,,,1,,,,,,1,,,,,,,,,,,,,,,,,,1,,,,,,,,,2,20,0,0,5,10,0,,,,,,
Skjellingahaugen,11,532,TTC,532,532 TTC,,,RTC,9,2009,16-Aug,Presence,KK,,,,,1,,,,1,,,,1,,,,,,,1,,,SF,,,,,,,,,,,,,1,,,,,,,,,,,,,,,,,,,,,,,,,1,,,,,,,1,,0,20,0,0,10,0,0,,,,,,
Skjellingahaugen,11,532,TTC,532,532 TTC,,,RTC,10,2009,16-Aug,Presence,KK,,,,,1,,1,,1,,,,,,,,,,,1,,,S,,,,,,,,,,,,,,,,,,,,,,,,,,,,,,,,,,,,,,1,,,,,,,1,1,5,10,0,0,20,0,0,,,,,,
Skjellingahaugen,11,532,TTC,532,532 TTC,,,RTC,11,2009,16-Aug,Presence,KK,,1,,,1,,,,1,,1,,1,,,,,,,,,1,SF,,,,,,,,,,,,,1,,F,,,,1,,,,,,,,,,,,,,,1,,,,1,,,,,,,,,2,30,0,0,10,0,0,,,,,,
Skjellingahaugen,11,532,TTC,532,532 TTC,,,RTC,12,2009,16-Aug,Presence,KK,,1,,,1,,,,1,,,,F,,,,,,,,,1,S,,,,,,,,,,,,,1,,,,,,,,,,,,,,,,,,,,,,,,,1,,,,,,,,,5,30,0,0,10,0,0,,,,,,
Skjellingahaugen,11,532,TTC,532,532 TTC,,,RTC,13,2009,16-Aug,Presence,KK,,,,,1,,,,1,,,,1,,,,,,,,,,,,,,,,,,,,,,,1,,,,,,,,,,,,,,,,,,,,,S,,,,1,,,,,,,,,10,30,0,0,10,5,0,,,,,,
Skjellingahaugen,11,532,TTC,532,532 TTC,,,RTC,14,2009,16-Aug,Presence,KK,,1,,,,,,,1,,,,,,,,,,,,,,S,,,,,,,,,,,,,1,,,,,,,,,,,,,,,,,,,,,1,,,,1,,,,,,,,,10,20,0,0,5,0,0,,,,,,
Skjellingahaugen,11,532,TTC,532,532 TTC,,,RTC,15,2009,16-Aug,Presence,KK,,1,,,1,,,,,,,,,,,,,,,1,,,SF,,,,,,,,,,,,,1,,,,,,,,,,,,,,,,,,,,,,,,,1,,,,,,,1,,10,40,0,0,10,0,0,,,,,,
Skjellingahaugen,11,532,TTC,532,532 TTC,,,RTC,16,2009,16-Aug,Presence,KK,,,,,1,,,,1,,,,,,,,,,,,,F,S,,,,,,,,,,1,,,1,,,,,,1,1,,,,,,,,,,,,,,1,,,,1,,,,,,,,,10,20,0,0,5,0,0,,,,,,
Skjellingahaugen,11,532,TTC,532,532 TTC,,,RTC,17,2009,16-Aug,Presence,KK,,1,,,,,,,1,,,,,,,,,,,,,1,S,,,,1,,,,,,,,,1,,,,,,,,,,,,,,,,,,,,,1,,,,1,,,,,,,1,,10,30,0,0,2,0,0,,,,,,
Skjellingahaugen,11,532,TTC,532,532 TTC,,,RTC,18,2009,16-Aug,Presence,KK,,1,,,,,1,,1,,,,,,,,,,,,,,,,,,,,,,,,,,,1,,,,,,,,,,,,,,,,,,,,,,,,,1,,,,,,,,,10,30,0,0,10,0,0,,,,,,
Skjellingahaugen,11,532,TTC,532,532 TTC,,,RTC,19,2009,16-Aug,Presence,KK,,1,,,S,,,,,,,,,,,,,,,,,,S,,,,,,,,,,,,,,,,,,,,,,,,,,,,,,,,,,1,,,,1,,,,,,,,,20,40,0,0,10,0,0,,,,,,
Skjellingahaugen,11,532,TTC,532,532 TTC,,,RTC,20,2009,16-Aug,Presence,KK,,,,,,,,,,,,,,,,,,,,,,,,,,,,,,,,,,,,,,,,,,,,,,,,,,,,,,,,,1,,,,1,,,,,,,,,60,40,0,0,0,0,0,,,,,,
Skjellingahaugen,11,532,TTC,532,532 TTC,,,RTC,21,2009,16-Aug,Presence,KK,,1,,,1,,,,1,,,,,,,,,,,,,,,,,,,,,,,,1,,,1,,,,,,,,,,,,,,,1,,,,,,1,,,,1,,,,,,,1,,20,30,0,0,20,0,0,,,,,,
Skjellingahaugen,11,532,TTC,532,532 TTC,,,RTC,22,2009,16-Aug,Presence,KK,,,,,,,,,1,,,,,,,,,,1,,,,,,,,,,,,,,,,,D,,,,,,,,,,,,,,,,,,,,1,,,,,1,,,,,,,1,,10,10,0,0,20,0,0,,,,2,,
Skjellingahaugen,11,532,TTC,532,532 TTC,,,RTC,23,2009,16-Aug,Presence,KK,,1,,,1,,,,,,,,,,,,,,,,,,S,,,,,,,,,,,,,1,,,,,,,,,,,,,,,,,,,,,1,,,,1,,,,,,,,,10,20,0,0,20,0,0,,,,5,,
Skjellingahaugen,11,532,TTC,532,532 TTC,,,RTC,24,2009,16-Aug,Presence,KK,,1,,,1,,,,,,,,,,,,,,,,,,S,,,,,,,,,,,,,,,,,,,,,,,,,,,,,,,,,,,,,,F,,,,,,,,,30,20,0,0,10,0,0,,,,3,,
Skjellingahaugen,11,532,TTC,532,532 TTC,,,RTC,25,2009,16-Aug,Presence,KK,,1,,,F,,,,,,,,,,,,,,,,,,SF,,,,,,,,,,,,,,,,,,,,,,,,,,,,,,,,,,,,,,1,,,,,,,,,40,20,0,0,10,0,0,,,,3,,
Skjellingahaugen,11,532,TTC,532,532 TTC,,,RTC,%,2009,16-Aug,Cover,KK,,4,,,7,,2,,5,,2,,6,,,,,,1,4,,3,6,,,,1,,,,,,2,,,15,1,1,,,,4,1,,,,,,,,1,,,,,2,6,,,,8,,,2,,,,5,1,12.44,26.4,0,0,8.92,0.6,0,50,40,0,3.25,,
,,,,,,,,,,,,,,,,,,,,,,,,,,,,,,,,,,,,,,,,,,,,,,,,,,,,,,,,,,,,,,,,,,,,,,,,,,,,,,,,,,,,,,,,,,,,,,,
,,,,,,,,,,,,,,,,,,,,,,,,,,,,,,,,,,,,,,,,,,,,,,,,,,,,,,,,,,,,,,,,,,,,,,,,,,,,,,,,,,,,,,,,,,,,,,,
Skjellingahaugen,2,241,TT1,242,241 TT1 242,,,C,1,2009,16-Aug,Presence,KK,,1,,,,,1,,1,,1,,,,,,,,,,,1,,,,,,,,,,,,,,1,,,,,,,,,,,,,,,,,,,,,,,,,1,,,,1,,,1,,5,20,0,0,5,0,0,,,,,,
Skjellingahaugen,2,241,TT1,242,241 TT1 242,,,C,2,2009,16-Aug,Presence,KK,,1,,,,,1,,1,,1,,,,,,,,,,,1,,,,,,,,,,,,,,1,,F,,,,,,,,,,,,,,,,,,,1,,,,1,,,,1,,,1,,5,30,0,0,5,5,0,,,,,,
Skjellingahaugen,2,241,TT1,242,241 TT1 242,,,C,3,2009,16-Aug,Presence,KK,,,,,1,,,,1,,1,,,,,,,,,,,1,,,,,,,,,,,,,,1,,,,,,,,,,,,,,,,,1,,1,1,1,,,,1,,,,1,,,1,,20,10,0,0,5,10,0,,,,,,
Skjellingahaugen,2,241,TT1,242,241 TT1 242,,,C,4,2009,16-Aug,Presence,KK,,1,,,,,,,1,,1,,1,,,,,,,,,1,,,,,,1,,,,,,,,1,,1,,,,,,,,,,,,,,,,,1,1,1,,,,1,,,,1,,,,,1,0,0,0,5,10,0,,,,,,
Skjellingahaugen,2,241,TT1,242,241 TT1 242,,,C,5,2009,16-Aug,Presence,KK,,1,,,,,,,1,,,,1,,,,,,,,,,S,,,,,,,,,,,,,1,,,,,,,,,,,,,,,,,,,,,1,1,,,1,,,1,,,,1,,5,5,0,0,5,20,0,,,,,,
Skjellingahaugen,2,241,TT1,242,241 TT1 242,,,C,6,2009,16-Aug,Presence,KK,,,,,,,1,,1,,,,,,,,,,,1,,,S,,,,,,,,,,,,,1,,1,,,,,,,,,,,,,,,,,,,,,,,1,,,1,,,,1,,5,5,0,0,10,25,0,,,,,,
Skjellingahaugen,2,241,TT1,242,241 TT1 242,,,C,7,2009,16-Aug,Presence,KK,,1,,,,,,,1,,,,F,,,,,,,,,,SF,,,,,,,,,,,,,1,,1,,,,,1,,,,,,,,,,,,,,,,,,1,,,1,,,,,,5,10,0,0,10,5,0,,,,,,
Skjellingahaugen,2,241,TT1,242,241 TT1 242,,,C,8,2009,16-Aug,Presence,KK,,,,,1,,,,1,,1,,F,,,,,,,,,,SF,,,,,,,,,,,,,,,,,,,,1,,,,,,,,,,,,1,,1,,,,1,,,1,,,,1,,10,10,0,0,10,5,0,,,,,,
Skjellingahaugen,2,241,TT1,242,241 TT1 242,,,C,9,2009,16-Aug,Presence,KK,,1,,,,,1,,1,,1,,,,,,,,,1,,,,,,,,,,,,,,,,F,,,,,,,,,,,,,,,,,,,1,,1,1,,,1,,,,1,,,1,,10,5,0,0,5,5,0,,,,,,
Skjellingahaugen,2,241,TT1,242,241 TT1 242,,,C,10,2009,16-Aug,Presence,KK,,,,,,,,,1,,,,,,,,,,,1,,,,,,,,,,,,,,,,F,,,,,,,1,,,,,,,,,,,,,,F,1,,,1,,,,,,,,,5,0,0,0,5,0,0,,,,,,
Skjellingahaugen,2,241,TT1,242,241 TT1 242,,,C,11,2009,16-Aug,Presence,KK,,1,,,,,,,1,,1,,,,,,,,,1,,,S,,,,,1,,,,,1,,,1,,1,,,,,,,,,,,,,,,,,,,,,,,1,,,,1,,,1,,10,10,0,0,5,0,0,,,,,,
Skjellingahaugen,2,241,TT1,242,241 TT1 242,,,C,12,2009,16-Aug,Presence,KK,,,,,1,,1,,1,,,,1,,,,,,,1,,,S,,,,,,,,,,1,,,D,,,,,,,,,,,,,,,,,,,,,,,,,1,,,,,,,,,5,20,0,0,10,5,0,,,,,,
Skjellingahaugen,2,241,TT1,242,241 TT1 242,,,C,13,2009,16-Aug,Presence,KK,,,,,,,,,1,,1,,1,,,,,,,,,,SF,,,,,,,,,,,,,,,,,,,,,1,,,,,,,,,,,,,S,1,,,1,,,F,,,,1,,5,10,0,0,10,5,0,,,,,,
Skjellingahaugen,2,241,TT1,242,241 TT1 242,,,C,14,2009,16-Aug,Presence,KK,,1,,,,,1,,1,,1,,,,,,,,,1,,1,S,,,,,,,,,,,,,,,,,,,,,,,,,,,,,,,,,,1,1,,,1,,,,,,,,,0,20,0,0,10,0,0,,,,,,
Skjellingahaugen,2,241,TT1,242,241 TT1 242,,,C,15,2009,16-Aug,Presence,KK,,1,,,,,1,,1,,1,,,,,,,,,1,,,SF,,,,,,,,,,,,,,,,,,,,,,,,,,,,,,,,,,1,,,,1,,,,,,,,,0,20,0,0,10,0,0,,,,,,
Skjellingahaugen,2,241,TT1,242,241 TT1 242,,,C,16,2009,16-Aug,Presence,KK,,,,,1,,1,,1,,1,,F,,,,,,,,,1,,,,,,,,,,,,,,1,,,,,,,,,,,,,,,,,,,,,1,,,,1,,,1,,,,1,,10,5,0,0,20,5,0,,,,,,
Skjellingahaugen,2,241,TT1,242,241 TT1 242,,,C,17,2009,16-Aug,Presence,KK,,1,,,F,,,,F,,1,,1,,,,,,,,,,SF,,,,,,,,,,,,,1,,,,,,,,,,,,,,,,,,,,,1,,,,1,,,,,,,1,,5,5,0,0,4,10,0,,,,,,
Skjellingahaugen,2,241,TT1,242,241 TT1 242,,,C,18,2009,16-Aug,Presence,KK,,,,,1,,,,1,,,,1,,,,,,,,,,SF,,,,,,,,,,,,,,,,,,,,,,,,,,,,,,,,,,1,1,,,1,,,F,,,,1,,2,2,0,0,2,20,0,,,,,,
Skjellingahaugen,2,241,TT1,242,241 TT1 242,,,C,19,2009,16-Aug,Presence,KK,,,,,1,,,,1,,,,F,,,,,,,,,1,SF,,,,,,,,,,,,,,,,,,,,,,,,,,,,,,,,,,1,1,,,1,,,1,,,,1,,0,30,0,0,5,0,0,,,,,,
Skjellingahaugen,2,241,TT1,242,241 TT1 242,,,C,20,2009,16-Aug,Presence,KK,,,,,1,,,,1,,1,,1,,,,,,,,,,S,,,,,,,,,,,,,1,,,,,,,1,,,,,,,,,,,,,,,,,,1,,,,,,,1,,5,80,0,0,5,0,0,,,,,,
Skjellingahaugen,2,241,TT1,242,241 TT1 242,,,C,21,2009,16-Aug,Presence,KK,,,,,1,,,,1,,1,,1,,,,,,,1,,,S,,,,,,,,,,,1,,1,,,,,,,,,,,,,,,,,1,,,,1,,,,1,,,,,,,,,2,10,0,0,5,0,0,,,,,,
Skjellingahaugen,2,241,TT1,242,241 TT1 242,,,C,22,2009,16-Aug,Presence,KK,,,,,,,,,1,,,,1,,,,,,,,,,,,,,,,,,,,1,,,1,,,,,,,,,,,,,,,,,,,,,1,,,,1,,,1,,,,,1,5,15,0,0,5,5,0,,,,3,0.5,
Skjellingahaugen,2,241,TT1,242,241 TT1 242,,,C,23,2009,16-Aug,Presence,KK,,,,,,,,,1,,,,1,,,,,,,,,,,,,,,,,,,,,,,,,,,,,,,,,,,,,,,,,,,,,,,,1,,,,,,,1,,10,20,0,0,5,5,0,,,,4,,
Skjellingahaugen,2,241,TT1,242,241 TT1 242,,,C,24,2009,16-Aug,Presence,KK,,,,,1,,,,,,,,,,,,,,,,,,S,,,,,,,,,,,,,1,,,,,,,,,,,,,,,,,1,,,,1,,,,1,,,1,,,,1,,5,10,0,0,5,0,0,,,,3,,
Skjellingahaugen,2,241,TT1,242,241 TT1 242,,,C,25,2009,16-Aug,Presence,KK,,,,,,,,,1,,,,,,,,,,,,,,S,,,,,,,,,,,,,D,,,,,,,,,,,,,,,,,,,,,,,,,1,,,1,,,,1,,0,2,0,0,10,0,0,,,,2,,
Skjellingahaugen,2,241,TT1,242,241 TT1 242,,,C,%,2009,16-Aug,Cover,KK,,2,,,8,,2,,4,,3,,6,,,,,,,2,,3,3,,,,,1,,,,,2,2,,15,,3,,,,,2,1,,,,,,,,,3,,4,1,3,10,,,8,,,4,2,,,6,1,5.4,14.16,0,0,7.04,5.6,0,70,20,0,3,0.5,
,,,,,,,,,,,,,,,,,,,,,,,,,,,,,,,,,,,,,,,,,,,,,,,,,,,,,,,,,,,,,,,,,,,,,,,,,,,,,,,,,,,,,,,,,,,,,,,
Skjellingahaugen,2,242,TT2,268,242 TT2 268,,,1,1,2009,16-Aug,Presence,KK,,,,,F,,,,1,,1,,,,,,,,,,,,S,,,,,,,,,,,,,,,,,,,,,,,,,,,,,,,,,,1,1,,,1,,,,,,,,,0,60,0,0,10,0,0,,,,,,
Skjellingahaugen,2,242,TT2,268,242 TT2 268,,,1,2,2009,16-Aug,Presence,KK,,1,,,,,,,1,,1,,,,,,,,,,,,,,,,,,,,1,,,,,1,,,,,,,,,,,,,,,,,1,,,,,,,,1,,,,,,,1,,0,40,0,0,10,0,0,,,,,,
Skjellingahaugen,2,242,TT2,268,242 TT2 268,,,1,3,2009,16-Aug,Presence,KK,,1,,,,,,,1,,,,,,,,,,,,,,,,,,,,,, ,,,,,1,,,,,,,,,,,,,,,,,,,,,,,,,1,,,,,,,1,2,0,70,0,0,5,0,0,,,,,,
Skjellingahaugen,2,242,TT2,268,242 TT2 268,,,1,4,2009,16-Aug,Presence,KK,,,,,S,,,,1,,,,F,,,,,,,,,,S,,,,,,,,,,,,,1,,,,,,,,,,,,,,,,,1,,,,,,,,1,,,,,,,1,,2,50,0,0,5,0,0,,,,,,
Skjellingahaugen,2,242,TT2,268,242 TT2 268,,,1,5,2009,16-Aug,Presence,KK,,1,,,,,,,,,1,,F,,,,,,,,,,,,,,,,,,,,1,,,1,,,,,,,,,,,,,,,,,,,,,,,,,1,,,,,,,1,,0,40,0,0,10,0,0,,,,,,
Skjellingahaugen,2,242,TT2,268,242 TT2 268,,,1,6,2009,16-Aug,Presence,KK,,,,,,,,,,,,,,,,,,,F,,,,S,,,,,,,,,,,,,1,,,,,,,1,,,,,,,,,,,,,,1,,,,1,,,,,,,1,,2,50,0,0,2,0,0,,,,,,
Skjellingahaugen,2,242,TT2,268,242 TT2 268,,,1,7,2009,16-Aug,Presence,KK,,1,,,,,,,1,,,,,,,,,,,,,,,,,,,,,,,,,,,1,,,,,,,,,,,,,,,,,,,,,,,,,1,,,,,,,1,,0,80,0,0,10,0,0,,,,,,
Skjellingahaugen,2,242,TT2,268,242 TT2 268,,,1,8,2009,16-Aug,Presence,KK,,1,,,,,,,1,,,,,,,,,,,,,,,,,,,,,,,,,,,1,,1,,,,,,,,,,,,,,,,,,,,,,,1,,,,,,,1,,0,50,0,0,10,0,0,,,,,,
Skjellingahaugen,2,242,TT2,268,242 TT2 268,,,1,9,2009,16-Aug,Presence,KK,,1,,,1,,,,1,,1,,1,,,,,,,,,,,,,,,,,,,,,,,1,,1,,,,,,,,,,,,,,,,,,,1,,,,1,,,1,,,,,,0,60,0,0,5,0,0,,,,,,
Skjellingahaugen,2,242,TT2,268,242 TT2 268,,,1,10,2009,16-Aug,Presence,KK,,1,,,1,,,,,,1,,,,,,,,,,,,,,,,,,,,,,F,,,F,,,,,,,,,,,,,,,,,1,,,,S,,,,1,,,,,,,,,0,30,0,0,10,0,0,,,,,,
Skjellingahaugen,2,242,TT2,268,242 TT2 268,,,1,11,2009,16-Aug,Presence,KK,,1,,,,,,,1,,1,,,,,,,,,,,,,,,,,,,,,,1,,,DF,,,,,,,,,,,,,,,,,,,,,S,,,,1,,,,,,,1,,0,20,0,0,20,0,0,,,,,,
Skjellingahaugen,2,242,TT2,268,242 TT2 268,,,1,12,2009,16-Aug,Presence,KK,,,,,,,1,,1,,1,,,,,,,,,,,,,,,,,,,,,,,,,1,,,,,,,,,,,,,,,,,,,,,,,,,1,,,,,,,,,0,60,0,0,10,0,0,,,,,,
Skjellingahaugen,2,242,TT2,268,242 TT2 268,,,1,13,2009,16-Aug,Presence,KK,,,,,1,,,,1,,1,,,,,,,,,,,,,,,,,,,,,,,,,1,,,,,,,,,,,,,,,,,1,,,,,,,,1,,,,,,,1,,0,20,0,0,2,0,0,,,,,,
Skjellingahaugen,2,242,TT2,268,242 TT2 268,,,1,14,2009,16-Aug,Presence,KK,,1,,,1,,,,1,,1,,,,,,,,,,,,,,,,,,,,,,,,,1,,,,,,,1,,,,,,,,,,1,,,,1,,,,1,,,,,,,1,,0,70,0,0,5,0,0,,,,,,
Skjellingahaugen,2,242,TT2,268,242 TT2 268,,,1,15,2009,16-Aug,Presence,KK,,,,,,,,,1,,,,,,,,,,,,,,,,,,,,,,,,1,,,D,,,,,,,,,,,,,,,,,,,,,S,,,,1,,,1,,,,,,2,10,0,0,20,0,0,,,,,,
Skjellingahaugen,2,242,TT2,268,242 TT2 268,,,1,16,2009,16-Aug,Presence,KK,,1,,,,,,,1,,1,,,,,,,,,,,,,,,,,,,,,,,,,1,,,,,,,,,,,,,,,,,1,,,,S,,,,1,,,,,,,,,0,20,0,0,10,0,0,,,,,,
Skjellingahaugen,2,242,TT2,268,242 TT2 268,,,1,17,2009,16-Aug,Presence,KK,,1,,,1,,,,,,1,,,,,,,,,,,,,,,,,,,,,,,,,1,,,,,,,,1,,,,,,,,,,,,,S,,,,1,,,,,,,1,,5,70,0,0,5,0,0,,,,,,
Skjellingahaugen,2,242,TT2,268,242 TT2 268,,,1,18,2009,16-Aug,Presence,KK,,1,,,,,1,,1,,1,,,,,,,,,,,,,,,,,,,,,,,,,1,,,,,,,,1,,,,,,,,,1,,,,S,,,,1,,,1,,,,1,1,0,60,0,0,2,0,0,,,,,,
Skjellingahaugen,2,242,TT2,268,242 TT2 268,,,1,19,2009,16-Aug,Presence,KK,,,,,1,,,,1,,1,,,,,,,,,,,,,,,,,,,,,,1,,,1,,,,,,,,1,,,,,,,,,1,,,,1,,,,1,,,1,,,,1,,0,60,0,0,10,0,0,,,,,,
Skjellingahaugen,2,242,TT2,268,242 TT2 268,,,1,20,2009,16-Aug,Presence,KK,,,,,,,,,1,,1,,,,,,,,,,,,,,,,,,,,,,,,,1,,,,,,,,,,,,,,,,,1,,,,1,,,,1,,,1,,,,1,,0,10,0,0,40,0,0,,,,,,
Skjellingahaugen,2,242,TT2,268,242 TT2 268,,,1,21,2009,16-Aug,Presence,KK,,1,,,1,,,,1,,1,,,,,,,,,,,,S,,,,,,,,,,,,,1,,,,1,,,,,,,,,,,,,,,,,,,,,1,,,,,,,1,,10,20,0,0,10,0,0,,,,,,
Skjellingahaugen,2,242,TT2,268,242 TT2 268,,,1,22,2009,16-Aug,Presence,KK,,1,,,1,,,,1,,1,,,,,,,,,,,,SF,,,,,,,,,,,,,1,,,,,,,,,,,,,,,,,,,,,,,,,1,,,,,,,1,,5,30,0,0,10,0,0,,,,3,2,
Skjellingahaugen,2,242,TT2,268,242 TT2 268,,,1,23,2009,16-Aug,Presence,KK,,,,,,,1,,1,,1,,,,,,,,,,,,S,,,,,,,,,,,,,1,,,,,,,1,,,,,,,,,,1,,,,,,,,1,,,,,,,1,,0,20,0,0,30,0,0,,,,6,1,
Skjellingahaugen,2,242,TT2,268,242 TT2 268,,,1,24,2009,16-Aug,Presence,KK,,,,,,,,,1,,,,,,,,,,,,,,,,,,,,,,,,,,,1,,,,,,,,,,,,,,,,,1,,,,1,,,,1,,,1,,,,1,,0,30,0,0,5,0,0,,,,4,2,
Skjellingahaugen,2,242,TT2,268,242 TT2 268,,,1,25,2009,16-Aug,Presence,KK,,,,,,,,,1,,1,,,,,,,,,,,,,,,,,,,,,,,,,1,,,,,,,1,,,,,,,,,,,,,,1,,,,1,,,,,,,1,,0,30,0,0,30,0,0,,,,6,2,
Skjellingahaugen,2,242,TT2,268,242 TT2 268,,,1,%,2009,16-Aug,Cover,KK,,2,,,4,,1,,4,,3,,2,,,,,,2,,,,4,,,,,,,,1,,2,,,25,,1,,1,,,4,2,,,,,,,,,10,,,,3,1,,,8,,,4,,,,15,3,1.04,42.4,0,0,11.44,0,0,30,70,0,4.75,1.75,
,,,,,,,,,,,,,,,,,,,,,,,,,,,,,,,,,,,,,,,,,,,,,,,,,,,,,,,,,,,,,,,,,,,,,,,,,,,,,,,,,,,,,,,,,,,,,,,
Skjellingahaugen,2,243,TTC,243,243 TTC,,,2,1,2009,16-Aug,Presence,KK,,1,,,F,,,,1,,S,,1,,,,,,,,,,S,,,,,,,,,,,,,,,,,,,,,,,,,,,,,,1,,,,,,,,1,,,F,,,,,,10,10,0,0,20,0,0,,,,,,
Skjellingahaugen,2,243,TTC,243,243 TTC,,,2,2,2009,16-Aug,Presence,KK,,,,,1,,1,,1,,1,,,,,,,,,,,,,,,,,,,,,,,,,1,,,,,,,1,,,,,,,,,1,1,,,,,,,,1,,,S,,,,,,20,5,0,0,20,0,0,,,,,,
Skjellingahaugen,2,243,TTC,243,243 TTC,,,2,3,2009,16-Aug,Presence,KK,,,,,1,,,,1,,,,,,,,,,,,,,S,,,,,,,,,,,,,1,,,,,,,,,,,,,,,,,1,,,,,,,,1,,,,,,,1,1,5,20,0,0,10,0,0,,,,,,
Skjellingahaugen,2,243,TTC,243,243 TTC,,,2,4,2009,16-Aug,Presence,KK,,1,,,1,,,,1,,1,,,,,,,,,,,,,,,,,,,,,,,,,1,,,,,,,,,,,,,,,,,,,,,,,,,1,,,,,,,,,5,5,0,0,2,0,0,,,,,,
Skjellingahaugen,2,243,TTC,243,243 TTC,,,2,5,2009,16-Aug,Presence,KK,,,,,,,,,1,,1,,,,,,,,,,,,,,,,,,,,,,,,,1,,,,,,,,,,,,,,,,,,,,,,,,,1,,,,,,,,,2,20,0,0,5,0,0,,,,,,
Skjellingahaugen,2,243,TTC,243,243 TTC,,,2,6,2009,16-Aug,Presence,KK,,1,,,1,,,,1,,,,,,,,,,,,,,SF,,,,,,,,,,,,,,,,,,,,,,,,,,,,,,,,,,,,,,1,,,,,,,,,5,20,0,0,10,0,0,,,,,,
Skjellingahaugen,2,243,TTC,243,243 TTC,,,2,7,2009,16-Aug,Presence,KK,,1,,,,,,,1,,1,,1,,,,,,,,,,SF,,,,,,,,,,,,,,,,,,,,,,,,,,,,,,1,,,,,,,,1,,,,,,,1,,5,20,0,0,2,0,0,,,,,,
Skjellingahaugen,2,243,TTC,243,243 TTC,,,2,8,2009,16-Aug,Presence,KK,,,,,1,,,,1,,1,,,,,,,,,,,,,,,,,,,,,,,,,1,,,,,,,,,,,,,,,,,,,,,,,,,1,,,1,,,,1,,5,30,0,0,10,0,0,,,,,,
Skjellingahaugen,2,243,TTC,243,243 TTC,,,2,9,2009,16-Aug,Presence,KK,,,,,1,,,,1,,1,,,,,,,,,,,,,,,,,,,,,,,,,1,,,,,,,,,,,,,,,,,,,,,1,,,,1,,,F,,,,,,5,5,0,0,5,0,0,,,,,,
Skjellingahaugen,2,243,TTC,243,243 TTC,,,2,10,2009,16-Aug,Presence,KK,,,,,1,,,,1,,1,,,,,,,,,,,,S,,,,,,,,,,1,,,D,,,,,,,,,,,,,,,,,,,,,,,,,1,,,,,,,1,,0,10,0,0,5,0,0,,,,,,
Skjellingahaugen,2,243,TTC,243,243 TTC,,,2,11,2009,16-Aug,Presence,KK,,1,,,,,,,1,,1,,,,,,,,,,,,S,,,,,,,,,,1,,,1,,,,,,,,,,,,,,,,,,,,,S,,,,1,,,,,,,,,5,30,0,0,2,0,0,,,,,,
Skjellingahaugen,2,243,TTC,243,243 TTC,,,2,12,2009,16-Aug,Presence,KK,,,,,,,,,1,,,,,,,,,,,,,,S,,,,,,,,,,,,,1,,,,,,,,,,,,,,,,,1,,,,1,,,,1,,,,,,,F,1,2,30,0,0,5,0,0,,,,,,
Skjellingahaugen,2,243,TTC,243,243 TTC,,,2,13,2009,16-Aug,Presence,KK,,1,,,,,,,1,,1,,,,,,,,,,,,S,,,,,,,,,,,,,1,,,,,,,,,,,,,,,,,,,,,,,,,1,,,,,,,1,,0,50,0,0,10,0,0,,,,,,
Skjellingahaugen,2,243,TTC,243,243 TTC,,,2,14,2009,16-Aug,Presence,KK,,1,,,,,F,,1,,1,,,,,,,,,,,,,,,,,,,,,,,,,DF,,,,,,,,,,,,,,,,,,,,,,,,,1,,,,,,,,,5,30,0,0,5,0,0,,,,,,
Skjellingahaugen,2,243,TTC,243,243 TTC,,,2,15,2009,16-Aug,Presence,KK,,1,,,,,,,,,,,,,,,,,,,,,,,,,,,,,,,,,,DF,,,,,,,,,,,,,,,,,,,,,,,,,1,,,,,,,1,,5,20,0,0,20,0,0,,,,,,
Skjellingahaugen,2,243,TTC,243,243 TTC,,,2,16,2009,16-Aug,Presence,KK,,1,,,,,,,1,,,,,,,,,,,,,,S,,,,,,,,,,,,,DF,,,,,,,,,,,,,,,,,,,,,,,,,1,,,,,,,1,,10,40,0,0,10,0,0,,,,,,
Skjellingahaugen,2,243,TTC,243,243 TTC,,,2,17,2009,16-Aug,Presence,KK,,1,,,,,,,1,,1,,,,,,,,,,,,S,,,,,,,,,,,,,1,,,,,,,,,,,,,,,,,,,,,,,,,1,,,,,,,1,,10,30,0,0,10,0,0,,,,,,
Skjellingahaugen,2,243,TTC,243,243 TTC,,,2,18,2009,16-Aug,Presence,KK,,1,,,,,1,,1,,,,,,,,,,,,,,,,,,,,,,,,,,,1,,,,,,,,,,,,,,,,,,,,,,,,,1,,,,,,,1,,5,10,0,0,10,0,0,,,,,,
Skjellingahaugen,2,243,TTC,243,243 TTC,,,2,19,2009,16-Aug,Presence,KK,,1,,,,,,,1,,,,,,,,,,,,,,S,,,,,,,,,,,,,1,,,,,,,,,,,,,,,,,,,,,1,,,,1,,,,,,,,,2,30,0,0,20,0,0,,,,,,
Skjellingahaugen,2,243,TTC,243,243 TTC,,,2,20,2009,16-Aug,Presence,KK,,1,,,,,,,1,,1,,,,,,,,,,,,,,,,,,,,,,1,,,1,,,,,,,,,,,,,,,,,,,,,,,,,1,,,,,,,1,,10,30,0,0,10,0,0,,,,,,
Skjellingahaugen,2,243,TTC,243,243 TTC,,,2,21,2009,16-Aug,Presence,KK,,1,,,,,,,1,,,,,,,,,,,,,,,,,,,,,,,,,,,1,,,,,,,,,,,,,,,,,1,,,,,,,,1,,,,,,,1,,10,30,0,0,20,0,0,,,,,,
Skjellingahaugen,2,243,TTC,243,243 TTC,,,2,22,2009,16-Aug,Presence,KK,,1,,,,,,1,1,,,,,,,,,,,,,,SF,,,,,,,,,,,,,1,,,,,,,,,,,,,,,,,,,,,,,,,1,,,,,,,1,,5,20,0,0,10,0,0,,,,2,1,
Skjellingahaugen,2,243,TTC,243,243 TTC,,,2,23,2009,16-Aug,Presence,KK,,1,,,,,,,,,,,,,,,,,,,,,,,,,,,,,,,,,,1,,,,,,,,,,,,,,,,,,,,,,,,,1,,,,,,,1,,0,20,0,0,10,0,0,,,,1,2.5,
Skjellingahaugen,2,243,TTC,243,243 TTC,,,2,24,2009,16-Aug,Presence,KK,,1,,,,,,,1,,,,,,,,,,,,,,S,,,,,,,,,,,,,1,,,,,,,,,,,,,,,,,,,,,,,,,F,,,,,,,1,1,10,50,0,0,10,0,0,,,,6,1,
Skjellingahaugen,2,243,TTC,243,243 TTC,,,2,25,2009,16-Aug,Presence,KK,,1,,,,,,,1,,,,,,,,,,,,,,,,,,,,,,,,,,,1,,1,,,,,,,,,,,,,,,,,,,,,,,1,,,1,,,,,,10,20,0,0,10,0,0,,,,7,1.5,
Skjellingahaugen,2,243,TTC,243,243 TTC,,,2,%,2009,16-Aug,Cover,KK,,8,,,5,,2,1,5,,2,,1,,,,,,,,,,3,,,,,,,,,,2,,,30,,1,,,,,1,,,,,,,,,1,4,,,,2,,,,20,,,2,,,,8,2,6.04,23.4,0,0,10.04,0,0,70,30,0,4,1.5,
,,,,,,,,,,,,,,,,,,,,,,,,,,,,,,,,,,,,,,,,,,,,,,,,,,,,,,,,,,,,,,,,,,,,,,,,,,,,,,,,,,,,,,,,,,,,,,,
Skjellingahaugen,5,260,TTC,260,260 TTC,,,C,1,2009,15-Aug,Presence,KK,,1,,1,1,,,,1,,1,,,,,,,,,,,,SF,,,,,,,,,,,,,,,,,,,,,,,,,,,,,,1,,,,1,,,,,,,,,,,,,10,5,0,5,2,5,0,,,,,,
Skjellingahaugen,5,260,TTC,260,260 TTC,,,C,2,2009,15-Aug,Presence,KK,,1,,,,,,,1,,,,,,,,,,,,,,SF,,,,,,,,,,,,,1,,,,,,,,,,,,,,,,,,,,,1,,,,,,,,,,,,,20,0,0,0,2,0,0,,,,,,
Skjellingahaugen,5,260,TTC,260,260 TTC,,,C,3,2009,15-Aug,Presence,KK,,1,,,1,,1,,1,,,,,,,,,,,,,,SF,,,,,,,,,,,,,,,,,,,,,,,,,,,,,,1,,,,1,,,,,,,,,,,1,1,10,10,0,0,30,5,0,,,,,,
Skjellingahaugen,5,260,TTC,260,260 TTC,,,C,4,2009,15-Aug,Presence,KK,,1,,,,,,,,,,,,,,,,,,,,,,,,,,,,,,,,,,,,,,,,,,,,,,,,,,,1,,,1,1,,,,,,,,,,,1,1,30,10,0,0,20,5,0,,,,,,
Skjellingahaugen,5,260,TTC,260,260 TTC,,,C,5,2009,15-Aug,Presence,KK,,1,,1,,,,,1,,,,,,,,,,,,,,,,,,,,,,,,,,,1,,,,,,,,,,,,,,,,,1,,,1,1,,,,,,,,,,,F,,20,10,0,0,10,5,0,,,,,,
Skjellingahaugen,5,260,TTC,260,260 TTC,,,C,6,2009,15-Aug,Presence,KK,,1,,1,,,1,,,,1,,,,,,,,,,,,S,,,,,,,,,,,,,,,,,,,,,,,,,,,,,,1,,,1,1,,,,,,,,,,,,,20,10,0,10,10,0,0,,,,,,
Skjellingahaugen,5,260,TTC,260,260 TTC,,,C,7,2009,15-Aug,Presence,KK,,1,,1,,,1,,1,,,,,,,,,,,,,,S,,,,,,,,,,,,,1,,,,,,,,,,,,,,,,,1,,,,,,,,,,,,,,,,1,20,5,0,0,5,20,0,,,,,,
Skjellingahaugen,5,260,TTC,260,260 TTC,,,C,8,2009,15-Aug,Presence,KK,,1,,1,,,,,1,,,,,,,,,,,,,,SF,,,,,,,,,,,,,,,,,,,,,,,,,,,,,,1,,,,,,,,,,,,,,,1,,20,10,0,0,10,20,0,,,,,,
Skjellingahaugen,5,260,TTC,260,260 TTC,,,C,9,2009,15-Aug,Presence,KK,,1,,1,,,1,,1,,1,,,,,,,,,,,,,,,,,,,,,,,,,,,,,,,,,,,,,,,,,,1,,,,1,,,,,,,,,,,1,,20,5,0,0,2,20,0,,,,,,
Skjellingahaugen,5,260,TTC,260,260 TTC,,,C,10,2009,15-Aug,Presence,KK,,1,,,,,1,,1,,,,,,,,,,,,,,S,,,,,,,,,,,,,1,,,,,,,,,,,,,,,,,1,,,,1,,,,,,,,,,,,,20,0,0,0,10,5,0,,,,,,
Skjellingahaugen,5,260,TTC,260,260 TTC,,,C,11,2009,15-Aug,Presence,KK,,1,,,,,1,,1,,1,,,,,,,,,,,,,,,,,,,,,,,,,1,,,,,,,,,,,,,,,,,,,,,,,,,,,,,,,,,1,10,10,0,0,10,5,0,,,,,,
Skjellingahaugen,5,260,TTC,260,260 TTC,,,C,12,2009,15-Aug,Presence,KK,,1,,,,,1,,1,,1,,,,,,,,,,,,,,,,,,,,,,,,,,,,,,,,,,,,,,,,,,,,,,,,,,,,,,,,,,,20,5,0,0,20,10,0,,,,,,
Skjellingahaugen,5,260,TTC,260,260 TTC,,,C,13,2009,15-Aug,Presence,KK,,1,,,,,,,1,,,,,,,,,,,,,,,,,,,,,,,,,,,,,,,,,,,,,,,,,,,,,,,,,,,,,,,,,,,1,,10,5,0,0,10,20,0,,,,,,
Skjellingahaugen,5,260,TTC,260,260 TTC,,,C,14,2009,15-Aug,Presence,KK,,1,,,,,,,1,,,,,,,,,,,,,,,,,,,,,,,,,,,,,,,,,,,,,,,,,,,,1,,,,,,,,,,,,,,,,,20,5,0,0,5,30,0,,,,,,
Skjellingahaugen,5,260,TTC,260,260 TTC,,,C,15,2009,15-Aug,Presence,KK,,1,,,,,,,1,,,,,,,,,,,,,,S,,,,,,,,,,,,,1,,,,,,,,,,,,,,,,,1,,,,1,,,,,,,,,,,,,10,20,0,0,10,5,0,,,,,,
Skjellingahaugen,5,260,TTC,260,260 TTC,,,C,16,2009,15-Aug,Presence,KK,,1,,,,,,,1,,1,,,,,,,,,,,,,,,,,,,,,,,,,1,,,,,,,,,,,,,,,,,1,,,,S,,,,,,,,,,,1,,5,5,0,0,20,5,0,,,,,,
Skjellingahaugen,5,260,TTC,260,260 TTC,,,C,17,2009,15-Aug,Presence,KK,,1,,,1,,1,,1,,,,,,,,,,,,,1,S,,,,,,,,,,,,,,,,,,,,,,,,,,,,,,1,,,,S,,,,,,,1,,,,,,20,5,0,0,20,0,0,,,,,,
Skjellingahaugen,5,260,TTC,260,260 TTC,,,C,18,2009,15-Aug,Presence,KK,,1,,,,,,,F,,,,,,,,,,,,,1,,,,,,,,,,,,,,,,,,,,,,,,,,,,,,,,,,,S,,,,,,,1,,,,1,,10,10,0,0,30,0,0,,,,,,
Skjellingahaugen,5,260,TTC,260,260 TTC,,,C,19,2009,15-Aug,Presence,KK,,1,,,,,,,1,,,,,,,,,,,,,,S,,,,,,,,,,,,,,,,,,,,,,,,,,,,,,,,,,1,,,,,,,,,,,,,10,10,0,0,30,0,0,,,,,,
Skjellingahaugen,5,260,TTC,260,260 TTC,,,C,20,2009,15-Aug,Presence,KK,,1,,,1,,,1,1,,,,,,,,,,,,,,,,,,,,,,,,,,,,,,,,,,,,,,,,,,,,1,,,,1,,,,,,,,,,,,,10,10,0,0,10,20,0,,,,,,
Skjellingahaugen,5,260,TTC,260,260 TTC,,,C,21,2009,15-Aug,Presence,KK,,1,,1,,,,,1,,1,,,,,,,,,,,,,,,,,,,,,,,,,1,,,,,,,,,,,,,,,,,1,,,,1,,,,,,,,,,,1,,20,5,0,0,20,0,0,,,,,,
Skjellingahaugen,5,260,TTC,260,260 TTC,,,C,22,2009,15-Aug,Presence,KK,,1,,1,1,,,,1,,,,,,,,,,,,,,,,,,,,,,,,,,,1,,,,,,,,,,,,,,,,,1,,,,S,,,,,,,1,,,,1,,20,5,0,0,10,0,0,,,,2,0.5,
Skjellingahaugen,5,260,TTC,260,260 TTC,,,C,23,2009,15-Aug,Presence,KK,,,,,,,,,1,,,,,,,,,,,,,,,,,,,,,,,,,,,1,,,,,,,,,,,,,,,,,1,,,,,,,,,,,1,,,,1,,5,5,0,0,10,0,0,,,,2,,
Skjellingahaugen,5,260,TTC,260,260 TTC,,,C,24,2009,15-Aug,Presence,KK,,1,,,,,,,1,,,,,,,,,,,,,,,,,,,,,,,,,,,1,,,,,,,,,,,,,,,,,1,,,,1,,,,,,,,,,,,,20,0,0,0,10,0,0,,,,3,,
Skjellingahaugen,5,260,TTC,260,260 TTC,,,C,25,2009,15-Aug,Presence,KK,,1,,,1,,,,1,,1,,,,,,,,,,,,,,,,,,,,,,,,,,,,,,,,,,,,,,,,,,1,,,,,,,,,,,,,,,,,20,10,0,0,5,10,0,,,,4,,
Skjellingahaugen,5,260,TTC,260,260 TTC,,,C,%,2009,15-Aug,Cover,KK,,4,,5,3,,3,1,9,,2,,,,,,,,,,,1,2,,,,,,,,,,,,,6,,,,,,,,,,,,,,,,,8,,,2,5,,,,,,,3,,,,7,2,16,7,0,0.6,12.84,7.6,0,70,20,0.5,2.75,0.5,
,,,,,,,,,,,,,,,,,,,,,,,,,,,,,,,,,,,,,,,,,,,,,,,,,,,,,,,,,,,,,,,,,,,,,,,,,,,,,,,,,,,,,,,,,,,,,,,
Skjellingahaugen,5,257,TT2,283,257 TT2 283,,,1,1,2009,16-Aug,Presence,W,,1,,1,,,,,,,1,,,,,,,,,,,,SD,,,,,,,,,,1,,,1,,,,,,,,,,,,,,,,,1,,,,1,,,,,,,,,,,,,10,0,0,0,15,20,0,,,,,,
Skjellingahaugen,5,257,TT2,283,257 TT2 283,,,1,2,2009,16-Aug,Presence,W,,1,,,,,1,,,,1,,,,,,,,,,,,SF,,,,,,,,,,1,,,,,,,,,,,,,,,,,,,,,,,,1,,,,,,,,,,,,,10,0,0,0,15,10,0,,,,,,
Skjellingahaugen,5,257,TT2,283,257 TT2 283,,,1,3,2009,16-Aug,Presence,W,,1,,,,,,,,,,,,,,,,,,,,,,,,,,,,,,,,,,,,,,1,,,,,,,,,,,,,1,,,,1,,,,,,,,,,,,,5,0,0,0,20,10,0,,,,,,
Skjellingahaugen,5,257,TT2,283,257 TT2 283,,,1,4,2009,16-Aug,Presence,W,,,,,,,,,1,,1,,,,,1,,,,,,,,,,,,,,,,,,,,,,,,1,,,,,,,,,,,,,,,,,1,,,,,,,,,,,,,5,0,0,0,30,0,0,,,,,,
Skjellingahaugen,5,257,TT2,283,257 TT2 283,,,1,5,2009,16-Aug,Presence,W,,1,,1,1,,,,,,1,,,,,1,,,,,,,S,,,,,,,,,,,,,,1,,,,,,,,,,,,,,,,,,,,1,,,,,,,,,,,,,15,0,0,0,10,0,0,,,,,,
Skjellingahaugen,5,257,TT2,283,257 TT2 283,,,1,6,2009,16-Aug,Presence,W,,1,,,,,,,1,,1,,,,,,,,,,,,S,,,,,,,,,,,,,1,1,,,,,,,,,,,,,,,,,,,,1,,,,,,,1,,,,1,,10,0,0,0,5,0,0,,,,,,
Skjellingahaugen,5,257,TT2,283,257 TT2 283,,,1,7,2009,16-Aug,Presence,W,,1,,,1,,1,,1,,1,,,,,,,,,,,,S,,,,,,,,,,,,,,,,,,,,,,,,,,,,,,1,,,,1,,,,,,,,,,,1,,10,0,0,0,10,2,0,,,,,,
Skjellingahaugen,5,257,TT2,283,257 TT2 283,,,1,8,2009,16-Aug,Presence,W,,1,,,,,,1,1,,,,,,,,,,,,,,SF,,,,,,,,,,,,,,,,,,,,,,,,,,,,,,1,,,,S,,,,,,,,,,,,,5,0,0,10,10,0,0,,,,,,
Skjellingahaugen,5,257,TT2,283,257 TT2 283,,,1,9,2009,16-Aug,Presence,W,,,,1,1,,,,1,,,,,,,,,,,,,,SF,,1,,,,,,,,,,,,,,,,,,,,,,,,,,,,1,,,,,,,,,,,,,,,1,,10,0,0,0,20,0,0,,,,,,
Skjellingahaugen,5,257,TT2,283,257 TT2 283,,,1,10,2009,16-Aug,Presence,W,,,,1,,,1,,,,1,,,,,,,,,,,,SF,,,,,,,,,,,,,,,,,,,,,,,,,,,,,,,,,,,,,,,,,,,,,,,15,0,0,0,5,0,0,,,,,,
Skjellingahaugen,5,257,TT2,283,257 TT2 283,,,1,11,2009,16-Aug,Presence,W,,1,,,,,1,,1,,,,,,,,,,,,,,SF,,,,,,,,,,,,,1,F,,,,,,,,,,,,,,,,1,,,D,,,,,,,,,,,,,1,10,0,0,0,10,10,0,,,,,,
Skjellingahaugen,5,257,TT2,283,257 TT2 283,,,1,12,2009,16-Aug,Presence,W,,1,,,,,1,,1,,,,,,,,,,,,,,,,,,,,,,,,,,,,,,,,,,,,,,,,,,,,1,,,,,,,,,,,,,,,,,2,0,0,0,10,40,0,,,,,,
Skjellingahaugen,5,257,TT2,283,257 TT2 283,,,1,13,2009,16-Aug,Presence,W,,F,,,,,1,1,1,,,,,,,,,,,,,,,,,,,,,,,,,,,,,,,,,,,,,,,,,,,,1,,,,,,,,,,,,,,,,,5,0,0,5,15,12,0,,,,,,
Skjellingahaugen,5,257,TT2,283,257 TT2 283,,,1,14,2009,16-Aug,Presence,W,,1,,,,,,,1,,,,,,,,,,,,,,SF,,,,,,,,,,,,,,,,,,,,,,,,,,,,,,1,,,,,,,,,,,,,,,1,,10,0,0,5,5,0,0,,,,,,
Skjellingahaugen,5,257,TT2,283,257 TT2 283,,,1,15,2009,16-Aug,Presence,W,,1,,1,,,,,,,,,,,,,,,,,,,SF,,,,,,,,,,,,,,,,,,,,,,,,,,,,,,1,,,,,,,,,,,,,,,,,10,0,0,0,5,5,0,,,,,,
Skjellingahaugen,5,257,TT2,283,257 TT2 283,,,1,16,2009,16-Aug,Presence,W,,1,,1,,,,,1,,,,,,,,,,,,,,,,,,,,,,,,,,,1,,,,,,,,,,,,,,,,,1,,,,,,,,,,,,,,,,,2,0,0,0,20,0,0,,,,,,
Skjellingahaugen,5,257,TT2,283,257 TT2 283,,,1,17,2009,16-Aug,Presence,W,,1,,,,,,1,1,,,,,,,,,,,,,S,SF,,,,,,,,,,,,,,,,,,,,,,,,,,,,,,,,,,1,,,,,,,,,,,1,,15,0,0,0,10,0,0,,,,,,
Skjellingahaugen,5,257,TT2,283,257 TT2 283,,,1,18,2009,16-Aug,Presence,W,,1,,1,,,,1,1,,,,,,,,,,,,,,,,,,,,,,,,,,,,,,,,,,,,,,,,,,,,1,,,,1,,,,,,,,,,,1,,2,0,0,0,6,20,0,,,,,,
Skjellingahaugen,5,257,TT2,283,257 TT2 283,,,1,19,2009,16-Aug,Presence,W,,1,,,,,,,1,,,,,,,,,,,,,,,,,,,,,,,,,,,,,,,,,,,,,,,,,,,,1,,,,,,,,,,,,,,,,,5,0,0,5,5,10,0,,,,,,
Skjellingahaugen,5,257,TT2,283,257 TT2 283,,,1,20,2009,16-Aug,Presence,W,,1,,F,,,,,,,,,,,,,,,,,,,S,,,,,,,,,,,,,,,,,,,,,,,,,,,,,,1,,,,,,,,,,,,,,,,,10,0,0,0,5,5,0,,,,,,
Skjellingahaugen,5,257,TT2,283,257 TT2 283,,,1,21,2009,16-Aug,Presence,W,,1,,F,,,,,1,,,,,,,,,,,,,,S,,,,,,,,,,,,,,1,,,,,,,,,,,,,,,,1,,,,,,,,,,,,,,,,,15,0,0,0,10,10,0,,,,,,
Skjellingahaugen,5,257,TT2,283,257 TT2 283,,,1,22,2009,16-Aug,Presence,W,,1,,,,,,,1,,,,,,,,,,,,,,S,,,,,,,,,,,,,,,,,,,,,,,,,,,,,,,,,,,,,,,,,,,,,,,25,0,0,0,5,0,0,,,,7,0.5,
Skjellingahaugen,5,257,TT2,283,257 TT2 283,,,1,23,2009,16-Aug,Presence,W,,1,,,,,1,,,,,,,,,,,,,,,,S,,,,,,,,,,,,,1,,,,,,,,,,,,,,,,,1,,,,,,,,,,,,,,,,,20,0,0,0,10,5,0,,,,2,,
Skjellingahaugen,5,257,TT2,283,257 TT2 283,,,1,24,2009,16-Aug,Presence,W,,1,,,,,,,1,,,,,,,,,,,,,,S,,,,,,,,,,,,,1,,,,,,,,,,,,,,,,,1,,,,,,,,,,,,,,,,,10,0,0,3,10,5,0,,,,6,,
Skjellingahaugen,5,257,TT2,283,257 TT2 283,,,1,25,2009,16-Aug,Presence,W,,,,1,,,,,1,,1,,,,,,,,,,,,,,,,,,,,,,,,,,,,,,,,,,,,,,,,,,,,,,D,,,,,,,,,,,,,20,0,0,0,15,0,0,,,,4,,
Skjellingahaugen,5,257,TT2,283,257 TT2 283,,,1,%,2009,16-Aug,Cover,W,,6,,15,1,,5,2,5,,2,,,,,1,,,,,,1,1,,1,,,,,,,,1,,,4,1,,,1,,,,,,,,,,,,,24,,,1,4,,,,,,,1,,,,2,1,10.24,0,0,1.12,11.24,6.56,0,50,10,1,4.75,0.5,
,,,,,,,,,,,,,,,,,,,,,,,,,,,,,,,,,,,,,,,,,,,,,,,,,,,,,,,,,,,,,,,,,,,,,,,,,,,,,,,,,,,,,,,,,,,,,,,
Skjellingahaugen,5,258,TT1,257,258 TT1 257,,,2,1,2009,16-Aug,Presence,KK,,1,,,1,,,,1,,,,,,,,,,,,,1,,,,,,,,,,,,,,1,1,,,,,,,,,,1,,,,,,1,,,,1,,,,,,,,,,,1,,40,0,0,0,5,0,0,,,,,,
Skjellingahaugen,5,258,TT1,257,258 TT1 257,,,2,2,2009,16-Aug,Presence,KK,,1,,,1,,,,1,,,,,,,,,,,,,,,,1,,,,,,,,,,,1,1,,,,,,,,,,1,,,,,,,,,,1,,,,,,,,,,,1,,20,0,0,0,10,0,0,,,,,,
Skjellingahaugen,5,258,TT1,257,258 TT1 257,,,2,3,2009,16-Aug,Presence,KK,,,,,,,1,,1,,,,,,,,,,,,,1,S,,,,,,,,,,,,,1,,,,,,,,,,,,,,,,,,,,,1,,,,,,,,,,,1,,30,0,0,0,30,0,0,,,,,,
Skjellingahaugen,5,258,TT1,257,258 TT1 257,,,2,4,2009,16-Aug,Presence,KK,,1,,,,,1,,1,,1,,,,,,,,,,,,SF,,,,,,,,,,,,,,,,,,,,,,,,,,,,,,,,,,1,,,,,,,,,,,,,20,0,0,0,10,0,0,,,,,,
Skjellingahaugen,5,258,TT1,257,258 TT1 257,,,2,5,2009,16-Aug,Presence,KK,,1,,,,,,,1,,F,,,,,,,,,,,,,,,,,,,,,,1,,,1,,,,,,,,,,,1,,,,,,,,,,,,,,,,,,,,,1,,40,0,0,0,10,0,0,,,,,,
Skjellingahaugen,5,258,TT1,257,258 TT1 257,,,2,6,2009,16-Aug,Presence,KK,,,,,1,,1,,1,,,,,,,,,,,,,1,SF,,,,,,,,,,,,,1,1,,,,,,,,,,,,,,,,1,,,,1,,,,,,,,,,,1,,30,0,0,0,10,0,0,,,,,,
Skjellingahaugen,5,258,TT1,257,258 TT1 257,,,2,7,2009,16-Aug,Presence,KK,,,,,1,1,,,1,,1,,,,,,,,,,,,,,,,,,,,,,,,,1,1,,,,,,,,,,1,,,,,,1,,,,1,,,,,,,,,,,1,,20,0,0,0,30,0,0,,,,,,
Skjellingahaugen,5,258,TT1,257,258 TT1 257,,,2,8,2009,16-Aug,Presence,KK,,1,,,,1,1,,1,,1,,,,,,,,,,,,S,,1,,,,,,,,,,,1,1,,,,,,,,,,,,,,,,1,,,,1,,,,,,,,,,,1,,40,0,0,0,10,0,0,,,,,,
Skjellingahaugen,5,258,TT1,257,258 TT1 257,,,2,9,2009,16-Aug,Presence,KK,,1,,,,,,,1,,1,,,,,,,,,,,,SF,,,,,,,,,,1,,,,,,,,,,,,,,,,,,,,1,,,1,,,,,,,,,,,,1,,60,0,0,0,5,0,0,,,,,,
Skjellingahaugen,5,258,TT1,257,258 TT1 257,,,2,10,2009,16-Aug,Presence,KK,,1,,,,,1,,,,1,,,,,,,,,,,,,,,,,,,,,,,,,1,,,,,,,,,,,,,,,,,1,,,,,,,,,,,,,,,,,20,0,0,0,20,0,0,,,,,,
Skjellingahaugen,5,258,TT1,257,258 TT1 257,,,2,11,2009,16-Aug,Presence,KK,,,,1,,,1,,1,,,,,,,,,,,,,,SF,,,,,,,,,,,,,1,1,,,,,,,,,,1,,,,,,1,,,,,,,,,,,,,,,1,,20,0,0,0,20,0,0,,,,,,
Skjellingahaugen,5,258,TT1,257,258 TT1 257,,,2,12,2009,16-Aug,Presence,KK,,,,,,,,,1,,,1,,,,,,,,,,,,,,,,,,,,,,,,1,,,,,,,,,,,1,,,,,,1,,,,1,,,,,,,,,,,1,,30,0,0,0,10,0,0,,,,,,
Skjellingahaugen,5,258,TT1,257,258 TT1 257,,,2,13,2009,16-Aug,Presence,KK,,,,,,,,,1,,,,,,,,,,,,,1,,,,,,,,,,,,,,1,,,,,,,,,,,,,,,,,1,,,1,1,,,,,,,,,,,1,,30,0,0,0,10,0,0,,,,,,
Skjellingahaugen,5,258,TT1,257,258 TT1 257,,,2,14,2009,16-Aug,Presence,KK,,1,,,,,1,,1,,,,,,,,,,,,,1,S,,,,,,,,,,,,,,,,,,,,,,,,1,,,,,,1,,,,1,,,,,,,,,,,1,,60,0,0,0,5,0,0,,,,,,
Skjellingahaugen,5,258,TT1,257,258 TT1 257,,,2,15,2009,16-Aug,Presence,KK,,1,,,,,1,,1,,1,,,,,,,,,,,1,S,,,,,,,,,,,,,1,,,,,,,,,,,,,,,,,1,,,,1,,,,,,,,,,,,,20,0,0,0,10,0,0,,,,,,
Skjellingahaugen,5,258,TT1,257,258 TT1 257,,,2,16,2009,16-Aug,Presence,KK,,,,1,,,,,1,,,,,,,,,,,,,,,,,,,,,,,,,,,1,,,,,,,,,,,,,,,,,1,,,,1,,,,,,,,,,,,,20,0,0,0,10,0,0,,,,,,
Skjellingahaugen,5,258,TT1,257,258 TT1 257,,,2,17,2009,16-Aug,Presence,KK,,,,,,,1,,1,,,,,,,,1,,,,,1,,,,,,,,,,,,,,1,,,,,,,,,,,,,,,,,1,,,,1,,,,,,,,,,,,,10,0,0,0,30,0,0,,,,,,
Skjellingahaugen,5,258,TT1,257,258 TT1 257,,,2,18,2009,16-Aug,Presence,KK,,1,,,,,,,1,,,,,,,,,,,,,1,S,,,,,,,,,,,,,1,,,,,,,,,,,,,,,,,1,,,,1,,,,,,,,,,,,,20,0,0,0,20,0,0,,,,,,
Skjellingahaugen,5,258,TT1,257,258 TT1 257,,,2,19,2009,16-Aug,Presence,KK,,1,,,,,,,1,,,,,,,,,,,,,1,S,,,,,,,,,,D,,,1,,,,,,,,,,,1,,,,,,,,,,1,,,,,,,,,,,1,,10,0,0,0,20,0,0,,,,,,
Skjellingahaugen,5,258,TT1,257,258 TT1 257,,,2,20,2009,16-Aug,Presence,KK,,,,1,,,,,1,,1,,,,,,,,,,,1,S,,,,,,,,,,1,,,1,,,,,,,,,,,1,,,,,,,,,,1,,,,,,,,,,,,,20,0,0,0,5,0,0,,,,,,
Skjellingahaugen,5,258,TT1,257,258 TT1 257,,,2,21,2009,16-Aug,Presence,KK,,,,1,,,,,1,,,,,,,,,,,,,1,,,,,,,,,,,,,,1,,,,,,,,,,,,,,,,,1,,,,1,,,,,,,,,,,,,10,0,0,10,10,0,0,,,,,,
Skjellingahaugen,5,258,TT1,257,258 TT1 257,,,2,22,2009,16-Aug,Presence,KK,,1,,1,,,,,1,,,,,,,,,,,,,1,,,,,,,,,,,,,,1,,,,,,,,,,,,,,,,,1,,,1,1,,,,,,,,,,,1,,20,0,0,0,5,0,0,,,,3,1,
Skjellingahaugen,5,258,TT1,257,258 TT1 257,,,2,23,2009,16-Aug,Presence,KK,,1,,1,1,,,,1,,1,,,,,,,,,,,,S,,,,,,,,,,,,,,,,,,,,,,,,1,,,,,,1,,,,1,,,,,,,,,,,1,,30,0,0,0,10,0,0,,,,8,,
Skjellingahaugen,5,258,TT1,257,258 TT1 257,,,2,24,2009,16-Aug,Presence,KK,,1,,1,1,,1,,1,,1,,,,,,,,,,,,,,,,,,,,,,,,,,,,,,,,,,,,,,,,,,,,,,1,,,,,,,,,,,,1,10,0,0,0,10,0,0,,,,5,,
Skjellingahaugen,5,258,TT1,257,258 TT1 257,,,2,25,2009,16-Aug,Presence,KK,,1,,1,,,,1,1,,,,,,,,,,,,,1,,,,,,,,,,,,,,1,,,,,,,,,,,,,,,,1,1,,,,,,,,,,,,,,,,,30,0,0,0,10,0,0,,,,4,,
Skjellingahaugen,5,258,TT1,257,258 TT1 257,,,2,%,2009,16-Aug,Cover,KK,,2,,8,5,1,3,1,4,,2,4,,,,,2,,,,,3,3,,1,,,,,,,,3,,,15,2,,,,,,,,,,4,,,,,1,6,,,2,5,,,,,,,,,,,6,1,26.4,0,0,0.4,13,0,0,70,30,0.5,5,1,"Fjerner 1 fra cover Car nor, mangler subplot."
,,,,,,,,,,,,,,,,,,,,,,,,,,,,,,,,,,,,,,,,,,,,,,,,,,,,,,,,,,,,,,,,,,,,,,,,,,,,,,,,,,,,,,,,,,,,,,,
Skjellingahaugen,11,537,TT1,536,537 TT1 536,,,1,1,2009,16-Aug,Presence,KK,,,,,,,,,1,,,,1,,,,,,,,,1,SF,,,,,,,,,,,,,1,,1,,,,,,,,,,,,,,,,,1,,1,,,,1,,,1,,,,,,60,0,0,0,0,0,0,,,,,,
Skjellingahaugen,11,537,TT1,536,537 TT1 536,,,1,2,2009,16-Aug,Presence,KK,,,,,,,,,1,,,,1,,,,,,,,,,S,,,,,,,,,,,,,1,,1,,,,,,,,,,,,,,,,,1,,1,,,,1,,,1,,,,,,30,0,0,0,0,0,0,,,,,,
Skjellingahaugen,11,537,TT1,536,537 TT1 536,,,1,3,2009,16-Aug,Presence,KK,,,,,,,,,,,,,,,,,,,,,,,S,,,,,,,,,,1,,,1,,1,,,,,,,,,,,,,,,,,,,1,1,,,F,,,1,,,,,,20,0,0,0,0,0,0,,,,,,
Skjellingahaugen,11,537,TT1,536,537 TT1 536,,,1,4,2009,16-Aug,Presence,KK,,,,,,,,,F,,,,,,,,,,,,,,S,,,,,,,,,,,,,1,,,,,,,,,,,,,,,,,,,1,,1,,,,F,,,,,,,,,50,0,0,0,10,0,0,,,,,,
Skjellingahaugen,11,537,TT1,536,537 TT1 536,,,1,5,2009,16-Aug,Presence,KK,,1,1,,,,,,1,,,,1,,,,,,,,,,,,1,,,,,,,,,,,1,,,,,,,,,,,,,,,,,,,,1,1,,,,1,,,,,,,,1,40,0,0,0,5,0,0,,,,,,
Skjellingahaugen,11,537,TT1,536,537 TT1 536,,,1,6,2009,16-Aug,Presence,KK,,,,,,,,,1,,1,,,,,,,,,,,1,S,,,,,,,,,,,,,,,,,,,,,,,,,,,,,,,,1,1,1,,,,1,,,,,,,,2,30,5,0,0,0,0,0,,,,,,
Skjellingahaugen,11,537,TT1,536,537 TT1 536,,,1,7,2009,16-Aug,Presence,KK,,,,,,,1,,1,,1,,,,,,,,,,,1,S,,1,,,,,,,,,,,,,,,,,,,,,,,,,,,,,,1,1,1,,,,1,,,,,,,,,50,0,0,0,10,0,0,,,,,,
Skjellingahaugen,11,537,TT1,536,537 TT1 536,,,1,8,2009,16-Aug,Presence,KK,,,,,,,,,1,,,,,,,,,,,,,1,S,,,,,,,,,,1,,,,,1,,,,,,,,,,,,,,,,,F,1,1,1,,,1,,,,,,,,,30,10,0,0,10,0,0,,,,,,
Skjellingahaugen,11,537,TT1,536,537 TT1 536,,,1,9,2009,16-Aug,Presence,KK,,,1,,,,,,,,1,,,,,,,,,,,,S,,,,,,,,,,,,,1,,,,,,,,,,,,,,,,,,,F,1,1,,,,1,,,,,,,,,30,5,0,0,5,0,0,,,,,,
Skjellingahaugen,11,537,TT1,536,537 TT1 536,,,1,10,2009,16-Aug,Presence,KK,,,1,,,,,,1,,,,,,,,,,,,,1,S,,,,,,,,,,,,,,,,,,,,,,,,,,,,,,,,,1,1,,,,1,,,,,,,,,30,10,0,0,10,0,0,,,,,,
Skjellingahaugen,11,537,TT1,536,537 TT1 536,,,1,11,2009,16-Aug,Presence,KK,,1,,,,,,,1,,,,,,,,,,,,,1,S,,,,,,,,,,1,,,1,,1,,,,,,,,,,,,,,,,,1,,1,,,,F,,,,,,,,,50,0,0,0,20,0,0,,,,,,
Skjellingahaugen,11,537,TT1,536,537 TT1 536,,,1,12,2009,16-Aug,Presence,KK,,,1,,1,,,,1,,,,,,,,,,,,,,SF,,,,,,,,,,1,,,,,,,,,,,,,,,,,,,,,,F,,,,,,1,,,,,,,,,60,0,0,0,10,0,0,,,,,,
Skjellingahaugen,11,537,TT1,536,537 TT1 536,,,1,13,2009,16-Aug,Presence,KK,,,1,,,,,,1,,1,,,,,,,,,,,1,,,,,,,,,,,,,,,,F,,,,,,,,,,,,,,,,,1,1,,,,,1,,,,,,,,,70,0,0,0,10,0,0,,,,,,
Skjellingahaugen,11,537,TT1,536,537 TT1 536,,,1,14,2009,16-Aug,Presence,KK,,,,,,,1,,1,,1,,,,,,,,,,,1,,,,,,,,,,,,,,1,,,,,,,,,,,,,,,,,,,1,,,,,,1,,,,,,,,,40,0,0,0,20,0,0,,,,,,
Skjellingahaugen,11,537,TT1,536,537 TT1 536,,,1,15,2009,16-Aug,Presence,KK,,,1,,,,F,,1,,1,,,,,,,,,,,1,,,,,,,,,,,,,,1,,,,,,1,,,,,,,,,,,,,1,,1,1,,,1,,,1,,,,,,40,0,0,0,20,0,0,,,,,,
Skjellingahaugen,11,537,TT1,536,537 TT1 536,,,1,16,2009,16-Aug,Presence,KK,,,,,1,,,,1,,,,,,,,,,,,,,,,1,,,,,,,,1,,,,,,,,,,,,,,,,,,,,,,,,1,,,,1,,,,,,,,,80,0,0,0,0,0,0,,,,,,
Skjellingahaugen,11,537,TT1,536,537 TT1 536,,,1,17,2009,16-Aug,Presence,KK,,,,,,,,,F,,,,,,,,,,,,,,SF,,,,,,,,,,1,,,1,,,,,,,,,,,,,,,,,,,1,,S,,,,,,,,,,,,,75,0,0,0,5,0,0,,,,,,
Skjellingahaugen,11,537,TT1,536,537 TT1 536,,,1,18,2009,16-Aug,Presence,KK,,,,,,,,,1,,1,,,,,,,,,1,,1,,,,,,,,,,,,,,,,,,,,,,,,,,,,,,,,,F,1,,,,,1,,,,,,,,,80,0,0,0,0,0,0,,,,,,
Skjellingahaugen,11,537,TT1,536,537 TT1 536,,,1,19,2009,16-Aug,Presence,KK,,,,,,,1,,1,,1,,F,,,,,,,,,,S,,,,,,,,,,,,,,,,,,,,,,,,,,,,,,,,1,,S,,,,1,,,,,,,,,60,0,0,0,5,0,0,,,,,,
Skjellingahaugen,11,537,TT1,536,537 TT1 536,,,1,20,2009,16-Aug,Presence,KK,,,,,,,1,,,,1,,F,,,,,,,,,S,S,,,,,,,,,,,,,,,,,,,,,,,,,,,,,,,,F,,1,,,,1,,,,,,,,,40,0,0,0,20,0,0,,,,,,
Skjellingahaugen,11,537,TT1,536,537 TT1 536,,,1,21,2009,16-Aug,Presence,KK,,,,,,,,,1,,,1,,,,,,,,,,,,,1,,,,,,,,S,,,,,,,,,,,,,,,,,,,,,,1,,1,,,,1,,,,,,,,,80,0,0,0,0,0,0,,,,,,
Skjellingahaugen,11,537,TT1,536,537 TT1 536,,,1,22,2009,16-Aug,Presence,KK,,,,,,,,,1,,,,,,,,,,,,,,,,,,,,,,,,,,,,,,,,,,,,,,,,,,,,,,,,,,,,,,,,,,,,,80,0,0,0,0,0,0,,,,2,1,
Skjellingahaugen,11,537,TT1,536,537 TT1 536,,,1,23,2009,16-Aug,Presence,KK,,,,,,,,,1,,,,,,,,,,,1,,,SF,,,,,,,,,,,,,,,,,,,,,,,,,,,,,,,,,,1,,,,,,,1,,,,,,60,0,0,0,5,0,0,,,,6,1,
Skjellingahaugen,11,537,TT1,536,537 TT1 536,,,1,24,2009,16-Aug,Presence,KK,,,,1,,,1,,1,,,,1,,,,,,,1,,1,,,,,,,,,,,,,,1,,,,,,,,,,,,,,,,,,,1,1,1,,,,1,,,,,,,,,70,0,0,0,5,0,0,,,,3,1.5,
Skjellingahaugen,11,537,TT1,536,537 TT1 536,,,1,25,2009,16-Aug,Presence,KK,,,,,,,,,1,,,,1,,,,,,,,,S,S,,,,,,,,,,,,,,,1,,,,,,,1,,,,,,,,,,1,1,1,,,,,,,,,,,,,20,0,0,0,0,0,0,,,,3,2,
Skjellingahaugen,11,537,TT1,536,537 TT1 536,,,1,%,2009,16-Aug,Cover,KK,,1,2,1,3,,2,,4,,3,4,5,,,,,,,4,,2,3,,2,,,,,,,,3,,,3,,4,,,,2,,,3,,,,,,,,,,6,4,7,4,,,10,,,2,,,,,2,51,1.2,0,0,6.8,0,0,50,50,0,3.5,1.375,
,,,,,,,,,,,,,,,,,,,,,,,,,,,,,,,,,,,,,,,,,,,,,,,,,,,,,,,,,,,,,,,,,,,,,,,,,,,,,,,,,,,,,,,,,,,,,,,
Skjellingahaugen,11,536,TT2,272,536 TT2 272,,,2,1,2009,16-Aug,Presence,KK,,,,,1,,,,1,,,,,,,,,,,,,,SF,,,,,,,,,,,,,1,,1,,,,,,,,,,,,,,,,,,1,1,1,,,,,,,,,,,,0,0,0,0,0,0,0,,,,,,
Skjellingahaugen,11,536,TT2,272,536 TT2 272,,,2,2,2009,16-Aug,Presence,KK,,,,,1,,,,1,,,,,,,,,,,1,,,,,,,,,,,,,,,,1,,,,,,,,,,,,,,,,,,,,1,S,1,,,,,,,,,,,,0,20,0,0,10,0,0,,,,,,
Skjellingahaugen,11,536,TT2,272,536 TT2 272,,,2,3,2009,16-Aug,Presence,KK,,,,,,1,1,,1,,1,,,,,,,1,,1,,,,,,,,,,,,,,,,,,,,,,,,,,,,,,,,,,,,,1,,,,,,,,,,,,,10,50,0,0,5,0,0,,,,,,
Skjellingahaugen,11,536,TT2,272,536 TT2 272,,,2,4,2009,16-Aug,Presence,KK,,1,,,,F,,,1,,,,,,,,,,,1,,,,,,,,,,,,,,,,,,,,,,,,,,,,,,,,,,,,1,1,1,,,,,,,,,,,,10,20,0,0,5,0,0,,,,,,
Skjellingahaugen,11,536,TT2,272,536 TT2 272,,,2,5,2009,16-Aug,Presence,KK,,1,,,,1,,,1,,1,,,,,,,,,1,,,,,,,,,,,,,,,,,,,,,,,,,,,,,,,,,,,1,,1,DF,,,,,,,,,,,,0,0,0,0,0,0,0,,,,,,
Skjellingahaugen,11,536,TT2,272,536 TT2 272,,,2,6,2009,16-Aug,Presence,KK,,1,1,,,1,,,1,,F,,,,,,,,,,,,S,,,,,,,,,,,,,1,,,,,,,,,,,,,,,,,,,,,1,,,,,,,,,,,,,0,20,0,0,20,0,0,,,,,,
Skjellingahaugen,11,536,TT2,272,536 TT2 272,,,2,7,2009,16-Aug,Presence,KK,,1,,,1,1,1,,1,,1,,,,,,,,,,,,,,,,,,,,,,,,,,,,,,,,,,,,,,,,,,,,,,1,1,,,1,,,,,,,,,10,50,0,0,10,0,0,,,,,,
Skjellingahaugen,11,536,TT2,272,536 TT2 272,,,2,8,2009,16-Aug,Presence,KK,,1,1,,,1,,,1,,1,,,,,,,,,,,,S,,,,,,,,,,,,F,,,,,,,,,,,,,,,,,,,,,,1,,,,,,,,,,,,,10,40,0,0,5,0,0,,,,,,
Skjellingahaugen,11,536,TT2,272,536 TT2 272,,,2,9,2009,16-Aug,Presence,KK,,,,,1,1,,,1,,1,,,,,,,,,,,,,,,,,,,,,,,,,,,,,,,,,,,,,,,,,,,,,1,1,1,,,1,,,,,,,,,5,40,0,0,2,0,0,,,,,,
Skjellingahaugen,11,536,TT2,272,536 TT2 272,,,2,10,2009,16-Aug,Presence,KK,,,,,,1,,,1,,,,,,,,,,,,,,,,,,,,,,,,,,,1,,,,,,,,,,,,,,,,,,,,,1,1,,,1,,,,,,,1,,10,20,0,0,5,0,0,,,,,,
Skjellingahaugen,11,536,TT2,272,536 TT2 272,,,2,11,2009,16-Aug,Presence,KK,,,,,,1,1,,1,,F,,,,,,,,,,,,S,,,,,,,,,,,,,1,,,,,,,,,,,,,,,,,,,1,1,,,,,1,,,1,,,,,,10,30,0,0,10,0,0,,,,,,
Skjellingahaugen,11,536,TT2,272,536 TT2 272,,,2,12,2009,16-Aug,Presence,KK,,,,,,1,,,1,,1,,,,,,,,,,,,,,,,,,,,,,,,,,,,,,,,,,,,,,,,,,,,F,1,1,,,,1,,,1,,,,,,0,30,0,0,5,0,0,,,,,,
Skjellingahaugen,11,536,TT2,272,536 TT2 272,,,2,13,2009,16-Aug,Presence,KK,,1,,,,1,,,1,,1,,,,,,,,,,,1,,,,,,,,,,,,,,,,,,,,,,,,,,,,,,,,,,,1,,,,1,,,1,,,,,,10,70,0,0,0,0,0,,,,,,
Skjellingahaugen,11,536,TT2,272,536 TT2 272,,,2,14,2009,16-Aug,Presence,KK,,1,,,,1,1,,1,,1,,,,,,,,,,,,S,,1,,,,,,,,,,,1,,,,,,,,,,,,,,,,,1,,,1,1,,,,1,,,1,,,,,,5,60,0,0,5,0,0,,,,,,
Skjellingahaugen,11,536,TT2,272,536 TT2 272,,,2,15,2009,16-Aug,Presence,KK,,1,,,,1,,,1,,,,,,,,,,,,,,,,1,,,,,,,,,,,1,,,,,,,,,,,,,,,,,,,,,1,,,,1,,,1,,,,1,,10,30,0,0,5,0,0,,,,,,
Skjellingahaugen,11,536,TT2,272,536 TT2 272,,,2,16,2009,16-Aug,Presence,KK,,1,,,,,,,1,,,,,,,,,,,,,,,,,,,,,,,,,,1,1,,,,,,,,,,,,,,,,,,,F,1,S,,,,1,,,,,,,,,5,30,0,0,10,0,0,,,,,,
Skjellingahaugen,11,536,TT2,272,536 TT2 272,,,2,17,2009,16-Aug,Presence,KK,,,,,,,1,,1,,1,,,,,,,,,,,,,,,,,,,,,,,,,,,,,,,,,,,,,,,,,,,,1,1,1,,,,1,,,,,,,,,0,30,0,5,5,0,0,,,,,,
Skjellingahaugen,11,536,TT2,272,536 TT2 272,,,2,18,2009,16-Aug,Presence,KK,,,,,,1,,,1,,1,,,,,,,,,1,,,,,,,,,,,,,,,,,,,,,,,1,,,,,,,,,,,,,,1,,,,1,,,,,,,,,10,50,0,0,5,0,0,,,,,,
Skjellingahaugen,11,536,TT2,272,536 TT2 272,,,2,19,2009,16-Aug,Presence,KK,,,,,S,1,1,,1,,1,,,,,,,,,,,,,,,,,,,,,,,,,,,,,,,,,,,,,,,,,,,,,1,1,,,,1,,,,,,,,,10,40,0,0,5,0,0,,,,,,
Skjellingahaugen,11,536,TT2,272,536 TT2 272,,,2,20,2009,16-Aug,Presence,KK,,,,,1,1,1,,1,,,,,,,,,1,,,,,S,,,,,,,,,,,,,1,,,,,,,,,,,,,,,,,1,,,,1,,,,1,,,,,,,,,10,20,0,0,10,0,0,,,,,,
Skjellingahaugen,11,536,TT2,272,536 TT2 272,,,2,21,2009,16-Aug,Presence,KK,,1,,,,,1,,1,,S,,,,,,,,,,1,,S,,,,,,,,,,,,,,,,,,,,,,,,,,,,,,,,,,1,,,,1,,,,,,,1,,10,30,0,0,5,0,0,,,,,,
Skjellingahaugen,11,536,TT2,272,536 TT2 272,,,2,22,2009,16-Aug,Presence,KK,,1,,,,,,,1,,1,,,,,,,,,1,,,,,,,,,,,,,,,,,,,,,,,,,,,,,,,,,,,1,,S,,,,1,,,,,,,,,2,60,0,2,0,0,0,,,,4,4,
Skjellingahaugen,11,536,TT2,272,536 TT2 272,,,2,23,2009,16-Aug,Presence,KK,,1,,,,,1,,1,,F,,,,,,,1,,1,,,,,,,,,,,,,,,,,,,,,,,,,,,,,,,,,,,,,1,,,,1,,,,,,,,,0,40,0,0,20,0,0,,,,2,2,
Skjellingahaugen,11,536,TT2,272,536 TT2 272,,,2,24,2009,16-Aug,Presence,KK,,,,,,1,,,1,,1,,1,,,,,,,,,,,,,,,,,,,,,,,,,,,,,,,,,,,,,,,,,,,,1,,,,1,,,,,,,,,10,80,0,0,5,0,0,,,,5,2,
Skjellingahaugen,11,536,TT2,272,536 TT2 272,,,2,25,2009,16-Aug,Presence,KK,,,,,,1,,,1,,1,,1,,,,,1,,,,,S,,,,,,,,,,,,,,,,,,,,1,,,,,,,,,,,,,,1,,,,1,,,,,,,,,0,30,0,0,5,0,0,,,,4,1.5,
Skjellingahaugen,11,536,TT2,272,536 TT2 272,,,2,%,2009,16-Aug,Cover,KK,,2,1,,1,15,4,,4,,6,,2,,,,,4,,5,1,1,4,,1,,,,,,,,,,2,6,,1,,,,,4,,,,,,,,,,3,,5,5,7,8,,,7,,,5,,,,2,,5.88,35.6,0,0.28,6.28,0,0,60,40,0.5,3.75,2.375,
,,,,,,,,,,,,,,,,,,,,,,,,,,,,,,,,,,,,,,,,,,,,,,,,,,,,,,,,,,,,,,,,,,,,,,,,,,,,,,,,,,,,,,,,,,,,,,,
Skjellingahaugen,12,538,TT1,539,538 TT1 539,,,1,1,2009,15-Aug,Presence,W,,,1,,,,,1,,,S,,1,,,,1,,,,,,SF,,,,,,,1cf,,,,,,,,,,,,,,,,,,,,,,,,,F,,,,,,1,,,,,,,,,5,0,0,0,5,10,0,,,,,,
Skjellingahaugen,12,538,TT1,539,538 TT1 539,,,1,2,2009,15-Aug,Presence,W,,,,,,,,,,,1,,,,,,,,,,,,S,S,,,,,,1cf,,1cf,,,,,,,,,,,,,,,,,,,,,,1,,,,,,,1,,,,,,,,,0,3,0,0,5,20,0,,,,,,
Skjellingahaugen,12,538,TT1,539,538 TT1 539,,,1,3,2009,15-Aug,Presence,W,,,1,,,F,,,,,1,,1,,,,1,,,,,,S,,,,,,,,,,,,,,,,,,,,,,,,,,,,,,,1,1,,,,,,1,,,,,,,,,0,5,0,0,3,5,0,,,,,,
Skjellingahaugen,12,538,TT1,539,538 TT1 539,,,1,4,2009,15-Aug,Presence,W,,,,,,F,1,,,,1,,1,,,,1,,,,,,S,,,,,,,,,,,,,,,,,,,,,,,,,,,,,,,,,,,,,,1,,,,,,,,,2,0,0,0,2,5,0,,,,,,
Skjellingahaugen,12,538,TT1,539,538 TT1 539,,,1,5,2009,15-Aug,Presence,W,,,,,,,,,1,,1,,,,,,,,,,,,,,1,,,,,,,,,,,,,,,,,,,,,,,,,,,,,1,,,,,,,1,,,,,,,,1,5,0,0,0,5,10,0,,,,,,
Skjellingahaugen,12,538,TT1,539,538 TT1 539,,,1,6,2009,15-Aug,Presence,W,,,1,1,,,,,,,,,1,,,,,,,,,,SF,,,,,,,,,,,,,,,,,,,,,,,,,,,,,,,,F,,,,,,F,,,,,,,,,5,0,0,0,40,15,0,,,,,,
Skjellingahaugen,12,538,TT1,539,538 TT1 539,,,1,7,2009,15-Aug,Presence,W,,,,,,,,,F,,1,,1,,,,,,,,,,S,,,,,,,,,,,,,,,,,,,,,,,,,,,,,,,,,,,,,,1,,,,1,,,,,2,0,0,0,5,10,0,,,,,,
Skjellingahaugen,12,538,TT1,539,538 TT1 539,,,1,8,2009,15-Aug,Presence,W,,,1,,,1,,,1,,1,,F,,,,,,,,,,SF,,,,,,,,,,,,,,,1,,,,,,,,,,,,,,,,,,,,,,,1,,,,1,,,,,0,0,0,0,6,0,0,,,,,,
Skjellingahaugen,12,538,TT1,539,538 TT1 539,,,1,9,2009,15-Aug,Presence,W,,,,S,,1,1,,,,,,F,,,,,,,,,,SF,,,,,,,,,,,,,,,,,,,,1,,,,,,,,,,,,,,,,,,1,,,,,,,,1,3,0,0,0,15,3,0,,,,,,
Skjellingahaugen,12,538,TT1,539,538 TT1 539,,,1,10,2009,15-Aug,Presence,W,,,1,1,,,,1,,,1,,,,,,,,,,,,,,,,,,,,,,,,,,,,,,,,1,,,,,,,,,,,1,,,,1,,,,,,,,,,,,1,0,0,0,1,45,0,,,,,,
Skjellingahaugen,12,538,TT1,539,538 TT1 539,,,1,11,2009,15-Aug,Presence,W,,,1,,,,,,1,,F,1,,,,,1,,,1,,,SF,,,,,,,,,,,,,,,,,,,,,,,,,,,,,,,,,,,,,,,,,,1,,,,,0,1,0,0,10,5,0,,,,,,
Skjellingahaugen,12,538,TT1,539,538 TT1 539,,,1,12,2009,15-Aug,Presence,W,,,,,,1,,1,,,1,,1,,,,1,,,1,,,SF,,,,,,,,,,,,,,,1,,,,,,,,,,,,,,,,,,,,,,,1,,,,1,,,,,3,0,0,0,5,5,0,,,,,,
Skjellingahaugen,12,538,TT1,539,538 TT1 539,,,1,13,2009,15-Aug,Presence,W,,,,,,1,1,,,,F,,S,,,,,,,,,,SF,,,,,,,,,,,,,,,1,,,,,,,,,,,,,,,,,,,,,,,1,,,,1,,,,1,14,0,0,0,5,5,0,,,,,,
Skjellingahaugen,12,538,TT1,539,538 TT1 539,,,1,14,2009,15-Aug,Presence,W,,1,,,,1,1,,1,,S,,,,,,,,,,,,SF,,,,,,,,,,,,,,,,,,,,,,,,,,,,,,1,,,,,F,,,1,,,,,,,,,10,0,0,0,5,2,0,,,,,,
Skjellingahaugen,12,538,TT1,539,538 TT1 539,,,1,15,2009,15-Aug,Presence,W,,,,,,,1,1,1,,1,,,,,,,,,,,,,,,,,,,,,,,,,,,,,,,,,,,,,,,,,,,,,,,F,,,1,,,,S,,,,,0,1,0,0,15,2,0,,,,,,
Skjellingahaugen,12,538,TT1,539,538 TT1 539,,,1,16,2009,15-Aug,Presence,W,,,,,,1,,,1,,1,,1,,,,,,,D,,,,,,,,,,,,,,,,,,,,,,,,,,,,,,,,,,,F,,,,,,1,,,,,,,,,0,10,0,0,2,0,0,,,,,,
Skjellingahaugen,12,538,TT1,539,538 TT1 539,,,1,17,2009,15-Aug,Presence,W,,,,,,,,1,,,1,,,,,,1,,,D,,,S,,,,,,,,,,,,,,,,,,,,,,,,,,,,,,,,,,,,,,,,,,,,,,,10,0,0,0,10,2,0,,,,,,
Skjellingahaugen,12,538,TT1,539,538 TT1 539,,,1,18,2009,15-Aug,Presence,W,,,,,,,F,,,,1,,,,,,1,,,1,,,,,,,,,,,,,,,,,,,,,,,,,,,,,,,,,,,,,,,,,1,,,,,,,,,15,0,0,0,5,1,0,,,,,,
Skjellingahaugen,12,538,TT1,539,538 TT1 539,,,1,19,2009,15-Aug,Presence,W,,,1,,,,,,1,,F,,1,,,,,,,1,,,S,,,,,,,,,,1,,,,,,,,,,,,,,,,,,,,,,,,,1,,,1,,,,,,,,,2,0,0,0,15,10,0,,,,,,
Skjellingahaugen,12,538,TT1,539,538 TT1 539,,,1,20,2009,15-Aug,Presence,W,,,,S,,1,1,1,1,,,,,,,,1,,,,,,SF,,,,,,,,,,1,,,,,,,,,,,,,,,,,,,,,,,,,D,,,1,,,,,,,,1,3,0,0,0,1,0,0,,,,,,
Skjellingahaugen,12,538,TT1,539,538 TT1 539,,,1,21,2009,15-Aug,Presence,W,,1,1,1,,1,,,,,1,,,,,,,,,1,,,SF,,,,,,,,,,,,,,,,,,,,,,,,,,,,,,,,,,,,,,1,,,,,,,,1,20,0,0,0,15,0,0,,,,,,
Skjellingahaugen,12,538,TT1,539,538 TT1 539,,,1,22,2009,15-Aug,Presence,W,,,,,,1,,1,1,,1,,,,,,,,,1,,,,,,,,,,,,,,,,,,,,,,,,,,,,,,,,,,,,,,,,,,,,,1,,,,1,10,0,0,0,20,10,0,,,,4,0.5,
Skjellingahaugen,12,538,TT1,539,538 TT1 539,,,1,23,2009,15-Aug,Presence,W,,,,,,1,,,F,,1,,,,,,1,,,1,,,SF,S,,,,,,,,,,,,,,,,,,,1,,,,,,,,,,,,,,S,,,,1,,,,1,,,,1,20,0,0,0,10,0,0,,,,2,,
Skjellingahaugen,12,538,TT1,539,538 TT1 539,,,1,24,2009,15-Aug,Presence,W,,,1,,,,1,1,,,,,,,,,,,,,,,,,,,,,,,,,1,,,,,,,,,,,,,,,,,,,,,,,,,1,,,1,,,,F,,,,1,20,0,0,0,5,0,0,,,,5,,
Skjellingahaugen,12,538,TT1,539,538 TT1 539,,,1,25,2009,15-Aug,Presence,W,,,,,,1,1,1,1,,1,,,,,,,,,,,,,,,,,,,,,,F,,,,,,,,,,,,,,,,,,,,,,,,,DF,,,1,,,,,,,,,0,0,0,0,0,0,0,,,,2,,
Skjellingahaugen,12,538,TT1,539,538 TT1 539,,,1,%,2009,15-Aug,Cover,W,,1,2,1,,8,2,1,4,,2,1,3,,,,2,,,12,,,1,1,1,,,,,1,,1,2,,,,,1,,,,,2,,,,,,,,,,1,2,1,,1,10,,,5,,,,3,,,,1,6,0.8,0,0,8.4,6.6,0,60,10,1,3.25,0.5,
,,,,,,,,,,,,,,,,,,,,,,,,,,,,,,,,,,,,,,,,,,,,,,,,,,,,,,,,,,,,,,,,,,,,,,,,,,,,,,,,,,,,,,,,,,,,,,,
Skjellingahaugen,12,539,TT2,262,539 TT2 262,,,2,1,2009,15-Aug,Presence,W,,,,,,,,,1,,1,,,,,,,,,1,,,S,,,,,,,,,,,,,,,,,,,,,,,,,,,,,,,,,,1,,,,1,,,,,,,,,2,0,0,0,5,10,0,,,,,,
Skjellingahaugen,12,539,TT2,262,539 TT2 262,,,2,2,2009,15-Aug,Presence,W,,,1,1,,,,1,1,,1,,1,,,,1,,,,,,,,,,,,,,,,,,,,,1,,,,,,,,,,,,,,,,1,,,1,,,,1,,,,,,,,,2,0,0,0,5,5,0,,,,,,Rosett 1
Skjellingahaugen,12,539,TT2,262,539 TT2 262,,,2,3,2009,15-Aug,Presence,W,,1,,,,,1,,,,1,,1,,,,,,,,,,S,,,,,,,,,,,,,,,,,,,,,,,,,,,,,,,,,,1,,,,1,,,,,,,,1,10,0,0,0,10,25,0,,,,,,
Skjellingahaugen,12,539,TT2,262,539 TT2 262,,,2,4,2009,15-Aug,Presence,W,,,,,,,1,,1,,1,,1,,,,,,,,,,,,S,,,,,,,,,,,,,,,,,,,,1,,,,,,,,,1,,1,1,,,,1,,,,S,,,,1,5,0,0,0,10,0,0,,,,,,
Skjellingahaugen,12,539,TT2,262,539 TT2 262,,,2,5,2009,15-Aug,Presence,W,,,,1,,,1,,F,,1,,,,,,1,,,1,,,,,,,,,,,,,,,,,,1,,,,,1,,1,,,,,,,,,,,,,,,,,,,,,,,,1,15,0,0,2,10,5,0,,,,,,
Skjellingahaugen,12,539,TT2,262,539 TT2 262,,,2,6,2009,15-Aug,Presence,W,,,,S,,1,,1,1,,F,,F,,,,,,,,,,,,,,,,,,,,,,,,,1,,,,,1,,,,,,,,,,,,,,,,,,1,,,,,,,,,20,0,0,0,10,5,0,,,,,,Rosett 1
Skjellingahaugen,12,539,TT2,262,539 TT2 262,,,2,7,2009,15-Aug,Presence,W,,,,,,1,,1,F,,F,,,,,,,,,,,,SF,,,,,,,,,,,,,,,1,,,,,,,,,,,,,,,,,,,1,,,,1,,,,,,,,,10,0,0,0,10,5,0,,,,,,Rosett 1
Skjellingahaugen,12,539,TT2,262,539 TT2 262,,,2,8,2009,15-Aug,Presence,W,,,1,1,,,1,,1,,1,,,,,,1,,,,,,S,,,,,,,,,,,,,,,,,,,,,,,,,,,,,,,,,,,,,,1,,,,,,,,,10,0,0,0,5,8,0,,,,,,
Skjellingahaugen,12,539,TT2,262,539 TT2 262,,,2,9,2009,15-Aug,Presence,W,,,,1,,,,,1,,1,,,,,,1,,,1,,,,,,,,,,,,,,,,,,,,,,,,,,,,,,,,,,,,,,,,,1,,,,,,,,,5,0,0,0,20,0,0,,,,,,
Skjellingahaugen,12,539,TT2,262,539 TT2 262,,,2,10,2009,15-Aug,Presence,W,,,,,,,,,F,,,,,,,,1,,,1,,,,,,,,,,,,,,,,,,,,,,,1,,1,,,,,,,,,,,,,,,,,,,,,,,,,10,0,0,0,15,0,0,,,,,,
Skjellingahaugen,12,539,TT2,262,539 TT2 262,,,2,11,2009,15-Aug,Presence,W,,,1,S,,,,,,,1,,1,,,,1,,,,,,SF,,,,,,,,,,,,,,,,,,,,,,,,,,,,,,,,1,,,1,,,1,,,,,,,,,10,0,0,0,5,60,0,,,,,,
Skjellingahaugen,12,539,TT2,262,539 TT2 262,,,2,12,2009,15-Aug,Presence,W,,,1,1,,,,,1,,1,,,,,,1,,,,,,S,,,,,,,,,,,,,,,1,,,,,,,,,,,,,,,,,,,,,,,1,,,,,,,,,20,0,0,0,5,20,0,,,,,,
Skjellingahaugen,12,539,TT2,262,539 TT2 262,,,2,13,2009,15-Aug,Presence,W,,,1,1,,,,,1,,,,F,,,,1,,,,,,,,,,,,,,,,,,,,,,,,,,,,,,,,,,,,,,,,,,,,1,,,,,,,,,0,0,0,0,40,0,0,,,,,,
Skjellingahaugen,12,539,TT2,262,539 TT2 262,,,2,14,2009,15-Aug,Presence,W,,,1,1,,,,,1,,1,,,,,,,,,,,,,,,,,,,,,,,,,,,,,,,,,,,,,,,,,,,,,,,,,,1,,,,,,,,,0,0,0,0,30,0,0,,,,,,
Skjellingahaugen,12,539,TT2,262,539 TT2 262,,,2,15,2009,15-Aug,Presence,W,,,,1,,,1,,,,1,,,,,,1,,,1,,,,,,,,,,,,,,,,,,,,,,,1,,,,,,,,,,,1,,,,,,,1,,,,,,,,,5,0,0,0,20,0,0,,,,,,
Skjellingahaugen,12,539,TT2,262,539 TT2 262,,,2,16,2009,15-Aug,Presence,W,,,,,,,1,1,1,,1,,,,,,1,,,,,,,,,,,,,,,,,,,,,,,,,,1,,,,,,,,,,,,,,,DF,,,1,,,,,,,,,2,0,0,0,10,5,0,,,,,,
Skjellingahaugen,12,539,TT2,262,539 TT2 262,,,2,17,2009,15-Aug,Presence,W,,,,1,,,,1,1,,F,,1,,,,1,,,,,,,,,,,,,,,,,,,,,,,,,,1,,,,,,,,,,,,,,,DF,,,,,,,1,,,,,1,0,0,0,10,5,0,,,,,,
Skjellingahaugen,12,539,TT2,262,539 TT2 262,,,2,18,2009,15-Aug,Presence,W,,,,1,,,,,F,,1,,F,,,,1,,,,,,,,,,,,,,,,,,,,,,,,,,1,,,,,,,,,,,,,,,,,,1,,,,,,,,,10,0,0,0,20,5,0,,,,,,
Skjellingahaugen,12,539,TT2,262,539 TT2 262,,,2,19,2009,15-Aug,Presence,W,,,1,1,,,,,1,,1,,F,,,,,,,,,,,,,,,,,,,,,,,,,,,,,,,,,,,,,,,,,,,,,,,,1,,,,,,,,,10,0,0,0,30,2,0,,,,,,
Skjellingahaugen,12,539,TT2,262,539 TT2 262,,,2,20,2009,15-Aug,Presence,W,,,,1,,1,,,,,1,,,,,,1,,,,,,S,,,,,,,,,,,,,,,,,,,,,,,,,,,,,,,,,,,,,,1,,,,,,,,,5,0,0,0,5,10,0,,,,,,
Skjellingahaugen,12,539,TT2,262,539 TT2 262,,,2,21,2009,15-Aug,Presence,W,,,1,,,,1,,1,,1,,,,,,1,,,,,,SF,,,,,,,,,,,,,,,,,,,,,,,,,,,,,,,,,,,D,,,1,,,,,,,,,0,0,0,0,2,0,0,,,,,,
Skjellingahaugen,12,539,TT2,262,539 TT2 262,,,2,22,2009,15-Aug,Presence,W,,,1,,,,1,,1,,1,,,,,,1,,,,,,,,,,,,,,,,,,,,,,,,,,,,,,,,,,,,,,,,,D,,,1,,,,1,,,,,0,0,0,0,15,0,0,,,,3,1,
Skjellingahaugen,12,539,TT2,262,539 TT2 262,,,2,23,2009,15-Aug,Presence,W,,,1,,,,,,,,1,,,,,,1,,,,,,,,,,,,,,,,,,,,,,,,,,,,,,,,,,,,,,,,,F,,,,,,,1,,,,1,10,0,0,0,30,0,0,,,,6,,
Skjellingahaugen,12,539,TT2,262,539 TT2 262,,,2,24,2009,15-Aug,Presence,W,,,1,,,,,,1,,1,,,,,,1,,,,,,,,,,,,,,,,,,,,,,,,,,1,,,,,,,,,,,,,,,,,,1,,,,,,,,,5,0,0,0,40,5,0,,,,8,,
Skjellingahaugen,12,539,TT2,262,539 TT2 262,,,2,25,2009,15-Aug,Presence,W,,,,,,1,,1,,,1,,1,,,,,,,1,,,,,,,,,,,,,,,,,,,,,,,1,,,,,,,,,,,,,,,,,,1,,,,,,,,,0,0,0,0,0,0,0,,,,2,,Rosett 1
Skjellingahaugen,12,539,TT2,262,539 TT2 262,,,2,%,2009,15-Aug,Cover,W,,1,2,6,,2,2,2,14,,2,,3,,,,5,,,4,,,1,,1,,,,,,,,,,,,,4,,,,,3,,2,,,,,,,,,1,1,1,3,14,,,10,,,,1,,,,1,6.68,0,0,0.08,14.48,7,0,55,10,0,4.75,1,
