DestinationSite,DestinationBlock,originPlotID,TTtreat,destinationPlotID,turfID,RTtreat ,GRtreat,subPlot,year,date,Measure,recorder,Ach mil,Aco sep,Agr cap,Agr mer,Alc alp,Alc sp,Anem nemo,Ant alp ,Ant dio,Ant odo,Arc alp,Ast alp,Atoc rup,Ave fle,Avenu  pub,Bart alp,Bet nan,Bet pub,Bis viv,Bot lun ,Cal vul,Cam rot,Caps b-p,Car atra,Car big,Car cap,Car ech,Car fla,Car lep,Car nigra,Car nor,Car pal,Car pan,Car pauc,Car pil,Car pulic,Car sax,Car vag,Carex sp,Caru car,Cer alp,Cer cer,Cer fon,Cer gla,Cham alp,Cir pal,Dac glo,Dant dec,Des ces,Dia del,Dia glo,Emp,Emp her,Epi ana,Epilob sp ,Equi arv,Erigeron,Euph fri,Euph sp,Fes ovi,Fes rub,Fes viv,Filip ulm,Frag ves,Gal bor,Gal sax,Gal uli ,Gal ver,Gen ama,Gen niv,Gen ten,Ger syl,Geu riv,Gram sp,Gym dry,Hie pil,Hie vulg,Hier sp,Hyp mac,Hypo mac,Jun alp,Jun fili,Jun com,Jun tri,Kna arv,Kob sim,Leo aut,Leu vul,Linar vulg,Lot cor,Luz mul,Luz pil,Luz sp,Luz spi,Lych vis,Mel pra,Min bif,Nar stri,Oma nor,Oma sup,Oma syl,Oxa ace,Oxy dig,Par pal,Phle alp,Phle prat,Phyll caer,Pim sax,Pin vul,Pin alp,Pla lan,Pla maj,Pla med,Poa alp,Poa ann,Poa pra,Poaceae sp,Pot arg ,Pot cra,Pot ere,Pru vul,Pyr min,Pyr nor,Pyrola sp,Ran acr,Ran aur,Ran rep,Rhin min,Rho ros,Rub idae,Rum ace,Rum ac-la,Sag pro,Sag sag,Sag sp,Sal her,Sal lan,Sal phyl,Sal ret,Salix sp,Saus alp,Sax aiz ,Sax opp,Sed acr,Sel sel,Sib pro,Sil aca,Sil prat,Sil vul,Sol vir,Sorbus,Ste gra,Ste med,Suc pra,Tar sp,Tha alp,Thlaspi  arv,Tof pus,Tri eur,Tri ces,Tri med,Tri mon,Tri pra,Tri rep,Vac myr,Vac uli,Vac vit,Ver alp,Ver cha,Ver fru,Ver off,Ver ser,Vic cra,Vic sep,Vio bif,Vio pal,Vio riv,Vio tri,Vio sp,Vis vul,pleuro,acro,liver,lichen,litter,soil,rock,seedlings,totalVascular,totalBryophytes,totalLichen,vegetationHeight,mossHeight,comment
Ulvhaugen,1,2000,,2000,Ulv1RTG,RTG,,1,2011,15-Aug,Presence,W,,,1,,1,,,,,,,,,,,,,,,,,,,,,,,,,,,,,,,,,,,,,,,,,,,,,,,,,,,,,,,,,,,,,,,,,,,,,,,,,,,,,,,,,,,,,,,,,,,,,,,,,,,,,,,,,,,,,,,,,,,,,,,,1,,,,,,,,,,1,1,,,,,,,,,J,,,,,,,,,,,,,,,,,,,,,,1,,,,,,,,,,,,,,0,15,0,5,20,40,0,,,,,,,
Ulvhaugen,1,2000,,2000,Ulv1RTG,RTG,,2,2011,15-Aug,Presence,W,,,1,,1,,,,,,,,,,,,,,,,,,,,,,,,,,,,,,,,,,,,,,,,,,,,,,,,,,,,,,,,,,,,,,,,,,,,,,,,,,,,,,,,,,,,,,,,,,,,,,,,,,,,,,,,,,,,,,,,,,,,,,,,,,,,,,,,,,1,,,,,,,,,,,,,,,,,,,,,,,,,,,,,,,,1,,,,,,,,,,,,,,20,10,0,0,10,40,0,,,,,,,
Ulvhaugen,1,2000,,2000,Ulv1RTG,RTG,,3,2011,15-Aug,Presence,W,,,1,,,,,,,,,,,,,,,,,,,,,,,,,,,,,,,,,,,,,,,,,,,,,,,,,,,,,,,,,,,,,,,,,,,,,,,,,,,,,,,,,,,,,,,,,,,1,,,,,,,,,,,,,,,,,,,,,,,,,,,,,,,,,,,,,,,,,1,,,,,,,,,,,1,,,,,,,,,,,,,,,,,,,,,,,,,,,,,,,,,,,20,20,0,0,10,40,0,,,,,,,
Ulvhaugen,1,2000,,2000,Ulv1RTG,RTG,,4,2011,15-Aug,Presence,W,,,1,,1,,,,,,,,,,,,,,1,,,,,,,,,,,,,,,,,,,,,,,,,,,,,,,,,,,,,,,,,,,,,,,,,,,,,,,,,,,,,,,,,,,,,,,,,,,,,,,,,,,,,,,,,,,,,,,,,,,,,,,,,,,,,,,,,,,,,1,,,,,,,,,,,,,,,,,,,,,,,,,,,,,,,,,,,,,,,,,,,,,20,10,0,0,20,30,0,,,,,,,
Ulvhaugen,1,2000,,2000,Ulv1RTG,RTG,,5,2011,15-Aug,Presence,W,,,F,,1,,,,,,,1,,,,,,,,,,,,,,,,,,,,,,,,,,,,,,,,,,,,,,,,,,,,,,,,,,,,,,,,,,,,,,,,,,,,,,,,,,,,,,,,,,,,,,,,,,,,,1,,,,,,,,,,,,,,,,,,,,,,,,,,,,,,1,,,,,,,,,,,,,,,,,,,,,,,,,,,,,,,,,,,,,,,,,,,,,,40,10,0,0,20,10,0,,,,,,,
Ulvhaugen,1,2000,,2000,Ulv1RTG,RTG,,6,2011,15-Aug,Presence,W,,,1,,1,,,,,1,,,,,,,,,,,,,,,,,,,,,,,,,,,,,,,,,,,,,,,,,,,,,,,,,,,,,,,,,,,,,,,,,,,,,,,,,,,,,,,,,,,,,,,,,,,,,,,,,,,,,,,,,,,,,,,,,,,1,,,,,,,,,,,,,,,,,,,,,1,,,,,,,,,,,,,,,,,,,,,1,,,,,,,,,,,,,,30,5,0,0,20,30,0,,,,,,,
Ulvhaugen,1,2000,,2000,Ulv1RTG,RTG,,7,2011,15-Aug,Presence,W,,,,,1,,,,,1,,,,,,,,,,,,,,,,,,,,,,,,,,,,,,,,,,,,,,,,,,,,,,,,,,,,,,,,,,,F,,,,,,,,,,,,,,,,,,,,,,,,,1,,,,,,,,,,,,,,,,,,,,,,,,,,,,,,,,,,,,,,,,,,,,,,,,,,,,1,,,,,,,,,,,,,,,,,,,,,1,,,,,,,,,,,,,,5,20,0,0,5,50,0,,,,,,,
Ulvhaugen,1,2000,,2000,Ulv1RTG,RTG,,8,2011,15-Aug,Presence,W,,,1,,1,,,,,1,,,,,,,,,,,,,,,,,,,,,,,,,,,,,,,,,,,,,,,,,,,,,,,,,,,,,,,,,,,F,,,,,,,,,,,,,,,,,,,,,,,,,1,,,,,,,,,,,,,,,,,,,,,,,,,,,,,,,,,,,,,,,,,1,,,,,,,,,,,1,,,,,,,,,,,,,,,,,,,,,,,,,,,,,,,,,,,20,20,0,0,5,60,0,,,,,,,
Ulvhaugen,1,2000,,2000,Ulv1RTG,RTG,,9,2011,15-Aug,Presence,W,,,,,,1,,,,,,,,,,,,,,,,,,,,,,,,,,,,,,,,,,,,,,,,,,,,,,,,,,,,,,,,,,,,,,,,,,,,,,,,,,,,,,,,,,,,,,,,1,,,,,,,,,,,,,,,,,,,,,,,,,,,,,,,,,,,,,,,,,1,,,,,,,,,,,,,,,,,,,,,,,,,,,,,,,,,,,,,,,,,,,,,,20,5,0,0,10,70,0,,,,,,,
Ulvhaugen,1,2000,,2000,Ulv1RTG,RTG,,10,2011,15-Aug,Presence,W,,,F,,1,,,,,,,,,,,,,,,,,,,,,,,,,,,,,,,,,,,,,,,,,,,,,,,,,,,,,,,,,,,,,,,,,,,,,,,,,,,,,,,,,,,,,,,,,,,,,,,,,,,,,,,,,,,,,,,,,,,,,,,,,,,,,,,,,,,1,,,,,,,,,,,,,,,,,,,,,,,,,,,,,,,1,,,,,,,,,,,,,,5,5,0,0,20,40,0,,,,,,,
Ulvhaugen,1,2000,,2000,Ulv1RTG,RTG,,11,2011,15-Aug,Presence,W,,,1,,1,,,,,1,,,,,,,,,1,,,,,,,,,,,,,,,,,,,,,,,,,,,,,,,,,,,,,,,,,,,,,,,,,,,,,,,,,,,,,,,,,,,,,,,,,,,,,,,,,,,,,,,,,,,,,,,,,,,,,,,,,,1,,,,,,,1,,,,1,,,,,,,,,,1,,,,,,,,,,,,,,,,,,,,,1,,,,,,,,,,,,,,20,10,0,0,10,50,0,,,,,,,
Ulvhaugen,1,2000,,2000,Ulv1RTG,RTG,,12,2011,15-Aug,Presence,W,,,1,,1,,,,,,,,,,,,,,1,,,,,,,,,,,,,,,,,,,,,,,,,,,,,,,,,,,,,,,,,,,,,,,,,,,,,,,,,,,,,,,,,,,,,,,,,,,,,,,,,,,,,,,,,,,,,,,,,,,,,,,,,,1,,,,,,,1,,,,,,,,,,,,,,,,,,,,,,,,,,,,,,,,,,,,,,,,,,,,,,,,,5,20,0,0,10,60,0,,,,,,,
Ulvhaugen,1,2000,,2000,Ulv1RTG,RTG,,13,2011,15-Aug,Presence,W,,,1,,1,,,,,,,,,,,,,,,,,,,,,,,,,,,,,,,,,,,,,,,,,,,,,,,,,,,,,,,,,,,,,,,,,,,,,,,,,,,,,,,,,,,,,,,,,,,,,,,,,,,,,,,,,,,,,F,,,,,,,,,,,,,,,,,,,,,F,,,,,,,,,,,1,,,,,,,,,,,,,,,,,,,,,,,,,,,,,,,,,,,10,20,0,0,10,50,0,,,,,,,
Ulvhaugen,1,2000,,2000,Ulv1RTG,RTG,,14,2011,15-Aug,Presence,W,,,,,1,,,,,,,,,,,,,,1,,,,,,,,,,,,,,,,,,,,,,,,,,,,,,,,,,,,,,,,,,,,,,,,,,,,,,,,,,,,,,,,,,,,,,,,,,,,,,,,,,,,,,,,,,,,,,,,,,,,,,,,,,1,,,,,,,,,,1,,,,,,,,,,,,,,,,,,,,,,,,,,,,,,,,,,,,,,,,,,,,,,15,0,0,0,5,60,0,,,,,,,
Ulvhaugen,1,2000,,2000,Ulv1RTG,RTG,,15,2011,15-Aug,Presence,W,,,1,,1,,,,,,,,,,,,,,1,,,,,,,,,,,,,,,,,,,,,,,,,,,,,,,,,,J,,,,,,,,,,,,,,,,,,,,,,,,,,,,,,,,,,,,,,,,,,,,,,,,,,,,,,,,,,,,,,,,,,,,,,,,,,,,,,,,,,1,,,,,,,,,,,,,,,,,,,,,,,,,,,,,,,,,,,,,,,,,,,,,,15,0,0,0,10,60,0,,,,,,,
Ulvhaugen,1,2000,,2000,Ulv1RTG,RTG,,16,2011,15-Aug,Presence,W,,,1,,1,,,,,1,,,,,,,,,,,,1,,,,,,,,,,,,,,,,,,,,,,,,,,,1,,,,,,,,,,,,,,,,,,,,,,,,,,,,,,,,,,,,,,,,,,,,,,,,,,,,,,,,,,,,,,,,,,,,,,1,,,,,,1,,,,,,,,,,,1,,,,,,,,,F,,,,,,,,,,,,,,,,,,,,,,,,,,,,,,,,,,,,30,30,0,0,20,40,0,,,,,,,
Ulvhaugen,1,2000,,2000,Ulv1RTG,RTG,,17,2011,15-Aug,Presence,W,,,F,,1,,,,,,,1,,,,,,,1,,,,,,,,,,,,,,,,,,,,,,,,,,,,,,,,,,,,,,,,,,,,,,,,,,,,,,,,,,,,,,,,,,,,,,,,,,,,,,,,,,,,,,,,,,,,,,,,,,,,,,,,,,,,,,,,,1,,,,,,,,,,,,,,1,,,,,,,,,,,,,,,,,,,,,,,,,,,,,,,,,,,5,10,0,0,10,50,0,,,,,,,
Ulvhaugen,1,2000,,2000,Ulv1RTG,RTG,,18,2011,15-Aug,Presence,W,,,F,,1,,,,,,,,,,,,,,,,,,,,,,,,,,,,,,,,,,,,,,,,,,,,,,,,,,,,,,,,,,,,,,,,,,,,,,,,,,,,,,,,,,,,,,,,,,,,,,,,,,,,1,,,,,,,,,,,,,,,,,,,,1,,,,,,,1,,,,,,,,,,,,,,1,,,,,,,,,,,,,,,,,,,,,,,,,,,,,,,,,,,5,10,0,0,20,60,0,,,,,,,
Ulvhaugen,1,2000,,2000,Ulv1RTG,RTG,,19,2011,15-Aug,Presence,W,,,,,1,,,,,,,,,,,,,,,,,,,,,,,,,,,,,,,,,,,,,,,,,,,,,,,,,,,,,,,,,,,,,,,,,,,,,,,,,,,,,,,,,,,,,,,,,,,,,,,,,,,,,,,,,,,,,,,,,,,,,,,,1,,,,,,,,,,,,,,,,,,,,,1,,,,,,,,,,,,,,,,,,,,,,,,,,,,,,,,,,,0,0,0,0,5,90,0,,,,,,,
Ulvhaugen,1,2000,,2000,Ulv1RTG,RTG,,20,2011,15-Aug,Presence,W,,,1,,F,,,,,,,,,,,,,,,,,,,,,,,,,,,,,,,,,,,,,,,,,,,,,,,,,,,,,,,,,,,,,,,,,,,,,,,,,,,,,,,,,,,,,,,,,,,,,,,,,,,,1,,,,,,,,,,,,,,,,,,,,,,,,,,,,,,1,1,,,,,,,,,,1,,,,,,,,,,,,,,,,,,,,,,,,,,,,,,,,,,,5,0,0,0,20,80,0,,,,,,,
Ulvhaugen,1,2000,,2000,Ulv1RTG,RTG,,21,2011,15-Aug,Presence,W,,,F,,1,,,,,,,,,,,,,,,,,1,,,,,,,,,,,,,,,,,,,,,,,,,,,,,,,,,,,,,,,,,,,,,,,,,,,,,,,,,,,,,,,,,,,,,,,,,,,,,,,,,,,,,,,,,,,,,,,,,,,,,,,,,,,,,,,,,,,,,,,,,,,F,,,,,,,,,,,,,,,,,,,,,,1,,,,,,,,,,,,,,30,0,0,0,20,20,0,,,,,,,
Ulvhaugen,1,2000,,2000,Ulv1RTG,RTG,,22,2011,15-Aug,Presence,W,,,,,F,,,,,F,,,,,,,,,1,,,1,,,,,,,,,,,,,,,,,,,,,,,,,,,,,,,,,,,,,,,,,,,,,,,,,,,,,,,,,,,,,,,,,,,,,1,,,,,,,,,,,,,,,,,,,,,,,,,,,,,,,,,,,,,,,,,,,,,1,,,,,,,,,,,,,,,,,,,,,,,,,,,,,,,,,,,,,,,,,,,,,30,0,0,0,0,0,0,,,,,,,
Ulvhaugen,1,2000,,2000,Ulv1RTG,RTG,,23,2011,15-Aug,Presence,W,,,,,1,,,,,,,,,,,,,,,,,,,,,,,,,,,,,,,,,,,,,,,,,,,,,,,,,,,,,,,,,,,,,,,,,,,,,,,,,,,,,,,,,,,,,,,,,,,,,,,,,,,,,,,,,,,,,,,,,,,,,,,,1,,,,,,,,,,,1,,,,,,,,,,,,,,,,,,,,,,,,,,,,,,,1,,,,,,,,,,,,,,20,5,0,10,30,30,0,,,,,,,
Ulvhaugen,1,2000,,2000,Ulv1RTG,RTG,,24,2011,15-Aug,Presence,W,,,F,,1,,,,,,,,,,,,,,,,,,,,,,,,,,,,,,,,,,,,,,,,,,,,,,,,,,,,,,,,,,,,,,,,,,,,,,,,,,,,,,,,,,,,,,,,,,,,,,,,,,,,,,,,,,,,,,,,,,,,,,,,,,,,,,,,,,,1,,,,,,,,,,,,,,,,,,,,,,,,,,,,,,,,,,,,,,,,,,,,,10,0,0,0,10,40,0,,,,,,,
Ulvhaugen,1,2000,,2000,Ulv1RTG,RTG,,25,2011,15-Aug,Presence,W,,,F,,1,,,,,,,,,,,,,,,,,,,,,,,,,,,,,,,,,,,,,,,,,,,,,,,,,,,,,,,,,,,,,,,,,,,,,,,,,,,,,,,,,,,,,,,,,,,,,,,,,,,,F,,,,,,,,,,,,,,,,,,,,1,,,,,,,,,,,1,,,,,,,,,,1,,,,,,,,,,,,,,,,,,,,,1,,,,,,,,,,,,,,20,0,0,10,10,40,0,,,,,,,
Ulvhaugen,1,2000,,2000,Ulv1RTG,RTG,,%,2011,15-Aug,Cover,W,,,5,,2,1,,,,2,,1,,,,,,,2,,,1,,,,,,,,,,,,,,,,,,,,,,,,,,,1,,,,1,,,,,,,,,,,,,,,,1,,,,,,,,,,,,,,,,,,,,,,1,,,2,,,,,,,,,,,1,,,,,,,,,1,,,,,1,,,,,,1,,,,,,,2,,,1,3,,,,,,,,,1,2,,,,,,,,,,,,,,,,,,,,,5,,,,,,,,,,,,,,16,9,0,1,13.2,45.6,0,,15,20,1,3,0.5,
,,,,,,,,,,,,,,,,,,,,,,,,,,,,,,,,,,,,,,,,,,,,,,,,,,,,,,,,,,,,,,,,,,,,,,,,,,,,,,,,,,,,,,,,,,,,,,,,,,,,,,,,,,,,,,,,,,,,,,,,,,,,,,,,,,,,,,,,,,,,,,,,,,,,,,,,,,,,,,,,,,,,,,,,,,,,,,,,,,,,,,,,,,,,,,,,,,,,,,,,,,,,,,
Ulvhaugen,1,5,TTC,5,5 TTC,,TTC,1,2011,15-Aug,Presence,IH,,,1,,,,,,,1,,1,,,,,,,1,,,,,,,,,,,,,,,,,,,,,,,,,,,,,,,,,,,,,,,,,,,,,,,,,,F,,,,,,,,,,,,,,,,,,,,,,,,,,,,,,,,,,,,,,,,,,,,,,,,,,1,,,,,,,,,,,,,,,,"1,F",,,,,,,,,,,,,,,,,,,,,,,,,,,,,,,,,,,,,,,,1,,,,,,2,0,0,0,40,0,0,,,,,,,
Ulvhaugen,1,5,TTC,5,5 TTC,,TTC,2,2011,15-Aug,Presence,IH,,,1,,,,,,,,,,,,,,,,,,,,,,,,,,,,,,,,,,,,,,,,,,,,,,,,,,,,,,,S,,,,,,,,,,,,,,,,,,,,,,,,,,1,,,,,,,,,,,,,,,,,,,,,1,,,,,,,,,,,,,,,,,,,,,,,,,,,,,,,1,,,,,,,,,,,,,,,,,,,,,,,,,,,,,,,,,,,,,,,1,,,,,,10,0,0,0,35,0,0,,,,,,,
Ulvhaugen,1,5,TTC,5,5 TTC,,TTC,3,2011,15-Aug,Presence,IH,,,1,,,,,,,,,,,,,,,,,,,,,,,,,,,,,,,,,,,,,,,,,,,,,,,,,,,,,,,,,,,,,,,,,,,,,,,,,,,,,,,,,,,,,,,,,,,,,,,,,,,,,,1,,,,,,,,,,,,,,1,,,,,,,,,,,,,,,,,1,,,,,,,,,,,,,,,,,,,,1,,,,,,,,,,,,,,,,,,,1,,,,,,50,0,0,0,10,0,0,,,,,,,
Ulvhaugen,1,5,TTC,5,5 TTC,,TTC,4,2011,15-Aug,Presence,IH,,,1,,1,,,,V,,,1,,,,,,,1,F,,,,,,,,,,,,,,,,,,,,,,,,,,,,,,,,,,,,,,,,,,,,,,,,,,,,,,,,,,,,,,,,,,,,,,,,,,,,,,,,,,,,,,,,,,,,,,,,,,,1,,,,,,,,,,,,,,,,1,1,,,,,,,,,,,,,,,,,,,,,,,,,,,,,,,,,,,,,,,,,,,,,15,0,0,0,20,0,0,,,,,,,
Ulvhaugen,1,5,TTC,5,5 TTC,,TTC,5,2011,15-Aug,Presence,IH,,,1,,1,,,,,1,,,,,,,,,,,,,,,,,,,,,,,,,,,,,,,,,,,,,,,,,,,,,,,,,,,,,,,,,,,,,,,,,,,,,,,,,,,,,,,,,,,,,,,,,,,,,,,1,,,,,,,,,,,,,,,,,,,,,,,,,,,,,,,1,,,,,,,,,F,,,,,,,,,,,,,,,,,,,,,,,1,,,,,,,,,,,,,10,0,0,0,10,0,0,,,,,,,
Ulvhaugen,1,5,TTC,5,5 TTC,,TTC,6,2011,15-Aug,Presence,IH,,,1,,,,,,,1,,1,,,,,,,1,,,,,,,,,,,,,,,,,,,,,,,,,,,,,,,,,,,,,,,,,,,1,,,,,,,1,,,,,,,,,,,,,,,,,,,,,,,,,,,,,,,,,,,,,,,,,,,,,,,,,,,,,,,,,,,,,,,,,,,1,,,,,,,,,,,,,,,,,,,,1,,,,,,,,,,,1,,,,,,,,,,,,,,2,0,0,10,10,0,0,,,,,,,
Ulvhaugen,1,5,TTC,5,5 TTC,,TTC,7,2011,15-Aug,Presence,IH,,,1,,,,,,,,,1,,,,,,,1,,,,,,,,,,,,,,,,,,,,,,,,,,,,,,,,,,,1,,,,S,,,,,,,,,,,,,,,,,,,,,,,,,,,,,,,,,,,,,,,,,,,,,,,1,,,,,,,,,,,,,,,,,,,,,,,,,,,,,,,,,,,,,,,,,,,,,,,,,,,1,,,,,,,,,,,,,,,,,,,1,,,,,,4,0,0,0,20,0,0,,,,,,,
Ulvhaugen,1,5,TTC,5,5 TTC,,TTC,8,2011,15-Aug,Presence,IH,,,1,,,,,,,,,,,,,,,,1,,,,,,,,,,,,,,,,,,,,,,,,,,,,,,,,,,,,,,,,,,,,,,,,,,,,,,,,,,,,,,,,,,,,,,,,,,,,,,,,,,,,,,1,,,,,,,,,,,,,,,,,,,,,,,,,,,,,,,,,,,,,,,,,,,,,,,,,,,1,,,,,,,,,,,,,,,,,,,1,,,,,,15,0,0,2,10,0,0,,,,,,,
Ulvhaugen,1,5,TTC,5,5 TTC,,TTC,9,2011,15-Aug,Presence,IH,,,1,,,,,,,F,,1,,,,,,,1,,,,,,,,,,,,,,,,,,,,,,,,,,,,,,,,,,,,,,,,,,,,,,,,,,,,,,,,,,,,,,,,,,,,,,,,,,,,,,,,,,,,,,,,,,,,,,,,,,,,,,,,,,,,,,,,,,,,,1,,,,,,,,,,,,,,,,,,,,F,,,,,,,,,,,,,,,,,,,,,,,,,20,0,0,0,15,0,0,,,,,,,
Ulvhaugen,1,5,TTC,5,5 TTC,,TTC,10,2011,15-Aug,Presence,IH,,,1,,,,,,,1,,1,,,,,,,,,,,,,,,,,,,,,,,,,,,,,,,,,,,,,,,,,,,,,,,,,,,,,,,,,,,,,,,,,,,,,,,,,,,,,,,,,,1,,,,,,,,,,,1,,,,,,,,,1,,,,,,,,,,,1,,,,,,,,,,,1,,,,,,,,,F,,,,,,,,,,,1,,,,,,,,,,,,,,,,,,,,,,,,,15,0,0,0,10,0,0,,,,,,,
Ulvhaugen,1,5,TTC,5,5 TTC,,TTC,11,2011,15-Aug,Presence,IH,,,1,,1,,,,,,,1,,,,,,,1,,,,,,,,,,,,,,,,,,,,,,,,1,,,,,,,,,,,,,,,,,,,,,,,,,,,,,,,,,,,,,,,,,,,,,,,,,,,,,,,,,,,,,,1,,,,,,,,,,,,,,,,,,,,,,,,,,,,,,,1,,,,,,,,,,,,,,,,,,,,,,,,,,,,,,,1,,,,,,,,,,,,,,20,0,0,0,15,0,0,,,,,,,
Ulvhaugen,1,5,TTC,5,5 TTC,,TTC,12,2011,15-Aug,Presence,IH,,,1,,1,,,,,1,,1,,,,,,,J,,,,,,,,,,,,,,,,,,,,,,,,,,,,,,1,,,,,,,,,,,,,,,,,,,,,,,,,,,,,,,,,,,,,,,,,,,,,,,,,,,,,,,,,,,,,,,,,,,,,,,,,,,,,,,,,,,,,,,,,,,,,,,,,,,,,,,,,,,,,,,,,,,,,,,,,,,,,,,,,,,,20,0,0,0,10,0,0,,,,,,,
Ulvhaugen,1,5,TTC,5,5 TTC,,TTC,13,2011,15-Aug,Presence,IH,,,1,,,,,,,1,,1,,,,,,,1,,,,,,,,,,,,,,,,,,,,,,,,,,,,,,,,,,,,,,,,,,,,,,,,,,,,,,,,,,,,,,,,,,,,,,,,,,,,,,,,,,,,,,1,,,,,,,,,,,,,,,,,,,,,,,,,,,,,,,,,,,,,,,,,,,,,,,,,,,,,,,,,,,,,,,,,,,,,,1,,,,,,10,0,0,0,20,0,0,,,,,,,
Ulvhaugen,1,5,TTC,5,5 TTC,,TTC,14,2011,15-Aug,Presence,IH,,,F,,1,,,,,,,,,,,,,,1,,,,,,,,,,,,,,,,,,,,,,,,,,,,,,,,,,,,,,,,,,,,,,,,,,,,,,,,,,,,,,,,,,,,,,,,,,,,,,,,,,,,,,1,,,,,,,,,,,,,,,,,,,,"J,1",,,,,,,,,,,,,,,,,,,,1,,,,,,,,,,,1,,,,,,,,,,,,,,,,,,,,,,,,,15,0,0,0,10,0,0,,,,,,,
Ulvhaugen,1,5,TTC,5,5 TTC,,TTC,15,2011,15-Aug,Presence,IH,,,1,,1,,,,,,,1,,,,,,,,,,,,,,,,,,,,,,,,,,,,,,,,,,,,,,,,,,,,,,,,,,,,,,,,,,,,,,,,,,,,,,,,,,,,,,,,,,,,,,,,,,,,,1,,,,,,,,,1,,,,,,,,,,,1,,,,,,,,,,F,,,,,,,,,,,,,,,,,,,,,1,,,,,,,,,,,,,,,,,,,,,,,,,5,0,0,0,10,0,0,,,,,,,
Ulvhaugen,1,5,TTC,5,5 TTC,,TTC,16,2011,15-Aug,Presence,IH,,,F,,DF,,,,,1,,,,,,,,,,,,,,,,,,,,,,,,,,,,,,,,,,,,,,,,,,,,,,,,,,,,,,,,,,,,,,,,,,,,,,,,,,,,,,,,,,,,,,,,,,,,,,,,,,,,,,,,,,,,,,,,,,,,,,,,,,,,,,,,,,,,,,,,,,,,,,,,,,,,,,,,,,,,,1,,,,,,,,,,,,,,5,0,0,0,15,0,0,,,,,,,
Ulvhaugen,1,5,TTC,5,5 TTC,,TTC,17,2011,15-Aug,Presence,IH,,,1,,1,,,,,1,,"J,1",,,,,,,,,,,,,,,,,,,,,,,,,,,,,,,,,,,,,,,,,,,,,,,,,,1,,,,,,,1,,,,,,,,,,,,,,,,,,,,,,,,,1,,,,,,,,,,,,,,,,,,,,,,,,,,,,,,,,,,,,,,,,,,1,,,,,,,,,,,,,,,,,,,,,,,,,,,,,,,,,,1,,,,,,,,,,,20,0,0,10,15,0,0,,,,,,,
Ulvhaugen,1,5,TTC,5,5 TTC,,TTC,18,2011,15-Aug,Presence,IH,,,1,,1,,,,,,,1,,,,,,,1,,,"S,1",,,,,,,,,,,,,,,,,,,,,,,,,,,,,,,,,,,,,,,,,,,,,,,,,,,,,,,,,,,,,,,,,,,,,,,,,,,,,,,,,,,1,,,,,,,,,,,,,,,,,,,,1,,,,,,,,,,,,,,,,,,,,,,,,,,,,,,,,,,,,,,,,,,,,,,,,,,,,,,,,30,0,0,0,12,0,0,,,,,,,
Ulvhaugen,1,5,TTC,5,5 TTC,,TTC,19,2011,15-Aug,Presence,IH,,,1,,1,,,,,,,1,,,,,,,,,,,,,,,,,,,,,,,,,,,,,,,,,,,,,,,,,,,,,,,,,,,,,,,,,,,,,,,,,,,,,,,,,,,,,,,,,,,,,,,,,,,,,1,,,,,,,,,,,,,,,,,,,,,,,,,,,,,,,,,,,,,,,,F,,,,,,,,,,,,,,,,,,,,,,,,,,,,,,,,,,,,10,0,0,0,20,0,0,,,,,,,
Ulvhaugen,1,5,TTC,5,5 TTC,,TTC,20,2011,15-Aug,Presence,IH,,,1,,1,,,,,,,,,,,,,,,,,,,,,,,,,,,,,,,,,,,,,,,,,,,,,,,,,,,,,,,,,1,,,,,,,,,,,,,,,,,,,,,,,,,,,,,,,,,,,,,,,,,,,,,,,,,,,,,,,,,,,,,,,,,,,,,,,,,,1,,,,,,,,,F,,,,,,,,,,,,,,,,,,,,,,,,,,,,,,,,,,,,12,0,0,1,15,0,0,,,,,,,
Ulvhaugen,1,5,TTC,5,5 TTC,,TTC,21,2011,15-Aug,Presence,IH,,,F,,F,,,,,,,1,,,,,,,,,,,,,,,,,,,,,,,,,,,,,,,,,,,,,,,,,,,,,,,,,,1,,,,,,,,,,,,,,,,,,,,,,,,,,,,,,,,,,,,,,,,,,,,,,,,,,,,,,,,,,,,,,,,,,,,,,,,,,1,,,,,,,,,,,,,,,,,,,,,,,,,,,,,,,,1,,,,,,,,,,,,,10,0,0,0,35,0,0,,,,,,,
Ulvhaugen,1,5,TTC,5,5 TTC,,TTC,22,2011,15-Aug,Presence,IH,,,1,,,,,,,,,,,,,,,,1,,,,,,,,,,,,,,,,,,,,,,,,,,,,,,,,,,,,,,,,,,,1,,,,,,,,,,,,,,,,,,,,,,,,,,,,,,,,1,,,,,,,,,,,1,,,,,,,,,,,,,,,,,,,,,,,,,,,,,,,1,,,,,,,,,,,,,,,,,,,,,,,,,,,,,,,,,,,,,,,1,,,,,,10,0,0,1,30,0,0,,,,,8,,
Ulvhaugen,1,5,TTC,5,5 TTC,,TTC,23,2011,15-Aug,Presence,IH,,,1,,1,,,,,,,,,,,,,,F,,,1,,,,,,,,,,,,,,,,,,,,,,,,,,,,,,,,1,,,,,,,,,,,,,,,,,,,,,,,,,,,,,,,,,,,,,,,,,,,,,,,,,,,1,,,,,,,,,,,,,,,,,,,,1,,,,,,,,,,1,,,,,,,,,,,,,,,,,,,,,,,1,,,,,,,,,,,,,,,,,1,,,,,,5,0,0,2,20,0,0,,,,,1,,
Ulvhaugen,1,5,TTC,5,5 TTC,,TTC,24,2011,15-Aug,Presence,IH,,,1,,1,,,,,,,,,,,,,,,,,1,,,,,,,,,,,,,,,,,,,,,,,,,,,,,,,,,,,,,,,,,,,,,,,,,,,,,,,,,,,,,,,,,,,,,,,,,,,,,,,,,,,1,,,,,,,,,,,,,,1,,,,,,,,,,,,,,,,,1,,,,,,,,,1,,,,,,,,,,,,,1,,,,,,,,,,,,,,,,,,,,,,,10,0,0,0,15,0,0,,,,,3,,
Ulvhaugen,1,5,TTC,5,5 TTC,,TTC,25,2011,15-Aug,Presence,IH,,,1,,F,,,,,,,,,,,,,,1,,,,,,,,,,,,1,,,,,,,,,,,,,,,,,,,,,,,,,,,,,,,,,,,,,,,,,,,,,,,,,,,,,,,,,,,,,,,1,,,,,,,,,,,,,,,,,,,,,,,,,,,,,,,,,,,,,,,,,,,,,,,,,,,F,,,,,,,,,,,,,,,,,,,,,,,,,,,,,,1,,,,,,15,0,0,0,10,0,0,,,,,5,,
Ulvhaugen,1,5,TTC,5,5 TTC,,TTC,%,2011,15-Aug,Cover,IH,,,12,,15,,,,1,4,,10,,,,,,,4,1,,1,,,,,,,,,5,,,,,,,,,,,,1,,,,,,1,,,,,1,,,,1,,,,1,,,,,,,3,,,,,,,,,,,,,,,1,,,,,,,,,,2,,,,,,,,,,,8,,,,,,,,,1,,,,,3,,,,,,4,,,,,,,,,,3,12,,,,,,,,,5,,,,,,,,,,,4,,2,,,,,,,,,3,2,,1,,,,,8,,,,,,13.6,0,0,1.04,17.28,0,0,,70,10,0,4.25,2,
,,,,,,,,,,,,,,,,,,,,,,,,,,,,,,,,,,,,,,,,,,,,,,,,,,,,,,,,,,,,,,,,,,,,,,,,,,,,,,,,,,,,,,,,,,,,,,,,,,,,,,,,,,,,,,,,,,,,,,,,,,,,,,,,,,,,,,,,,,,,,,,,,,,,,,,,,,,,,,,,,,,,,,,,,,,,,,,,,,,,,,,,,,,,,,,,,,,,,,,,,,,,,,
Ulvhaugen,1,3,TTI,1,3 TT1 1,,,1,2011,15-Aug,Presence,IH,,,1,,1,,,,,1,,1,,,,,,,1,,,,,,,,,,,,,,,,,,,,,,,,,,,,,,,,,,,,,,,,,,,,,,,,,,,,,,,,,,,,,,,,,,,,,,,,,,,,,,,,,,,,,,1,,,,,,,,,,,,,,,,,,,,1,,,,,,,,,,,1,,,,,,,,,,,,,,,,,,,,,,,,,,,,,,,,1,,,,,,,,,,,,,3,0,0,1,40,0,0,,,,,,,
Ulvhaugen,1,3,TTI,1,3 TT1 1,,,2,2011,15-Aug,Presence,IH,,,1,,1,,,,,,,,,,,,,,,,,,,,,,,,,,,,,,,,,,,,,,,,,,,,,,,,,,,,,,,,,,,,,,,,,,,,,,,,,,,,,,,,,,,,,,,,,,,,,,,,,,,,1,,,,,,,,,,,,,,,,,,,,J,,,,,,,,,,,1,,,,,,,,,,,,,,,,,,,,,,,,,,,,,,,,,,,,,,,,,,,,,5,0,0,10,20,0,0,,,,,,,
Ulvhaugen,1,3,TTI,1,3 TT1 1,,,3,2011,15-Aug,Presence,IH,,,1,,1,,,,,,,,,,,,,,,,,,,,,,,,,,,,,,,,,,,,,,,,,,,,,,,,,,,,,,,,,,,,,,,,,,,,,,,,,,,,,,,,,,,,,,,,,,,,,,,,,,,,1,,,,,,,,,,,,,,,,,,,,1,,,,,,,,,,1,1,,,,,,,,,,,,,,,,,,,,,,,,,,,,,,,1,,,,,,,,1,,,,,,3,0,0,0,25,0,0,,,,,,,
Ulvhaugen,1,3,TTI,1,3 TT1 1,,,4,2011,15-Aug,Presence,IH,,,1,,1,,,,,,,,,,,,,,1,,,,,,,,,,,,,,,,,,,,,,,,,,,,,,,,,,,,,,,,,,,,,,,,,,,,,,,,,,,,,,,,,,,,,,,,,,,,,,,,,,,,,,1,,,,,,,,,,,,,,1,,,,,,1,,,,,,,,,,,1,,,,,,,,,,,,,,,,,,,,,,1,,,,,,,,,,1,,,,,,,,,,,,,4,0,0,3,20,0,0,,,,,,,
Ulvhaugen,1,3,TTI,1,3 TT1 1,,,5,2011,15-Aug,Presence,IH,,,,,1,,,,,,,,,,,,,,,,,,,,,,,,,,,,,,,,,,,,,,,,,,,,,,,,,,,,,,,,,,,,,,,,,,,,,,,,,,,,,,,,,,,,,,,,,,,,,,,,,,,,1,,,,,,,,,,,,,,,,,,,,1,,,,,,,,,,1,1,,,,,,,,,,,,,,,,,,,,,,1,,,,,,,1,,,1,,,,,,,,,,,,,0,0,0,2,30,0,0,,,,,,,
Ulvhaugen,1,3,TTI,1,3 TT1 1,,,6,2011,15-Aug,Presence,IH,,,1,,1,,,,,,,,,,,,,,1,,,,,,,,,,,,,,,,,,,,,,,,,,,,,,,,,,,,,,,,,,,,,,,,,,,,,,,,,,,,,,,,,,,,,,,,,,,,,,,,,,,,,,1,,,,,,,,,,,,,,1,,,,,,1,,,,,,,,,,,1,,,,,,,,,F,,,,,,,,,,,,,1,,,,,,,,,1,1,,,,,,,,,,,,,10,0,0,2,25,0,0,,,,,,,
Ulvhaugen,1,3,TTI,1,3 TT1 1,,,7,2011,15-Aug,Presence,IH,,,1,,1,,,,,,,,,,,,,,1,,,,,,,,,,,,,,,,,,,,,,,,,,,,,,,,,,,,,,,,,,,,,,,,,,,,,,,,,,,,,,,,,,,,,,,,,,,,,,,,,,,,,,1,,,,,,,,,,,,,,,,,,,,"S,1",,,,,,,,,,,1,,,,,,,,,F,,,,,,,,,,,,,,,,,,,,,,1,,,,,,,,,,,,,,5,0,0,0,35,0,0,,,,,,,
Ulvhaugen,1,3,TTI,1,3 TT1 1,,,8,2011,15-Aug,Presence,IH,,,1,,1,,,,,,,,,,,,,,,,,,,,,,,,,,,,,,,,,,,,,,,,,,,,,,,,,,,,,,,,,,,,,,,,,,,,,,,,,,,,,,,,,,,,,,,,,,,,,,,,,,,,1,,,,,,,,,,,,,,1,,,,,,1,,,,,,,,,,,1,,,,,,,,,F,,,,,,,,,,,,,,,,,,,,,,1,,,,,,,,,,,,,,10,0,0,0,25,0,0,,,,,,,
Ulvhaugen,1,3,TTI,1,3 TT1 1,,,9,2011,15-Aug,Presence,IH,,,1,,1,,,,,,,1,,,,,,,,,,,,,,,,,,,,,,,,,,,,,,,,,,,,,,,,,,,,,,,,,,,,,,,,,,,,,,,,,,,,,,,,,,,,,,,,,,,,,,,,,,,,,1,,,,,,,,,,,,,,,,,,,,"J,1",,,,,,,,,,1,,,,,,,,,,F,,,,,,,,,,,,,1,,,,,,,,,,,,,,,,,,,,,,,5,0,0,0,40,0,0,,,,,,,
Ulvhaugen,1,3,TTI,1,3 TT1 1,,,10,2011,15-Aug,Presence,IH,,,1,,1,,,,,,,1,,,,,,,,,,,,,,,,,,,,,,,,,,,,,,,,,,,,,,,,,,,,,,,,,,,,,,,,,,,,,,,,,,,,,,,,,,,,,,,,,,,,,,,,,,,,,,,,,,,,,,,,,,,1,,,,,,,,,,,,,,,,"1,F",1,,,,,,,,,,,,,,,,,,,,1,,1,,,,,,,,,,"Sx2,1",,,,,,,,,,,,,2,0,0,0,30,0,0,1,,,,,,
Ulvhaugen,1,3,TTI,1,3 TT1 1,,,11,2011,15-Aug,Presence,IH,,,1,,1,,,,1,,,1,,,,,,,1,,,,,,,,,,,,1cf,,,,,,,,,,,,,,,,,,,,,,,,,,,,,,,,,,,,,,,,,,,,,,,,,,,,,,,,,,,,,,,,,,,,,,,,,,1,,,,,,,,,,,,,,,,,,,,1,,,,,,,,,,,,,,,,,,,,F,,,,,,,,,,,,,1,,,,,,,,,1,,,,,,,,1,,,,,,3,0,0,0,25,0,0,,,,,,,
Ulvhaugen,1,3,TTI,1,3 TT1 1,,,12,2011,15-Aug,Presence,IH,,,1,,1,,,,,,,1,,,,,,,,,,,,,,,,,,,,,,,,,,,,,,,,,,,,,,,,,,,,,,,,,,,,,,,,,,,,,,,,,,,,,,,,,,,,,,,,,,,,,,,,,,,,,1,,,,,,,,,,,,,,,,,,,,,,,,,,,,,,,1,,,,,,,,,,,,,,,,,,,,,,,,,,,,,,,1,,,,,,,,,,,,,,4,0,0,0,30,0,0,,,,,,,
Ulvhaugen,1,3,TTI,1,3 TT1 1,,,13,2011,15-Aug,Presence,IH,,,F,,1,,,,,,,1,,,,,,,,,,,,,,,,,,,,,,,,,,,,,,,,,,,,,,,,,,,,,,,,,,,,,,,,,,,,,,,,,,,,,,,,,,,,,,,,,,,,,,,,,,,,,1,,,,,,,,,,,,,,1,,,,,,1,,,,,,,,,,,,,,,,,,,,1,,,,,,,,,,,,,,,,,,,,,,1,,,,,,,,1,,,,,,4,0,0,0,30,0,0,,,,,,,
Ulvhaugen,1,3,TTI,1,3 TT1 1,,,14,2011,15-Aug,Presence,IH,,,1,,1,,,,,,,1,,,,,,,,,,,,,,,,,,,,,,,,,,,,,,,,,,,,,,,,,,,,,,,,,,,,,,,,,,,,,,,,,,,,,,,,,,,,,,,,,,,,,,,,,,,,,1,,,,,,,,,V,,,,,,,,,,,1,,,,,,,,,,,1,,,,,,,,,,,,,,,,,,,,,,,,,,,,,,,1,,,,,,,,1,,,,,,3,0,0,5,45,0,0,,,,,,,
Ulvhaugen,1,3,TTI,1,3 TT1 1,,,15,2011,15-Aug,Presence,IH,,,1,,1,,,,,,,1,,,,,,,,,,,,,,,,,,,,,,,,,,,,,,,,,,,,,,,,,,,,,,,,,,,,,,,,,,,,,,,,,,,,,,,,,,,,,,,,,,,,,,,,,,,,,1,,,,,,,,,,,,,,,,,,,,"S,1",,,,,,,,,,,1,,,,,,,,,,,,,,,,,,,,,,,,,,,,,,,1,,,,,,,,,,,,,,3,0,0,0,20,0,0,,,,,,,
Ulvhaugen,1,3,TTI,1,3 TT1 1,,,16,2011,15-Aug,Presence,IH,,,1,,1,,,,,,,,,,,,,,1,,,,,,,,,,,,,,,,,,,,,,,,,,,,,,,,,,,,,,,,,,,,,,,,,,,,,,,,,,,,,,,,,,,,,,,,,,,,,,,,,,,,,,1,,,,,,,,,,,,,,,,,,,,1,,,,,,,,,,,1,,,,,,,,,F,,,,,,,,,,,,,,,,,,,,,,,1,,,,,,,,,,,,,10,0,0,0,25,0,0,,,,,,,
Ulvhaugen,1,3,TTI,1,3 TT1 1,,,17,2011,15-Aug,Presence,IH,,,,,1,,,,,1,,1,,,,,,,,,,,,,,,,,,,,,,,,,,,,,,,,,,,,,,,,,,,,,,,,,,,,,,,,,,,,,,,,,,,,,,,,,,,,,,,,,,,,,,,,,,,,,,,,,,,,,,,,,,,,,,,,,1,,,,,,,,,,,1,,,,,,,,,,,,,,,,,,,,,,,,,,,,,,,1,,,,,,,,,,,,,,15,0,0,0,30,0,0,,,,,,,
Ulvhaugen,1,3,TTI,1,3 TT1 1,,,18,2011,15-Aug,Presence,IH,,,1,,1,,,,,1,,1,,,,,,,,,,,,,,,,,,,,,,,,,,,,,,,,,,,,,,,,,,,,,,,,,,,,,,,,,,,,,,,,,,,,,,,,,,,,,,,,,,,,,,,,,,,,,,,,,,,,,,,,,,,1,,,,,,,,,,,,,,,,,1,,,,,,,,,,,,,,,,,,,,,,,,,,,,,,,,,,,,,,,1,,,,,,12,0,0,0,25,0,0,,,,,,,
Ulvhaugen,1,3,TTI,1,3 TT1 1,,,19,2011,15-Aug,Presence,IH,,,1,,1,,,,,,,1,,,,,,,,,,,,,,,,,,,,,,,,,,,,,,,,,,,,,,,,,,,,,,,,,,,,,,,,,,,,,,,,,,,,,,,,,,,,,,,,,,,,,,,,,,,,,1,,,,,,,,,,,,,,,,,,,,,,,,,,,,,,,1,,,1,,,,,,,,,,,,,,,,,,,,,,,,,,,,1,,,,,,,,,,,,,,10,0,0,0,35,0,0,,,,,,,
Ulvhaugen,1,3,TTI,1,3 TT1 1,,,20,2011,15-Aug,Presence,IH,,,1,,1,,,,,,,1,,,,,,,,,,,,,,,,,,,,,,,,,,,,,,,,,,,,,,,,,,,,,,,,,,,,,,,,,,,,,,,,,,,,,,,,,,,,,,,,,,,,,,,,,,,,,1,,,,,,,,,1,,,,,,,,,,,1,,,,,,,,,,1,,,,,,,,,,,,,,,,,,,,,1,,,,,,,,,,,1,,,,,,,,1,,,,,,14,0,0,0,20,0,0,,,,,,,
Ulvhaugen,1,3,TTI,1,3 TT1 1,,,21,2011,15-Aug,Presence,IH,,,1,,1,,,,V,,,1,,,,,,,1,,,,,,,,,,,,,,,,,,,,,,,,,,,,,,,,,,,V,,,,,,,,,,,,,,,,F,,,,,,,,,,,,,,,,,,,,,,,,,,,,,,,,,,,1,,,,,,,,,,,,,,,,,,,,1,,,,,,,,,,,1,,,,,,,,,,,,,,,,,,,,,,1,,,,,,,,,1,,,,,,,,1,,,,,,2,0,0,0,30,0,0,,,,,,,
Ulvhaugen,1,3,TTI,1,3 TT1 1,,,22,2011,15-Aug,Presence,IH,,,1,,1,,,,,,,1,,,,,,,,,,,,,,,,,,,,,,,,,,,,,,,,,,,,,,,,,,,,,,,,,,,,,,,,,,,,,,,,,,,,,,,,,,,,,,,,,,1,,,,,,,,,,,,,,,,,,,,,,,,,,,,,,,1,,,,,,,,,,,1,,,,,1,,,,,,,,,,,,,,,,,,,,,,,,,,,,,,,,,,1,,,,,,2,0,0,0,40,0,0,,,,,3,,
Ulvhaugen,1,3,TTI,1,3 TT1 1,,,23,2011,15-Aug,Presence,IH,,,1,,1,,,,,,,1,,,,,,,,,,,,,,,,,,,,,,,,,,,,,,,,,,,,,,,,,,,,,,,,,,,,,,,,,,,,,,,,,,,,,,,,,,,,,,,,,,,,,,,,,,,,,1,,,,,,,,,,,,,,,,,,,,1,,,,,,,,,,,1,,,,,,,,,F,,,,,,,,,,,,,,,,,,,,,,,1,,,,,,,1,,,,,,1,0,0,0,30,0,0,,,,,4,,
Ulvhaugen,1,3,TTI,1,3 TT1 1,,,24,2011,15-Aug,Presence,IH,,,1,,1,,,,,,,,,,,,,,1,,,,,,,,,,,,,,,,,,,,,,,,,,,,,,,,,,,,,,,,,,,,,,,,,,,,,,,,,,,,,,,,,,,,,,,,,,,,,,,,,,,,,,1,,,,,,,,,,,,,,,,,,,,1,,,,,,,,,,,1,,,,,,,,,1,,,,,,,,,,,,,,,,,,,,,,,,,,,,,,,,,,,,15,0,0,0,20,0,0,,,,,4,,
Ulvhaugen,1,3,TTI,1,3 TT1 1,,,25,2011,15-Aug,Presence,IH,,,1,,1,,,,,,,V,,,,,,,,,,,,,,,,,,,,,,,,,,,,,,,,,,,,,,,,,,,,,,,,,,,,,,,,,,,,,,,,,,,,,,,,,,,,,,,,,,,,,,,,,,,,,1,,,,,,,,,1,,,,,,,,,,,,,,,,,,,,,,1,,,,,,,,,,,,,,,,,,,,1,,,,,,,,,,,1,,,,,,,,1,,,,,,20,0,0,0,15,0,0,,,,,6,,
Ulvhaugen,1,3,TTI,1,3 TT1 1,,,%,2011,15-Aug,Cover,IH,,,10,,15,,,,1,1,,8,,,,,,,4,,,,,,,,,,,,1,,,,,,,,,,,,,,,,,,,,,,,1,,,,,,,,,,,,,,,,1,,,,,,,,,,,,,,,,,,,,,,,,1,,,,,,,,,,,10,,,,,,,,,3,,,,,4,,,,,,10,,,,,,,,,,3,10,,,2,,2,,,,3,,,,,,,,,,,2,,4,,,,,,,1,,5,4,,,,,,,3,,,,,,6.6,0,0,0.92,28.4,0,0,,75,5,0,4.25,1,
,,,,,,,,,,,,,,,,,,,,,,,,,,,,,,,,,,,,,,,,,,,,,,,,,,,,,,,,,,,,,,,,,,,,,,,,,,,,,,,,,,,,,,,,,,,,,,,,,,,,,,,,,,,,,,,,,,,,,,,,,,,,,,,,,,,,,,,,,,,,,,,,,,,,,,,,,,,,,,,,,,,,,,,,,,,,,,,,,,,,,,,,,,,,,,,,,,,,,,,,,,,,,,
Ulvhaugen,2,2001,,2001,Ulv2RTG,RTG,,1,2011,15-Aug,Presence,W,,,1,,1,,,,,,,,,,,,,,1,,,,,,,,,,,,,,,,,,,,,,,,,,,,,,,,,,,,,,,,,,,,,,,,,,,,,,,,,,,,,,,,,,,,,,,,,,,,,,,,,,,,,,,,,,,,,,,,,,,,,,,,,,,,,,,,,,,,1,1,,,,,,,,,,1,,,,,,,,,,1,,,,,,,,,,,,,,,,,,,,,,,,,10,30,0,5,10,30,0,,,,,,,
Ulvhaugen,2,2001,,2001,Ulv2RTG,RTG,,2,2011,15-Aug,Presence,W,,,1,,1,,,,,1,,,,,,,,,1,,,,,,,,,,,,,,,,,,,,,,,,,,,,,,,,,,,,,,,,S,,,,,,,,,,,,,,,,,,,,,,,,,,,,,,,,,,,,,,,,,,,,,,,,,,,,,,,,,,,,,,,,,,1,,,,,,,,,,,,,,,,,,,,,1,,,,,,,,,,,,,,,,,,,,,,,,,,,,,,,,,,,10,30,0,0,10,30,0,,,,,,,
Ulvhaugen,2,2001,,2001,Ulv2RTG,RTG,,3,2011,15-Aug,Presence,W,,,1,,1,,,,1,,,,,,,,,,,,,,,,,,,,,,,,,,,,,,,,,,,,,,,,,,,,,,,,,,,,,,,,,,,,1,,,,,,,,,,,,,,,,,,,,,,,,,,,,,,,1,,,,,,,,,,,,,,,,,,,,,,,,,1,,,,,,,,,,1,,,,,,,,,,,,,,,,,,,,,,,,,,,,,,,,,,,,,,,,1,,,,,,10,40,0,5,10,30,0,,,,,,,
Ulvhaugen,2,2001,,2001,Ulv2RTG,RTG,,4,2011,15-Aug,Presence,W,,,1,,1,,,,F,1,,,,,,,,,,,,,,,,,,,,,,,,,,,,,,,,,,,,,,,,,,,,,,,,,,,,,,,,,,,,,,,,,,,,,,,,,,,,,,,,,,,,,,,,,,,,,,,,,,,,,,,,,,,,,,,,,,,1,,,,,,,,,,1,,,,,,,,,,,,,,,,,,,,,,,,,,,,,,,,,,,,,,,,,,,,,,10,40,0,0,10,20,0,,,,,,,
Ulvhaugen,2,2001,,2001,Ulv2RTG,RTG,,5,2011,15-Aug,Presence,W,,,1,,1,,,,F,1,,,,,,,,,,,,,,,,,,,,,,,,,,,,,,,,,,,,,,,,,,,,,,,,,,,,,,,,,,,,,,,,,,,,,,,,,,,,,,,,,,,,,,,,,,,,,,,,,,,,,,,,1,,,,,,,,,,,,,,,,,,,,,1,,,,,,,,,,,1,,,,,,,,,,1,,,,,,,,,,,,,,,,,,,,,,,,,10,50,0,0,10,20,0,,,,,,,
Ulvhaugen,2,2001,,2001,Ulv2RTG,RTG,,6,2011,15-Aug,Presence,W,,,1,,1,,,,,,,1,,,,,,,,,,,,,,,,,,,,,,,,,,,,,,,,,,,,,,,,,,,,,,,,,,,,,,,,,,,,,,,,,,,,,,,,,,,,,,,1,,,,,,,,,,,,,,,,,,,,,,,1,,,,,,,,,,,1,,,,,,,,,,,1,,,,,,,,,,1,,,,,,,,,,1,,,,,,,,,,,,,,,,,,,,,,,,,5,30,0,0,10,30,0,,,,,,,
Ulvhaugen,2,2001,,2001,Ulv2RTG,RTG,,7,2011,15-Aug,Presence,W,,,,,1,,,,,,,1,,,,,,,1,,,,,,,,,,,,,,,,,,,,,,,,,,,,,,,,,,,,,,,,S,,,,,,,,,,,,,,,,,,,,,,,,,,,,,,,,,,,,,,,,,,,,,,,,,,,,,,,,,,,,,,,,,,,,,,,,,,,,,,,,,,,,,,,1,,,,,,,,,,,,,,,,,,,,,,,,,,,,,1,,,,,,10,20,0,0,10,70,0,,,,,,,
Ulvhaugen,2,2001,,2001,Ulv2RTG,RTG,,8,2011,15-Aug,Presence,W,,,1,,1,1,,,,,,,,,,,,,,,,,,,,,,,,,,,,,,,,,,,,,,,,,,,,,,,,,,,,,,,,,,,,,,,,,,,,,,,,,,,,,,,,,,,,,,,,,,,,,,1,,,,,,,,,,,,,,,,,,,,,,,,,,,,,,,,,,,,,,,,,,,,,,1,,,,,,,,,,,,,,,,,,,,,,,,,,,,,,,,,,,5,40,0,0,5,50,0,,,,,,,
Ulvhaugen,2,2001,,2001,Ulv2RTG,RTG,,9,2011,15-Aug,Presence,W,,,,,,1,,,,,,,,,,,,,,,,,,,,,,,,,,,,,,,,,,,,,,,,,,,,,,,,,,,,,,,,,,,,,,,,,,,,,,,,,,,,,,,,,,,,,1,,,,,,,,,1,,,,,,,,,,,,,,,,,,,,,,,,,,,,,,,,,,,,,,,,,,,,,,1,,,,,,,,,,,,,,,,,,,,,,,,,,,,,,,,,,,10,30,0,0,5,70,0,,,,,,,
Ulvhaugen,2,2001,,2001,Ulv2RTG,RTG,,10,2011,15-Aug,Presence,W,,,,,,,,,1,,,,,,,,,,,,,1,,,,,,,,,,,,,,,,,,,,,,,,,,,,,,,,,,,,,,,,,,,,,,,,,,,,,,,,,,,,,,,,,,,,,,,,,,,,,,,,,,,,,,,,,,,,,,,,,,,,,,,1,,,,,,,,,,,,,,,,,,,,,1,,,,,,,,,,1,,,,,,,,,,,,,,,,,,,1,,,,,,5,40,0,0,5,50,0,,,,,,,
Ulvhaugen,2,2001,,2001,Ulv2RTG,RTG,,11,2011,15-Aug,Presence,W,,,1,,1,,,,,,,1,,,,,,,,,,,,,,,,,,,,,,,,,,1,,,,,,,,,,,,,,,,,,,,,,1,,,,,,,,,1,,,,,,,,,,,,,,,,,,,,,,,,,,,,,,,1,,,,,,,,,,,,,,,,,,,,,,,,,,,,,,,,,,,,1,,,,,,,,,1,1,,,,,,,,,,1,,,,,,,,,,,,1,,,,,,,1,,,,,,10,20,0,10,5,60,0,,,,,,,
Ulvhaugen,2,2001,,2001,Ulv2RTG,RTG,,12,2011,15-Aug,Presence,W,,,1,,1,,,,,,,,,,,,,,,,,,,,,,,,,,,,,,,,,1,,,,,,,,,,,,,,,,,,,,,,,,,,,,,,,,,,,,,,,,,,,,,,,,,,,,,,,,,,,,,,1,,,,,,,,,,,,,,,,,,,,,,,,,,,,,,,,,,,,,,,,,,,,,,1,,,,,,,,,,,,,,,,,,,,,,,,,,,,,,,,,,,5,20,0,0,5,80,0,,,,,,,
Ulvhaugen,2,2001,,2001,Ulv2RTG,RTG,,13,2011,15-Aug,Presence,W,,,1,,1,,,,,,,,,,,,,,,,,,,,,,,,,,,,,,,,,,,,,,,,,,,,,,,,,,,,,,,,,,,,,,,,,,,,,,,,,,,,,,,,,,,,,,,,,,,,,,,,,,,,,,,,,,,,,,,,,,,,,,,,,,,,,,,,,,1,,,,,,,,,,,1,,,,,,,,,,,,,,,,,,,,,,,,,,,,,,,,,,,0,10,0,0,5,90,0,,,,,,,
Ulvhaugen,2,2001,,2001,Ulv2RTG,RTG,,14,2011,15-Aug,Presence,W,,,,,,,,,,,,,,,,,,,,,,,,,,,,,,,,,,,,,,,,,,,,,,,,,,,,,,,,,,,,,,,,,,,,,,,,,,,,,,,,,,,,,,,,,,,1,,,,,,,,,,,,,,,,,,,,,,,,,,,,,,,,,,,,,,,,,,,,,,,,,,,,,,,1,,,,,,,,,,,,,,,,,,,,,,,,,,,,,,,,,,,0,10,0,0,5,90,0,,,,,,,
Ulvhaugen,2,2001,,2001,Ulv2RTG,RTG,,15,2011,15-Aug,Presence,W,,,1,,,1,,,1,,,,,,,,,,,,,,,,,,,,,,,,,,,,,1,,,,,,,,,,,,,,,,,,,,,,,,,,,,,,,,,,,,,,,,,,,,,,,,,,,,,,,,,,,,,,1,,,,,,,,,,,,,,,,,,,,,,,,,,,,,,,,,,,,1,,,,,,,,,,1,,,,,,,,,,,,,,,,,,,,,,,,,,,,,,,,,,,0,20,0,10,10,60,0,,,,,,,
Ulvhaugen,2,2001,,2001,Ulv2RTG,RTG,,16,2011,15-Aug,Presence,W,,,,,1,,,,,,,,,,,,,,,,,,,,,,,,,,,,,,,,,1,,,,,,,,,,,,,,,,,,,,,,1,,,,,,,,,,,,,,,,,,,,,,,,,,,,,,,,,,,,,,,,1,,,,,,,,,,,,,,,,,,,,,,,,,,,,,,,,,,,,1,,,,,1,,,,,,,,,,,,,,,1,,,,,,,,,,,,,,,,,,,1,,,,,,10,30,0,5,10,60,0,,,,,,,
Ulvhaugen,2,2001,,2001,Ulv2RTG,RTG,,17,2011,15-Aug,Presence,W,,,,,,,,,,,,,,,,,,,,,,,,,,,,,,,,,,,,,,,,,,,,,,,,,,,,,,,,,,,,,,,,,,,,,,,,,,,,,,,,,,,,,,,,,,,,,,,,,,,,1,,,,,,,,,,,,,,,,,,,,,,,,,,,,,,,,,,,,1,,,,,,,,,,1,,,,,,,,,,,,,,,,,,,,,,,,,,,,,,,,,,,10,20,0,0,5,70,0,,,,,,,
Ulvhaugen,2,2001,,2001,Ulv2RTG,RTG,,18,2011,15-Aug,Presence,W,,,,,1,,,,,,,,,,,,,,,,,,,,,,,,,,,,,,,,,,,,,,1,,,,,,,,,,,,,,,,,,,,,,,,,,,,,,,,,,,,,,,,,,,,,,,,1,,,,,,,,,1,,,,,,,,,,,,,,,,,,,,,,,,,,,,,,,,,,,,,,,,,,,,,,1,,,,,,,,,,,,,,,,,,,,,,,,,,,,,,,,,,,5,0,0,10,20,70,0,,,,,,,
Ulvhaugen,2,2001,,2001,Ulv2RTG,RTG,,19,2011,15-Aug,Presence,W,,,1,,1,,,,,,,,,,,,,,,,,,,,,,,,,,,,,,,,,,,,,,,,,,,,,,,,,,,,,,S,,,,,,,,,,,,,,,,,,,,,,,,,,,,,,,,,,,,,,,,,,,,,,,,,,,,,,,,,,,,,,,,,,,,,,,,,,,,,,,,,,,,,,,,,,,,,,,,,1,,,,,,,,,,,,,,,,,,,,,,,,,5,5,0,10,10,80,0,,,,,,,
Ulvhaugen,2,2001,,2001,Ulv2RTG,RTG,,20,2011,15-Aug,Presence,W,,,1,,1,1,,,,,,,,,,,,,1,,,,,,,,,,,,,,,,,,,,,,,,,,,,,,,,,,,,,,,,,1,,,,,,,,,,,,,,,,,,,,,,,,,,,,,,,,,,,,,,,,,,,,,,,,,,,,,,,,,,,,,,,,,,,,,,,,,,,1,1,,,,,,,,,,1,,,,,,,,,,1,,,,,,,,,,,,,,,,,,,1,,,,,,5,20,0,0,5,70,0,,,,,,,
Ulvhaugen,2,2001,,2001,Ulv2RTG,RTG,,21,2011,15-Aug,Presence,W,,,,,,,,,,,,,,,,,,,,,,,,,,,,,,,,,,,,,,1,,,,,,,,,,,,,,,1,,,,,,,1,,,,,,,,,1,,,,,,,,,,,,,,,,,,,,,,,,,,,,,,,1,,,,,,,,,,,,,,,,,,,,,,,,,,,,,,,,,,,,1,,,,,,,,,,1,,,,,,,,,,1,,,,,,,,,,,,,,,,,,,,,,,,,0,40,0,5,40,20,0,,,,,,,
Ulvhaugen,2,2001,,2001,Ulv2RTG,RTG,,22,2011,15-Aug,Presence,W,,,,,,,,,,,,,,,,,,,,,,,,,,,,,,,,,,,,,,1,,,,,1,,,,,,,,,,,,,,,,S,,,,,,,,,,1,,,,,,,,,,,,,,,,,,,,,,,,,,,,,,,1,,,,,,,,,,,,,,,,,,,,,,,,,,,,,,,,,,,1,1,,,,,,,,,,,,,,,,,,,,1,,,,,,,,,,,,,,,,,,,,,,,,,0,20,0,0,10,70,0,,,,,,,
Ulvhaugen,2,2001,,2001,Ulv2RTG,RTG,,23,2011,15-Aug,Presence,W,,,,,1,,,,,,,,,,,,,,,,,,,,,,,,,,,,,,,,,,,,,,,,,,,,,,,,,,,,,,S,,,,,,,,,,1,,,,,,,,,,,,,,,,,,,,,,,,,,,,,,,1,,,,,,,,,,,,,,,,,,,,,,,,,,,,,,,,,,,,1,,,,,,,,,,1,,,,,,,,,,,,,,,,,,,,,,,,,,,,,1,,,,,,0,20,0,0,30,50,0,,,,,,,
Ulvhaugen,2,2001,,2001,Ulv2RTG,RTG,,24,2011,15-Aug,Presence,W,,,,,1,,,,,,,,,,,,,,,,,,,,,,,,,,,,,,,,,,,,,,,,,,,,,,,,,,,,,,,1,,,,,,,,,,,,,,,,,,,,,,,,,,,,,,,,,,,,,,,,,,,,,,,,,,,,,,,,,,,1,,,,,,,,,,,,,,,,,1,,,,,,,,,,,,,,,,,,,,,,,,,,,,,,,,,,,,,,,,,,,,,0,40,0,0,20,30,0,,,,,,,
Ulvhaugen,2,2001,,2001,Ulv2RTG,RTG,,25,2011,15-Aug,Presence,W,,,1,,,,,,,,,,,,,,,,,,,,,,,,,,,,,,,,,,,1,,,,,,,,,,,,,,,,,,,,,,,,,,,,,,,,,,,,,,,,,,,,,,,,,,,,,,,,,,,,,,1,,,,,,,,,,,,,,,,,,,,,,,,,,,,,,,,,,,,1,,,,,,,,,,,,,,,,,,,,1,,,,,,,,,,,,,,,,,,,1,,,,,,0,10,0,10,10,40,0,,,,,,,
Ulvhaugen,2,2001,,2001,Ulv2RTG,RTG,,%,2011,15-Aug,Cover,W,,,3,,2,1,,,2,1,,1,,,,,,,1,,,1,,,,,,,,,,,,,,,,1,,,,,1,,,,,,,,,,1,,,,,,1,1,,,,,,,,,1,,,,,,,,,,,,,,,,,,,,,,1,,,,,,,,,2,,,,,,,,,,,,,,1,,,,,1,,,,,,2,,,,,,,,,,1,3,,,,,1,,,,1,2,,,,,,,,,,2,,,,,,,,,,,,1,,,,,,,2,,,,,,5.4,25.4,0,2.8,11,53.6,0,,20,35,2,2,0.5,
Ulvhaugen,,,,,,,,,,,,,,,,,,,,,,,,,,,,,,,,,,,,,,,,,,,,,,,,,,,,,,,,,,,,,,,,,,,,,,,,,,,,,,,,,,,,,,,,,,,,,,,,,,,,,,,,,,,,,,,,,,,,,,,,,,,,,,,,,,,,,,,,,,,,,,,,,,,,,,,,,,,,,,,,,,,,,,,,,,,,,,,,,,,,,,,,,,,,,,,,,,,,,,,,,,,,,,
Ulvhaugen,2,10,TTI,7,10 TT1 7,,,1,2011,15-Aug,Presence,KK,,,F,,,,,,,1,,,,,,,,,S,,,,,,,,,,,,,,,,,,,,,,,,,,,,,,,,,,,,,,,,,,1,,,,,,,,,,,,,,,,,,,,,,,,,,,,,,,,,,,,,,,,,,,,,,,,,,,,,1,,,,,,,,,,,1,,,,,,,,,,F,,,,,,,,,,1,,,,,,,,,,,,,,,,,,,,,,,1,,,,,,,,,,,,,5,0,0,0,5,0,0,,,,,,,
Ulvhaugen,2,10,TTI,7,10 TT1 7,,,2,2011,15-Aug,Presence,KK,,,1,,1,,,,,,,,,,,,,,1,,,,,,,,,,,,,,,,,,,,,,,,,,,,,,,,,,,,,,,,,,1,,,,,,,,,,,,,,,,,,,,,,,,,,,,,,,,,,,,,,,,,,,,,,,,,,,,,1,,,,,,,,,,,F,,,,,,,,,,1,,,,,,,,,,1,J,,,,,,,,,,,,,,,,,,,,,,,,,,,,,,,,,,,15,2,0,0,5,5,0,,,,,,,
Ulvhaugen,2,10,TTI,7,10 TT1 7,,,3,2011,15-Aug,Presence,KK,,,1,,1,1,,,,,,1,,,,,,,"1,J",,,,,,,,,,,,,,,,,,,,,,,,,,,,,,,,,,,,,,,,,,1,,,,,,,,,,,,,,,,,,,,,,,,,,,,,,,,,,,,,,,,,,,,,,,,,,,,,,,,,,,,,,,,1,,,,,,,,,,,1,,,,,,,,,1,,,,,,,,,,,,,,,,,,,,,,,,,,,,,,,,,,,,5,0,0,5,5,5,0,,,,,,,
Ulvhaugen,2,10,TTI,7,10 TT1 7,,,4,2011,15-Aug,Presence,KK,,,1,,,,,,,,,1,,,,,,,J,,,,,,,,,,,,,,,,,,,,,,,,,,,,,,,,,,,,,,,,,,1,,,,,,,,,,,,,,,,,,,,,,,,,,,,,,1,,,,,,,,,,,,,,,,,,,,,,,,,,,,,,,,,,1,,,,,,,,,,1,1,,,,,,,,,1,,,,,,,,,,,,,,,,,,,,,,,1,,,,,,,,,,,,,2,0,0,5,5,0,0,1,,,,,,
Ulvhaugen,2,10,TTI,7,10 TT1 7,,,5,2011,15-Aug,Presence,KK,,,1,,,,,,,,,1,,,,,,,1,,,,,,,,,,,,,,,,,,,,,,,,1,,,,,,,,,,,,,,,,,,1,,,,,,,,,,,,,,,,,,,,,,,,,,,,,,1,,,,,,,,,,,,,,,,,,,,,,,,,,,,,,,,,,1,,,,,,,,,,,1,,,,,,,,,1,,,,,,,,,,,,,,,,,,,,,,,,,,,,,,1,,,,,,5,0,0,2,2,10,0,,,,,,,
Ulvhaugen,2,10,TTI,7,10 TT1 7,,,6,2011,15-Aug,Presence,KK,,,1,,1,,,,,1,,1,,,,,,,,,,,,,,,,,,,,,,,,,,,,,,,,,,,,,,,,,,,,,,,,,1,,,,,,,,,,,,,,,,,,,,,,,,,,,,,,,,,,,,,,,,,,,,,,,,,,,,,1,,,,,,,,,,,1,,,,,,,,,,,,,,,,,,,,1,,,,,,,,,,,,,,,,,,,,,,,,,,,,,,,,,,,,2,0,0,0,2,0,0,,,,,,,
Ulvhaugen,2,10,TTI,7,10 TT1 7,,,7,2011,15-Aug,Presence,KK,,,1,,1,,,,,,,1,,,,,,,S,,,,,,,,,,,,,,,,,,,,,,,,,,,,,,,,,,1,,,,,,,,1,,,,,,,,,,,,,,,,,,,,,,,,,,,,,,,,,,,,,,,,,,,,,,,,,,,,,,,,,,,,,,,,1,,,,,,,,,,,1,,,,,,,,,1,1,,,,,,,,,,,,,,,,,,,,,,,,,,,,,1,,,,,,5,2,0,0,2,2,0,,,,,,,
Ulvhaugen,2,10,TTI,7,10 TT1 7,,,8,2011,15-Aug,Presence,KK,,,1,,1,,,,,,,1,,,,,,,,,,,,,,,,,,,,,,,,,,,,,1,,,,,,,,,,,,,,,,,,,,1,,,,,,,,,,,,,,,,,,,,,,,,,,,,,,,,,,,,,,,,,,,,,,,,,,,,,,,,,,,,,,,,,,,,,,,,,,,1,,,,,,,,,1,1,,,,,,,,,,,,,,,,,,,,,,,,,,,,,,,,,,,2,2,0,0,5,10,0,,,,,,,
Ulvhaugen,2,10,TTI,7,10 TT1 7,,,9,2011,15-Aug,Presence,KK,,,1,,1,,,,,,,1,,,,,,,,,,,,,,,,,,,,,,,,,,,,,,,,,,,,,,,,,,,,,,,,,1,,,,,,,,,,,,,,,,,,,,,,,,,,,,,,,,,,,,,,,,,,,,,,,,,,,,,1,,,,,,,,,,,,,,,,,,,,,,1,,,,,,,,,1,,,,,,,,,,,,,,,,,,,,,,,,,,,,,,,,,,,,0,0,0,0,10,0,0,,,,,,,
Ulvhaugen,2,10,TTI,7,10 TT1 7,,,10,2011,15-Aug,Presence,KK,,,1,,,,,,,,,,,,,,,,"1,S",,,,,,,,,,,,,,,,,,,,,,,,,,,,,,,,,,,,,,,,,,1,,,,,,,,,,,,,,,,,,,,,,,,,,,,,,,,,,,,,,,,,,,,1,,,,,,,,,,,,,,,,,,,,,,,,,,,,,,,1,,,,,,,,,1,,,,,,,,,,,,,,,,,,,,,,,,,,,,,,,,,,,,0,0,0,0,15,0,0,,,,,,,
Ulvhaugen,2,10,TTI,7,10 TT1 7,,,11,2011,15-Aug,Presence,KK,,,1,,,,,,,1,,1,,,,,,,,,,,,1,,,,,,,,,,,,,,,,,,,,,,,,,,,,,,,,,,,,,1,,,,,,,,,,,,,,,,,,,,,,,,,,,,,,,,,,,,,,,,,,,,1,,,,,,,,,,,,,,,,,,,,1,,,,,,,,,,1,,,,,,,,,,1,,,,,,,,,,,,,,,,,,,,,,,1,,,,,,,,,,,,,2,0,0,0,20,0,0,,,,,,,
Ulvhaugen,2,10,TTI,7,10 TT1 7,,,12,2011,15-Aug,Presence,KK,,,1,,1,,,,,1,,1,,,,,,,,,,,,,,,,,,,,,,,,,,,,,,,,,,,,,,,,,,,,,,,,,1,,,,,,,,,,,,,,,,,,,,,,,,,,,,,,,,,,,,,,,,,,,,1,,,,,,,,,1,,,,,1,,,,,,1,,,,,,,,,,F,1,,,,,,,,,1,1,,,,,,,,,,,,,,,,,,,,,,1,,,,,,,,,,,,,5,0,0,0,5,2,0,,,,,,,
Ulvhaugen,2,10,TTI,7,10 TT1 7,,,13,2011,15-Aug,Presence,KK,,,1,,1,,,,,,,1,,,,,,,,,,,,,,,,,,,,,,,,,,,,,,,,,,,,,,,,,,,,,,,,,1,,,,,,,,,,,,,,,,,,,,,,,,,,,,,,,,,,,,,,,,,,,,,,,,,,,,,,,,,,1,,,,,,1,,,,,,,,,,1,1,,,,,,,,,1,1,,,,,,,,,,,,,,,,,,,,,,1,,,,,,,,,,,,,2,0,0,0,2,5,0,2,,,,,,
Ulvhaugen,2,10,TTI,7,10 TT1 7,,,14,2011,15-Aug,Presence,KK,,,1,,1,,,,,,,1,,,,,,,,,,,,,1,,,,,,,,,,,,,,,,,,,,,,,,,,,,,,,,,,,,1,,,,,,,,,,,,,,,,,,,,,,,,,,,,,,,,,,,,,,,,,,,,,,,,,,,,,1,,,,,,,,,,,F,,,,,,,,,,F,1,,,,,,,,,,,,,,,,,,,,,,,,,,,,,,,,,,,,,,,1,,,,,,8,0,0,0,10,0,0,,,,,,,
Ulvhaugen,2,10,TTI,7,10 TT1 7,,,15,2011,15-Aug,Presence,KK,,,1,,,,,,,,,1,,,,,,,,,,,,,1,,,,,,,,,,,,,,,,,,,,,,,,,,,,,,,,,,,,1,,,,,,,,,,,,,,,,,,,,,,,,,,,,,,,,,,,,,,,,,,,,,,,,,,,,,,,,,,,,,,,,1,,,,,,,,,,1,1,,,,,1,,,,1,,,,,,,,,,,,,,,,,,,,,,,1,,,,,,,,,,,,,4,0,0,0,25,0,0,,,,,,,
Ulvhaugen,2,10,TTI,7,10 TT1 7,,,16,2011,15-Aug,Presence,KK,,,1,,,1,,,,,,1,,,,,,,,,,,,,,,,,,,,,,,,,,,,,,,,,,,,,,,,,,,,,,,,,,,,,,,,,,F,,,,,,,,,,,,,,,,,,,,,,,,,,,,,,,,,,,1,,,,,,,,,,,,,,,,,,,,,,,,,,,,,,,,,,,,,,,,1,,,,,,,,,,,,,,,,,,,,,,,,,,,,,,,,,,,,10,0,0,0,10,2,0,,,,,,,
Ulvhaugen,2,10,TTI,7,10 TT1 7,,,17,2011,15-Aug,Presence,KK,,,1,,,,,,,,,1,,,,,,,,,,,,,,,,,,,,,,,,,,,,,,,,,,,,,,,,,,,,,,,,,1,,,,,,,,,1,,,,,,,,,,,,,,,,,,,,,,,,,,,,,,,,,,,1,,,,,,,,,,,,,,,,,,,,1,,,,,,,,,,1,,,,,,,,,,1,1,,,,,,,,,,,,,,,,,,,,,,,,,,,,,,,,,,,5,0,0,0,10,0,0,,,,,,,
Ulvhaugen,2,10,TTI,7,10 TT1 7,,,18,2011,15-Aug,Presence,KK,,,1,,,,,,,,,,,,,,,,1,,,,,,,,,,,,,,,,,,,1cf,,,,,,,,,,,,,,,,,,,,,,,1,,,,,,,,,,,,,,,,,,,,,,,,,,,,,,,,,,,,,,,,,,,,1,,,,,,,,,,,,,,1,,,,,,,,,,,,,,,,1,1,,,,,,,,,,1,,,,,,,,,,,,,,,,,,,,,,,,,,,,,,,,,,,20,0,0,0,5,0,0,,,,,,,
Ulvhaugen,2,10,TTI,7,10 TT1 7,,,19,2011,15-Aug,Presence,KK,,,1,,1,,,,,,,1,,,,,,,,,,,,,,,,,,,,,,,,,,,,,,,,,,,,,,,,,,,,,,,,,1,,,,,,,,,,,,,,,,,,,,,,,,,,,,,,,,,,,,,,,,,,,,,,,,,,,,,,,,,,,,,,,,,,,,,,,,,,F,1,,,,,,,,,1,,,,,,,,,,,,,,,,,,,,,,,,,,,,,,,,,,,,10,0,0,0,20,0,0,,,,,,,
Ulvhaugen,2,10,TTI,7,10 TT1 7,,,20,2011,15-Aug,Presence,KK,,,1,,1,,,,,,,1,,,,,,,"1,S",,,,,,,,,,,,,,,,,,,,,,,,,,,,,,,,,,,,,,,,,,,,,,,,,,,,,,,,,,,,,,,,,,,,,,,,,,,,,,,,,,,,,,,,,,,,,,,,,,,,,,,,,,1,,,,,,,,,,1,,,,,,1,,,,1,,,,,,,,,,,,,,,,,,,,,,,1,,,,,,,,,,,,,5,0,0,0,10,0,0,,,,,,,
Ulvhaugen,2,10,TTI,7,10 TT1 7,,,21,2011,15-Aug,Presence,KK,,,,,,1,,,,,,1,,,,,,,1,,,,,,,,,,,,,,,,,,,,,,,,,,,,,,1,,,,,,,,,,,,1,,,,,,,,,,,,,,,,,,,,,,,,,,,,,,,,,,,,,,,,,,,,1,,,,,,,,,1,,,,,,,,,,,,,,,,,,,,,F,1,,,,,,,,,1,1,,,,,,,,,,,,,,,,,,,,,,,,,,,,,,,,,,,20,0,0,0,8,2,0,,,,,,,
Ulvhaugen,2,10,TTI,7,10 TT1 7,,,22,2011,15-Aug,Presence,KK,,,,,1,,,,,,,1,,,,,,,1,,,,,,,,,,,,,,,,,,,,,,,,,,,,,,1,,,,,,,,,,,,1,,,,,,,,,,,,,,,,,,,,,,,,,,,,,,,,,,,,,,,,,,,,1,,,,,,,,,,,,,,,,,,,,,,,,,,,,,,,1,,,,,,,,,,1,,,,,,,,,,,,,,,,,,,,,,,,,,,,,,,,,,,5,15,0,0,5,5,0,,,,,2,,
Ulvhaugen,2,10,TTI,7,10 TT1 7,,,23,2011,15-Aug,Presence,KK,,,1,,,,,,,,,,,,,,,,1,,,,,,,1,,,,,,,,,,,,,,,,,,,,,,,1,,,,,,,,,,,,1,,,,,,,,,,,,,,,,,,,,,,,,,,,,,,,,,,,,,,,,,,,,,,,,,,,,,,,,,,,,,,,,,,,,,,,,,,,1,,,,,,,,,,1,,,,,,,,,1,,,,,,,,,,,,,,,,,,,,,,,,,,15,5,0,0,5,0,0,,,,,5,,
Ulvhaugen,2,10,TTI,7,10 TT1 7,,,24,2011,15-Aug,Presence,KK,,,1,,,,,,,,,1,,,,,,,1,,,,,,1,1,,,,,,,,,,,,,,,,,,,,,,,,,,,,,,,,,,,,,,,,,,,,,,,,,,,,,,,,,,,,,,,,,,,,,,,,,,,,,,,,,,,,,,,,,,,,,,,,,,,,,,,,,,,,,"1,F",1,,,,,,,,,,,,,,,,,,,,,,,,,,,,,,,,1,,,,,,,1,,,,,,2,0,0,0,20,10,0,,,,,3,,
Ulvhaugen,2,10,TTI,7,10 TT1 7,,,25,2011,15-Aug,Presence,KK,,,1,,,,,,,,,,,,,,,,"1,J",,,,,,,,,,,,,,,,,,,,,,,,,,,,,,,,,,,,,,,,,,,,,,,,,,,,,,,,,,,,,,,,,,,,,,,,,,,,,,,,,,,,,,,,,,,,,,,,,,,,,,,,,,1,,,,,,,,,,,1,,,,,,,,,1,1,,,,,,,,,,,,,,,,,,,,,,1,,,,,,,,,,,,,15,0,0,0,2,2,0,1,,,,2,,
Ulvhaugen,2,10,TTI,7,10 TT1 7,,,%,2011,15-Aug,Cover,KK,,,18,,15,2,,,,3,,10,,,,,,,6,,,,,4,5,3,,,,,,,,,,,,3,,,2,,1,,,,,,4,,,,1,,,,,,,,8,,,,,,,,,1,,,,,,,,,,,,,,,,,,,,,2,,,,,,,,,,,,,,5,,,,,,,,,3,,,,,2,,,,,,5,,,,,,,,,,9,9,,,,,4,,,,12,8,,,,,,,,,2,,,,,,,,,,,,,4,,,,,,,2,,,,,,6.76,1.04,0,0.48,8.52,2.4,0,,80,20,0.5,3,1,
,,,,,,,,,,,,,,,,,,,,,,,,,,,,,,,,,,,,,,,,,,,,,,,,,,,,,,,,,,,,,,,,,,,,,,,,,,,,,,,,,,,,,,,,,,,,,,,,,,,,,,,,,,,,,,,,,,,,,,,,,,,,,,,,,,,,,,,,,,,,,,,,,,,,,,,,,,,,,,,,,,,,,,,,,,,,,,,,,,,,,,,,,,,,,,,,,,,,,,,,,,,,,,
Ulvhaugen,2,6,TTC,6,6 TTC,,TTC,1,2011,15-Aug,Presence,KK,,,1,,1,,,,,1,,,,,,,,,,,,,,,,,,,,,,,,,,,,,,,,,,,,,,,,,,,,,,,,,,,1,,,,,,,,,,,,,,,,,,,,,,,,,,,,,,,,,,,,,,,,,,,,,,,,,,,,,,,,,,,,,,,,1,,,,,,,,,,,1,,,,,,,,,1,1,,,,,,,,,1,,,,,,,,,,,,,1,,,,,,,,,,,,,5,10,0,0,10,0,0,,,,,,,
Ulvhaugen,2,6,TTC,6,6 TTC,,TTC,2,2011,15-Aug,Presence,KK,,,1,,1,,,,1,,,1,,,,,,,,,,,,,,,,,,,1cf,,,,,,,,,,,,,,,,,,,,,,,,,,,,,,1,,,,,,,,,,,,,,,,,,,,,,,,,,,,,,,,,,,,,,,,,,,,,,,,,,,,,,,,,,,,,,,,1,,,,,,,,,,,1,,,,,,,,,,1,,,,,,,,,,,,,,,,,,,,,,,,,,,,,,,,,,,10,2,0,0,15,0,0,2,,,,,,
Ulvhaugen,2,6,TTC,6,6 TTC,,TTC,3,2011,15-Aug,Presence,KK,,,1,,1,,,,1,1,,,,,,,,,1,,,,,,,,,,,,,,,,,,,,,,,,,,,,,,,,,,,,,,,,,,,,,,,,,,,,,,,,,,,,,,,,,,,,,,,,,,,,,,,,,,,,,,,,,,,,,,,,,,,,S,,,,,,,,,,,,,,,,,1,,,,,,,,,1,1,,,,,,,,,,,,,,,,,,,,,,,,,,,,,1,,,,,,2,2,0,0,20,2,0,1,,,,,,
Ulvhaugen,2,6,TTC,6,6 TTC,,TTC,4,2011,15-Aug,Presence,KK,,,,,1,,,,1,,,,,,,,,,,,,,,,,,,,,,,,,,,,,,,,,,,,,,,,1,,,,,,,,,,,,1,,,,,,,,,,,,,,,,,,,,,,,,,,,,,,,,,,,,,,,,,,,,,,,,,,,,,1,,,,,,,,,,,,,,,,,,,,,,1,,,,,,,,,1,,,,,,,,,,,,,,,,,,,,,,,,,,,,,,,,,,,,15,0,0,0,2,2,0,,,,,,,
Ulvhaugen,2,6,TTC,6,6 TTC,,TTC,5,2011,15-Aug,Presence,KK,,,,,,1,,,1,,,,,,,,,,,,,,,,,,,,,,,,,,,,,,,,,,,,,,,,1,,,,,,,,,,,,1,,,,,,,,,,,,,,,,,,,,,,,,,,,,,,,,,,,,,,,,,,,,1,,,,,,,,,,,,,,,,,,,,,,,,,,,,,,,1,,,,,1,,,,1,,,,,,,,,,,,,,,,,,,,,,,Scf,,,,,,,,,,,,,0,2,0,0,10,0,0,,,,,,,
Ulvhaugen,2,6,TTC,6,6 TTC,,TTC,6,2011,15-Aug,Presence,KK,,,1,,1,,,,,,,,,,,,,,,,,,,,,,,,,,,,,,,,,,,,,,,,,,,,,,,,,,,,,,,,1,,,,,,,,,,,,,,,,,,,,,,,,,,,,,,,,,,,,,,,,,,,,,,,,,,,,,,,,,,,,,,,,,,,,,,,,,,1,1,,,,,1,,,,,1,,,,,,,,,,,,,,,,,,,,,,,,,,,,,,,,,,,20,5,0,0,5,0,0,,,,,,,
Ulvhaugen,2,6,TTC,6,6 TTC,,TTC,7,2011,15-Aug,Presence,KK,,,1,,1,,,,,,,1,,,,,,,,,,,,,,,,,,,1cf,,,,,,,,,,,,,,,,,,,,,,,,,,,,,,1,,,,,,,,,,,,,,,,,,,,,,,,,,,,,,,,,,,,,,,,,,,,,,,,,,,,,,,,,,,,,,,,,,,,,,,,,,,1,,,,,1,,,,1,1,,,,,,,,,,,,,,,,,,,,,,,,,,,,,,,,,,,2,2,0,2,10,0,0,4,,,,,,
Ulvhaugen,2,6,TTC,6,6 TTC,,TTC,8,2011,15-Aug,Presence,KK,,,1,,1,,,,,,,,,,,,,,"1,S",,,,,,,,,,,,1,,,,,,,,,,,,,,,,,,,,,,,,,,,,,,1,,,,,,,,,,,,,,,,,,,,,,,,,,,,,,,,,,,,,,,,,,,,,,,,,,,,,1,,,,,,,,,,,,,,,,,,,,,,1,,,,,,,,,1,,,,,,,,,,,,,,,,,,,,,,,,,,,,,,,,,,,,5,2,0,0,15,0,0,,,,,,,
Ulvhaugen,2,6,TTC,6,6 TTC,,TTC,9,2011,15-Aug,Presence,KK,,,1,,"1,S",,,,1,,,,,,,,,,S,,,,,,,,,,,,,,,,,,,,,,,,,,,,,,V,,,,,,,,,,,,1,,,,,,,,,,,,,,,,,,,,,,,,,,,,,,,,,,,,,,,,,,,,,,,,,,,,,1,,,,,,,,,,,,,,,,,,,,,,1,,,,,,,,,,,,,,,,,,,,,,,,,,,,,,,,,,,,,,,,,,,,,0,0,0,0,5,10,0,2,,,,,,
Ulvhaugen,2,6,TTC,6,6 TTC,,TTC,10,2011,15-Aug,Presence,KK,,,1,,1,1,,,1,,,,,,,,,,,,,,,,,,,,,,,,,,,,,,,,,,,,,,,,1,,,,,,,,,,,,,,,,,,,,,,,,,,,,,,,,,,,,,,,,,,,,,,,,,,,,,,,,,,,,,,,,,,,,,,,,,,,,,,,,,,,,,,,1,,,,,,,,,1,,,,,,,,,,,1,,,,,,,,,,,,,,,,,,,,,,,,,0,2,0,0,15,2,0,,,,,,,
Ulvhaugen,2,6,TTC,6,6 TTC,,TTC,11,2011,15-Aug,Presence,KK,,,1,,1,,,,,,,,,,,,,,1,,,,,,,,,,,,,,,,,,,,,,,,,,,,,,1,,,,,,,,,,,,1,,,,,,,,,,,,,,,,,,,,,,,,,,,,,,,,,,,,,,,,,,,,,,,,,,,,,,,,,,,,,,,,1,,,,,,,,,,,,,,,,1,,,,1,,,,,,,,,,,,,,,,,,,,,,,,,,,,,,,,,,,,15,2,0,5,10,0,0,,,,,,,
Ulvhaugen,2,6,TTC,6,6 TTC,,TTC,12,2011,15-Aug,Presence,KK,,,1,,1,,,,,,,1,,,,,,,,,,,,,,,,,,,,,,,,,,,,,,,,,,,,,1,,,,,,,,,,,,1,,,,,,,,,,,,,,,,,,,,,,,,,,,,,,,,,,,,,,,,,,,,,,,,,,,,,1,,,,,,,,,,,,,,,,,,,,,,,,,,,,,,,1,,,,,,,,,,,,,,,,,,,,,,,,,,,,,,1,,,,,,15,0,0,0,5,0,0,,,,,,,
Ulvhaugen,2,6,TTC,6,6 TTC,,TTC,13,2011,15-Aug,Presence,KK,,,1,,,,,,1,,,1,,,,,,,"Sx2,1",,,,,,,,,,,,1cf,,,,,,,,,,,,,,,,,,,,,,,,,,,,,,1,,,,,,,,,,,,,,,,,,,,,,,,,,,,,,,,,,,,,,,,,,,,,,,,,,,,,1,,,,,,,,,,,1,,,,,,,,,,,1,,,,,,,,,1,,,,,,,,,,,1,,,,,,,,,,,,1,,,,,,,,,,,,,10,0,0,0,10,0,0,,,,,,,
Ulvhaugen,2,6,TTC,6,6 TTC,,TTC,14,2011,15-Aug,Presence,KK,,,1,,,1,,,1,,,,,,,,,,"Sx2,1",,,,,,,,,,,,,,,,,,,,,,,,,,,,,,,,,,,,,,,,,,1,,,,,,,,,,,,,,,,,,,,,,,,,,,,,,,,,,,,,,,,,,,,,,,,,,,,,,,,,,,,,,,,,,,,,,,,,,1,,,,,,,,,,1,,,,,,,,,,,1,,,,,,,,,,,,,,,,,,,,,,,,,2,4,0,0,5,15,0,1,,,,,,
Ulvhaugen,2,6,TTC,6,6 TTC,,TTC,15,2011,15-Aug,Presence,KK,,,1,,,S,,,1,,,,,,,,,,S,,,VF,,,,,,,,,,,,,,,,,,,,,,,,,,,,,,,,,,,,,,,1,,,,,,,,,,,,,,,,,,,,,,,,,,1,,,,,,,,,,,,,,,,,,,,,,,,,,,,,,,,,,,,,,,,,,,,,,,,,1,,,,,,,,,,S,,,,,,,,,,,,,,,,,,,,,,,,,,,,,,,,,,,4,0,0,0,2,60,0,1,,,,,,
Ulvhaugen,2,6,TTC,6,6 TTC,,TTC,16,2011,15-Aug,Presence,KK,,,1,,1,,,,,,,,,,,,,,1,,,,,1,,,,,,,,,,,,,,,,,,,,,,,,,,,,,,,,,,,,,1,,,,,,,,,,,,,,,,,,,,,,,,,,,,,,,,,,,,,,,,,,,,,,,,,,,,,1,,,,,,,,,,,,,,,,,,,,,,1,,,,,,,,,1,1,,,,,,,,,,,,,,,,,,,,,,1,,,,,,,1,,,,,,5,2,0,0,15,0,0,1,,,,,,
Ulvhaugen,2,6,TTC,6,6 TTC,,TTC,17,2011,15-Aug,Presence,KK,,,1,,F,,,,,,,1,,,,,,,"1,J",,,,,1,,,,,,,,,,,,,,,,,,,,,,,,,,,,,,,,,,,,,1,,,,,,,,,,,,,,,,,,,,,,,,,,,,,,,,,,,,,,,,,,,,,,,,,,,,,,,,,,,,,,,,,,,,,,,,,,,,,,,,,,,,1,,,,,,,,,,,1,,,,,,,,,,,,1,,,,,,,,,,,,,25,2,0,0,5,0,0,,,,,,,
Ulvhaugen,2,6,TTC,6,6 TTC,,TTC,18,2011,15-Aug,Presence,KK,,,F,,,,,,,,,1,,,,,,,1,,,,,1,,,,,,,,,,,,,,,,,,,,,,,,,,,,,,,,,,,,,1,,,,,,,,,,,,,,,,,,,,,,,,,,,,,,,,,,,,,,,,,,,,1,,,,,,,,,1,,,,,,,,,,,1,,,,,,,,,,,1,,,,,,,,,1,,,,,,,,,,,1,,,,,,,,,,,,1,,,,,,,1,,,,,,2,2,0,0,15,5,0,,,,,,,
Ulvhaugen,2,6,TTC,6,6 TTC,,TTC,19,2011,15-Aug,Presence,KK,,,1,,1,1,,,1,1,,,,,,,,,1,,,,,,,,,,,,,,,,,,,,,,,,,,,,,,,,,,,,,,,,,,1,,,,,,,,,,,,,,,,,,,,,,,,,,,,,,1,,,,,,,,,,,,,,,,,,,,,,,1,,,,,,,,,,,,,,,,,,,,,,1,,,,,,,,,1,,,,,,,,,,,,,,,,,,,,,,,,,,,,,,,,,,,,10,2,0,0,15,0,0,,,,,,,
Ulvhaugen,2,6,TTC,6,6 TTC,,TTC,20,2011,15-Aug,Presence,KK,,,1,,1,1,,,1,1,,,,,,,,,,,,,,,,,,,,,,,,,,,,,,,,,,,,,,,V,,,,,,,,,,,,1,,,,,,,,,,,,,,,,,,,,,,,,,,,,,,,,,,,,,,,,,,,,,,,,,,,,,,,,,,1,,,,,,,,,,,,,,,,,1,,,,,,,,,1,,,,,,,,,,,,,,,,,,,,,,,,,,,,,,,,,,,,2,0,0,0,20,2,0,,,,,,,
Ulvhaugen,2,6,TTC,6,6 TTC,,TTC,21,2011,15-Aug,Presence,KK,,,1,,,,,,,,,,,,,,,,,,,,,,,,,,,,,,,,,,,,,,,,,,,,,,,,,,,,,,,,,,1,,,,,,,,,,,,,,,,,,,,,,,,,,,,,,,,,,,,,,,,,,,,1,,,,,,,,,,,,,,,,,,,,,,,,,,,,,,1,1,,,,,,,,,1,,,,,,,,,,,,,,,,,,,,,,,,,,,,,,,,,,,,25,5,0,0,5,0,0,,,,,,,
Ulvhaugen,2,6,TTC,6,6 TTC,,TTC,22,2011,15-Aug,Presence,KK,,,1,,,,,,,,,,,,,,,,1,,,,,1,,,,,,,,,,,,,,,,,,,,,,,,,,,,,,,,,,,,,1,,,,,,,,,,,,,,,,,,,,,,,,,,,,,,,,,,,,,,,,,,,,,,,,,,,,,,,,,,,,,,,,,,,,,,,,,,1,1,,,,,,,,,1,,,,,,,,,,,,,,,,,,,,,,,,,,,,,,,,,,,,5,5,0,20,0,0,0,,,,,4,,
Ulvhaugen,2,6,TTC,6,6 TTC,,TTC,23,2011,15-Aug,Presence,KK,,,1,,,,,,,,,,,,,,,,1,,,,,,,,,,,,,,,,,,,,,,,,,,,,,,1,,,,,,,,,,,,1,,,,,,,,,,,,,,,,,,,,,,,,,,,,,,,,,,,,,,,,,,,,,,,,,,,,,,,,,,,,,,,,,,,,,,,,,,,1,,,,,,,,,1,,,,,,,,,,,1,,,,,,,,,,,,,,,,,,,,,,,,,5,0,0,0,10,5,0,,,,,3,,
Ulvhaugen,2,6,TTC,6,6 TTC,,TTC,24,2011,15-Aug,Presence,KK,,,F,,1,,,,,,,,,,,,,,"Jx2,Sx2,1",,,,,,1cf,,,,,,,,,,,,,,,,,,,,,,,,1,,,,,,,,,,,,1,,,,,,,,,,,,,,,,,,,,,,,,,,,,,,,,,,,,,,,,,,,,,,,,,,,,,,,,,,,,,,,,,,,,,,,,,,,1,,,,,,,,,1,,,,,,,,,,,,,,,,,,,,,,,,,,,,,,,,,,,,15,0,0,0,20,0,0,,,,,4,,
Ulvhaugen,2,6,TTC,6,6 TTC,,TTC,25,2011,15-Aug,Presence,KK,,,1,,,,,,,,,,,,,,,,F,,,,,,,,,,,,,,,,,,,,,,,,,,,,,,,,,,,,,,,,,,1,,,,,,,,,,,,,,,,,,,,,,,,,,,,,,,,,,,,,,,1,,,,,,,,,,,,,,,,,,,,,,,,,,,,,,,,,,,,1,,,,,,,,,1,,,,,,,,,,,,,,,,,,,,,,,,,,,,,,,,,,,,0,2,0,5,20,0,0,,,,,3,,
Ulvhaugen,2,6,TTC,6,6 TTC,,TTC,%,2011,15-Aug,Cover,KK,,,20,,25,6,,,4,2,,5,,,,,,,4,,,2,,6,1,,,,,,2,,,,,,,,,,,,,,,,,,12,,,,,,,,,,,,5,,,,,,,,,,,,,,,,,,,,,,,,,,1,,,,2,,,,,,,,,2,,,,,4,,,,,,,,,6,,,,,3,,,,,,4,,,,,,,,,,2,7,,,,,6,,,,8,4,,,,,,,,,1,4,,,,,,,,,,,,3,,,,,,,2,,,,,,7.96,2.12,0,1.28,10.56,4.12,0,,85,15,5,3.5,1,Car cap/nor!
,,,,,,,,,,,,,,,,,,,,,,,,,,,,,,,,,,,,,,,,,,,,,,,,,,,,,,,,,,,,,,,,,,,,,,,,,,,,,,,,,,,,,,,,,,,,,,,,,,,,,,,,,,,,,,,,,,,,,,,,,,,,,,,,,,,,,,,,,,,,,,,,,,,,,,,,,,,,,,,,,,,,,,,,,,,,,,,,,,,,,,,,,,,,,,,,,,,,,,,,,,,,,,
Ulvhaugen,3,13,TTI,14,13 TT1 14,,,1,2011,15-Aug,Presence,Siri,,,1,,,,,,,1,,1,,,,,,,1,,,,,,,,,,,,,,,,,,,,,,,,,,,,,,1,,,,,,,,,,,,1,,,,,,,,,,,,,,,,,,,,,,,,,,,,,,,,,,,,,,,,,,,,F,,,,,,,,,,,,,,,,,,,,,,,,,,,,,,,,,,,,,,,,,,,,,,,,,,,,,,,,,,,,,,,,,,,,,,1,,,,,,1,1,0,0,10,0,0,,,,,,,
Ulvhaugen,3,13,TTI,14,13 TT1 14,,,2,2011,15-Aug,Presence,Siri,,,,,,,,,,,,1,,,,,,,1,,,,,,,,,,,,,,,,,,,,,,,,,,,,,,1,,,,,,,,,,,,1,,,,,,,,,,,,,,,,,,,,,,,,,,,,,,,,,,,,,,,,,,,,1,,,,,,,,,,,,,,,,,,,,,,,,,,,,,F,,,,,,,,,,,,1,,,,,,,,,,,,,,,,,,,,,,,,,,,,,,,,,,,5,1,0,0,15,0,0,,,,,,,
Ulvhaugen,3,13,TTI,14,13 TT1 14,,,3,2011,15-Aug,Presence,Siri,,,F,,1,,,,,,,,,,,,,,1,,,,,,,,,,,,,,,,,,,1,,,,,,,,,,,,,,,,,,,,,,,1,,,,,,,,,,,,,,,,,,,,,,,,,,,,,,,,,,,,,,,,,,,,F,,,,,,,,,,,,,,,,,,,,,,,,,,,,,,,,,,,,,,,,,1,,,,,,,,,,,,,,,,,,,,,,,,,,,,,,,,,,,5,10,0,0,10,0,0,,,,,,,
Ulvhaugen,3,13,TTI,14,13 TT1 14,,,4,2011,15-Aug,Presence,Siri,,,F,,1,,,,,,,1,,,,,,,1,,,,,,,,,,,,,,,,,,,,,,,,,,,,,,,,,,,,,,,,,,1,,,,,,,,,,,,,,,,,,,,,,,,,,,,,,,,,,,,,,,,,,,,,,,,,,,,,F,,,,,,,,,,,,,,,,,,,,1,,,,,,,,,,,,1,,,,,,,,,,1,,,,,,,,,,,,,,,,,,,,,,,,,1,1,0,0,10,0,0,,,,,,,
Ulvhaugen,3,13,TTI,14,13 TT1 14,,,5,2011,15-Aug,Presence,Siri,,,1,,,,,,,,,,,,,,,,1,,,,,,,,,,,,,,,,,,,,,,,,,,,,,,,,,,,,,,,,,,1,,,,,,,,,,,,,,,,,,,,,,,,,,,,,,,,,,,,,,,,,,,,,,,,,,,,,1,,,,,,,,,,,,,,,,,,,,,,,,,,,,,,,,1,,,,,,,,,,1,,,,,,,,,,,,1,,,,,,,,,,,,,5,5,0,0,10,0,0,,,,,,,
Ulvhaugen,3,13,TTI,14,13 TT1 14,,,6,2011,15-Aug,Presence,Siri,,,1,,1,,,,,1,,,,,,,,,,,,,,,,,,,,,,,,,,,,,,,,,,,,,,,1,,,,,,,,,,,,1,,,,,,,,,,,,,,,,,,,,,,,,,,,,,,,,,,,,,,,,,,,,,,,,,,,,,,,,,,,,,,,,,,,,,,,,,,,,,,,,,,,,,,,,,,,,,,,1,,,,,,,,,,,,,,,,,,,,,,,,,1,1,0,0,20,0,0,,,,,,,
Ulvhaugen,3,13,TTI,14,13 TT1 14,,,7,2011,15-Aug,Presence,Siri,,,F,,1,,,,,1,,1,,,,,,,,,,,,,,,,,,,,,,,,,,,,,,,,,,,,,,,,,,,,,,,,,1,,,,,,,,,,,,,,,,,,,,,,,,,,,,,,,,,,,,,,,,,,,,,,,,,,,,,,,,,,,,,,,,,,,,,,,,,,,,,,,,,,,,,1,,,,,,,,,,1,,,,,,,,,,,,,,,,,,,,,,,,,1,0,0,0,20,0,0,,,,,,,
Ulvhaugen,3,13,TTI,14,13 TT1 14,,,8,2011,15-Aug,Presence,Siri,,,1,,1,,,,,1,,,,,,,,,,,,,,,1,,,,,,,,,,,,,,,,,,,,,,,,,,,,,,,,,,,,1,,,,,,,,,,,,,,,,,,,,,,,,,,,,,,,,,,,,,,,,,,,,,,,,,,,,,F,,,,,,,,,,,,,,,,,,,,,,,,,,,,,,,,1,,,,,,,,,,,,,,,,,,,,,,,,,,,,,,,,,,,1,1,0,1,10,0,0,,,,,,,
Ulvhaugen,3,13,TTI,14,13 TT1 14,,,9,2011,15-Aug,Presence,Siri,,,F,,1,,,,,,,1,,,,,,,,,,,,,,,,,,,,,,,,,,,,,,,,,,,,,,,,,,,,,,,,,1,,,,,,,,,,,,,,,,,,,,,,,,,,,,,,,,,,,,,,,,,,,,,,,,,,,,,1,,,,,,,,,,,,,,,,,,,,,,1,,,,,,,,,,,,,,,,,,,,,,,,,,,,,,,,,,,,,,,,,,,,,0,5,0,5,50,0,0,,,,,,,
Ulvhaugen,3,13,TTI,14,13 TT1 14,,,10,2011,15-Aug,Presence,Siri,,,1,,,,,,,,,,,,,,,,,,,,,,1,,,,,,,,,,,,,,,,,,,,,,,,,,,,,,,,,,,,1,,,,,,,,,,,,,,,,,,,,,,,,,,,,,,,,,,,,,,,,,,,,,,,,,,,,,1,,,,,,,,,,,,,,,,,,,,1,,,,,,,,,,,,,,,,,,,,,,1,,,,,,,,,,,,,,,,,,,,,,,,,1,1,0,0,15,0,0,,,,,,,
Ulvhaugen,3,13,TTI,14,13 TT1 14,,,11,2011,15-Aug,Presence,Siri,,,1,,1,,,,,1,,,,,,,,,F,,,,,,,,,,,,,,,,,,,,,,,,,,,,,,,,,,,,,,,,,,1,,,,,,,,,,,,,,,,,,,,,,,,,,,,,,,,,,,,,,,,,,,,,,,,,,,,,1,,,,,,,,,,,1,,,,,,,,,,,,,,,,,,,,,1,,,,,,,,,,1,,,,,,,,,,,,1,,,,,,,,,,,,,1,5,0,0,10,0,0,,,,,,,
Ulvhaugen,3,13,TTI,14,13 TT1 14,,,12,2011,15-Aug,Presence,Siri,,,1,,1,,,,,F,,,,,,,,,1,,,,,,,,,,,,,,,,,,,1,,,,,,,,,,,,,,,,,,,,,,,1,,,,,,,,,,,,,,,,,,,,,,,,,,,,,,,,,,,,,,,,,,,,1,,,,,,,,,1,,,,,,,,,,,,,,,,,,,,,,,,,,,1,,,,,,,,,,,,,,,,,,,,,,,,,,,1,,,,,,,1,,,,,,5,10,0,0,5,0,0,,,,,,,
Ulvhaugen,3,13,TTI,14,13 TT1 14,,,13,2011,15-Aug,Presence,Siri,,,1,,1,,,,,1,,,,,,,,,,,,1,,,1,,,,,,,,,,,,,,,,,,,,,,,,,,,,,,,,,,,,,,,,,,,,,,,,,,,,,,,,,,,,,,,,,,,,,,,,,,,,,,,,1,,,,,,,,,1,,,,,,,,,,,,,,,,,,,,,,,,,,,1,,,,,,,,,,,,,,,,,,,,,,,,,,,,,,,,,,1,,,,,,5,1,0,5,20,0,0,,,,,,,
Ulvhaugen,3,13,TTI,14,13 TT1 14,,,14,2011,15-Aug,Presence,Siri,,,F,,1,,,,,1,,1,,,,,,,1,,,1,,,,,,,,,,,,,,,,,,,,,,,,,,,,,,,,,,,,,,,1,,,,,,,,,,,,,,,,,,,,,,,,,,,,,,,,,,,,,,,,,,,,,,,,,,,,,,,,,,,,,,,,,,,,,,,,,1,,1,,,,,,,,,,,,,,,,,,,,,,,,,,,,,,,,,,,,,,,,,,,,,1,0,0,0,20,0,0,,,,,,,
Ulvhaugen,3,13,TTI,14,13 TT1 14,,,15,2011,15-Aug,Presence,Siri,,,F,,1,,,,,,,,,,,,,,1,,,,,,F,,,,,,,,,,,,,,,,,,,,,,,,,,,,,,,,,,,,1,,,,,,,,,,,,,,,,,,,,,,,,,,,,,,,,,,,,,,,,,,,,,,,,,,,,,,,,,,,,,,,,,,,,,,,,,,,,,,,,,,,,,,,,,,,,,,,,,,,,,,,,,,,,,,,,,,,,,,,,1,0,0,0,30,0,0,,,,,,,
Ulvhaugen,3,13,TTI,14,13 TT1 14,,,16,2011,15-Aug,Presence,Siri,,,1,,F,,,,,1,,,,,,,,,,1,,,,,,,,,,,,,,,,,,,,,,,,,,,,,,,,,,,,,,,,,1,,,,,,,,,,,,,,,,,,,,,,,,,,,,,,,,,,,,,,,,,,,,,,,,,,,,,,,,,,,,,,,,,,,,,,,,,F,,,,,,,,,,,,,,,,,,,,,,,,,,,,,,,,,,,,,,,,,,,,,,,1,10,0,0,30,0,0,,,,,,,
Ulvhaugen,3,13,TTI,14,13 TT1 14,,,17,2011,15-Aug,Presence,Siri,,,1,,1,,,,,1,,,,,,,,,1,,,,,,,,,,,,,,,,,,,,,,,,,,,,,,,,,,,,,,,,,,1,,,,,,,,,,,,,,,,,,,,,,,,,,,,,,,,,,,,,,,,,,,,,,,,,,,,,,,,,,,,,,,,,,,,,,,,,1,,,,,,,,,,,,,,,,,,,,,,1,,,,,,,,,,,,,,,,,,,,,,,,,5,5,0,0,10,0,0,,,,,,,
Ulvhaugen,3,13,TTI,14,13 TT1 14,,,18,2011,15-Aug,Presence,Siri,,,F,,,,,,,,,,,,,,,,1,,,,,,,,,,,,,,,,,,,,,,,,,,,,,,,,,,,,,,,,,,,,,,,,,,,,,,,,,,,,,,,,,,,,,,,,,,,,,,,,,,,,,,1,,,,,,,,,F,,,,,,,,,,,1,,,,,,,,,1,,1,,,,,1,,,,,,,,,,,,,,,1,,,,,,,,,,,,1,,,,,,,1,,,,,,5,10,0,0,20,0,0,,,,,,,
Ulvhaugen,3,13,TTI,14,13 TT1 14,,,19,2011,15-Aug,Presence,Siri,,,F,,,,,,,,,1,,,,,,,1,,,1,,,,,,,,,,,,,,,,,,,,,,,,,,,,,,,,,,,,,,,,,,,,,,,,,,,,,,,,,,,,,,,,,,,,,,,,,,,,,,,,,,,1,,,,,,,,,1,,,,,S,,,,,,,,,,,,,,,,,1,,,,,,,,,,,,,,,,,,,,,,,,,,,,,,,,,,,,,,,,,,,,,10,1,0,0,30,0,0,1,,,,,,
Ulvhaugen,3,13,TTI,14,13 TT1 14,,,20,2011,15-Aug,Presence,Siri,,,1,,,,,,,,,,,,,,,,1,,,,,,,,,,,,,,,,,,,,,,,,,,,,,,,,,,,,,,,,,,1,,,,,,,,,,,,,,,,,,,,,,,,,,,,,,,,,,,,,,,,,,,,,,,,,,,,,,,,,,SX3,,,,,,,,,,,,,,,,,1,,,,,,,,,,,,,,,,,,,,,,,,,,,,,,,,,,,,,,,,,,,,,5,5,0,0,50,0,0,3,,,,,,
Ulvhaugen,3,13,TTI,14,13 TT1 14,,,21,2011,15-Aug,Presence,Siri,,,F,,1,,,,,,,1,,,,,,,,,,,,,,,,,,,,,,,,,,,,,,,,,,,,,,,,,,,,,,,,F,,,,,,,,,,,,,,,,,,,,,,,,,,,,,,,,,,,,,,,,,,,,,,,,,,,,,,,,,,,,,,,,,,,,,,,,,,,,1,,,,,,,,,,1,,,,,,,,,,,,,,,,,,,,,,,,,,,,,,,,,,,0,25,0,0,15,0,0,,,,,,,
Ulvhaugen,3,13,TTI,14,13 TT1 14,,,22,2011,15-Aug,Presence,Siri,,,1,,1,,,,,1,,,,,,,,,,,,,,,1,,,,,,,,,,,,,,,,,,,,,,,,,,,,,,,,,,,,,,,,,,,,,,,,,,,,,,,,,,,,,,,,,,,,,,,,,,,,,,,,,,,,,,,,,,,,,,,,,,,,,,,,,,,,,1,,,,,,,,,,,,,,,,,,,,,,1,,,,,,,,,,,,,,,,,,,,,,,,,0,5,0,1,10,0,0,,,,,17,,
Ulvhaugen,3,13,TTI,14,13 TT1 14,,,23,2011,15-Aug,Presence,Siri,,,F,,1,,,,,,,,,,,,,,1,,,,,,,,,,,,,,,,,,,,,,,,,,,,,,,,,,,,,,,,,,1,,,,,,,,,,,,,,,,,,,,,,,,,,,,,,,,,,,,,,,,,,,,,,,,,,,,,1,,,,,,,,,,,,,,,,,,,,,,1,,,,,,,,,,,,,,,,,,,,1,,,,,,,,,,,,,,,,,,,,,,,,,5,5,0,0,20,0,0,,,,,7,,
Ulvhaugen,3,13,TTI,14,13 TT1 14,,,24,2011,15-Aug,Presence,Siri,,,F,,,,,,,,,,,,,,,,1,,,,,,1,,,,,,,,,,,,,,,,,,,,,,,,,,,,,,,,,,,,,,,,,,,,,,,,,,,,,,,,,,,,,,,,,,,,,,,,,,,,,,,,,,,,,,,,,1,,,,,,,,,,,1,,,,,,,,,,,1,,,,,,,,,,,,,,,,,,,,,,,,,,,,,,,,,,,,,,,,,,,,,5,5,0,0,15,0,0,,,,,15,,
Ulvhaugen,3,13,TTI,14,13 TT1 14,,,25,2011,15-Aug,Presence,Siri,,,F,,,,,,,1,,,,,,,,,1,,,,,,1,,,,,,,,,,,,,,,,,,,,,,,,1,,,,,,,,,,,,,,,,,,,,,F,,,,,,,,,,,,,,,,,,,,,,,,,,,,,,,,,,,,,,,,,,,,,,,,,SX2,,,,,,,,,,,,,,,,,1,,,,,,,,,,,,,,,,,,,,,,,,,,,,,,,,,,,,,,,1,,,,,,1,1,0,1,10,0,0,2,,,,7,,
Ulvhaugen,3,13,TTI,14,13 TT1 14,,,%,2011,15-Aug,Cover,Siri,,,15,,20,,,,,8,,1,,,,,,,1,1,,1,,,3,,,,,,,,,,,,,2,,,,,,,,,,,2,,,,,,,,,,,1,3,,,,,,,,,1,,,,,,,,,,,,,,,,,,,,,,,,,,,,,,,,,,,2,,,,,,,,,3,,,,,1,,,,,,1,,,,,,,,,1,,1,,,,,2,,,,,3,,,,,,,,,,1,,,,,,,,,,,,1,,,,,,,1,,,,,,2.84,4.56,0,0.52,18.6,0,0,,85,15,1,11.5,0.5,
,,,,,,,,,,,,,,,,,,,,,,,,,,,,,,,,,,,,,,,,,,,,,,,,,,,,,,,,,,,,,,,,,,,,,,,,,,,,,,,,,,,,,,,,,,,,,,,,,,,,,,,,,,,,,,,,,,,,,,,,,,,,,,,,,,,,,,,,,,,,,,,,,,,,,,,,,,,,,,,,,,,,,,,,,,,,,,,,,,,,,,,,,,,,,,,,,,,,,,,,,,,,,,
Ulvhaugen,3,11,TTC,11,11 TTC,,TTC,1,2011,15-Aug,Presence,Siri,,,F,,,1,,,,1,,,,,,,,,1,,,,,,,,,,,,,,,,,,,,,,,,,,,,,,,,,,,,,,,,,1,1,,,,,,,,,,,,,,,,,,,,,,,,,,,,,,,,,,,,,,,,,,,,,,,,,,,,,1,,,,,,,,,,,,,,,,,,,,1,,1,,,,,1,,,,,1,,,,,,,,,,,,,,,,,,,,,,1,,,,,,,,,,,,,5,1,0,0,15,0,0,1,,,,,,
Ulvhaugen,3,11,TTC,11,11 TTC,,TTC,2,2011,15-Aug,Presence,Siri,,,F,,1,,,,,1,,1,,,,,,,1,,,,,,,,,,,,,,,,,,,1,,,,,,,,,,,,,,,,,,,,,,,,,,,,,,,,,,,,,,,,,,,,,,,,,,,,,,,,,,,,,,,,,,,,,,,,,,,,,,,,,,,,,,,,,,,,,,,,,,,,,,,,,,,,,,,,,,,,,,,,,,,,,,,,,,1,,,,,,,1,,,,,,5,0,0,0,15,0,0,,,,,,,
Ulvhaugen,3,11,TTC,11,11 TTC,,TTC,3,2011,15-Aug,Presence,Siri,,,1,,1,1,,,,,,1,,,,,,,1,,,1,,,,,,,,,,,,,,,,1,,,,,,,,,,,,,,,,,,,,,,,,,,,,,,,,,,,,,,,,,,,,,,,,,,,,,,,,,,,,,,,,,,,,,,,,,,,,,,,,,,,,,,,,,,,,,,,,,,,,,,,,,,,,,,,,,,,,,,,,,,,,,,,,,,,,,,,,,,,,,,,1,1,0,0,25,0,0,,,,,,,
Ulvhaugen,3,11,TTC,11,11 TTC,,TTC,4,2011,15-Aug,Presence,Siri,,,1,,1,1,,,,,,,,,,,,,,,,,,,,,,,,,,,,,,,,1,,,,,,,,,,,,,,,,,,,,,,,,,,,,,,,,,,,,,,,,,,,,,,,,,,,,,,,,,,,,,,,,,,,,,,,,,,,,1,,,,,,,,,,,,,,,,,,,,,,1,,,,,,,,,,,,,,,,,,,1,,,,,,,,,,,,,,,,,,,,,,,,,,5,1,0,1,20,0,0,,,,,,,
Ulvhaugen,3,11,TTC,11,11 TTC,,TTC,5,2011,15-Aug,Presence,Siri,,,F,,1,,,,,F,,,,,,,,,,,,,,,,,,,,,,,,,,,,,,,,,,,,,,,,,,,,,,,,,,,,,,,,,,,,,,,,,,,,,,,,,,,,,,,,,,,,,,,,,,,,,,,,,,,,,,,,,,,,,,,,,,,,,,,,,,1,,,,1,,,,,1,,,,,,,,,,,,,,,,,,,,,,,,,,,1,,,,,,,,,,,,,1,0,0,0,50,0,0,,,,,,,
Ulvhaugen,3,11,TTC,11,11 TTC,,TTC,6,2011,15-Aug,Presence,Siri,,,F,,1,1,,,,,,1,,,,,,,,,,,,,,,,,,,,,,,,,,,,,,,,,,,,,,,,,,,,,,,,1,1,,,,,,,,,,,,,,,,,,,,,,,,,,,,,,,,,,,,,,,,,,,,,,,,,,,,,,,,,,,,,,,,,,,,,,,,,,,1,,,,,1,,,,,,,,,,,,,,,,,,,,,,,,,,,1,,,,,,,,,,,,,1,0,0,0,20,0,0,,,,,,,
Ulvhaugen,3,11,TTC,11,11 TTC,,TTC,7,2011,15-Aug,Presence,Siri,,,F,,F,,,,,,,1,,,,,,,,,,,,,,,,,,,,,,,,,,1,,,,,,,,,,,,,,,,,,,,,,,,,,,,,,,,,,,,,,,,,,,,,,,,,,,,,,,,,,,,,,,,,,,,,,,,,,,,1,,,,,,,,,,,,,,,,,,,,,,1,,,,,,,,,,,,,,,,,,,,,,,,,,,,,,,,,,,,,,,1,,,,,,1,1,0,0,20,0,0,,,,,,,
Ulvhaugen,3,11,TTC,11,11 TTC,,TTC,8,2011,15-Aug,Presence,Siri,,,F,,1,,,,,1,,1,,,,,,,1,,,,,,,,,,,,,,,,,,,1,,,,,,,,,,,,,,,,,,,,,,,,,,,,,,,,,,,,,,,,,,,,,,,,,,,,,,,,,,,,,,1,,,,,,,,,,,,,,,,,,,,,,,,,,,,,,,,F,,,,,,,,,1,,,,,,,,,,,,,,,,,,,,,,,,,,,,,,,,,,,,,,,,1,2,0,0,35,0,0,,,,,,,
Ulvhaugen,3,11,TTC,11,11 TTC,,TTC,9,2011,15-Aug,Presence,Siri,,,F,,1,,,,,1,,1,,,,,,,,,,,,,,,,,,,,,,,,,,,,,,,,,,,,,,,,,,,,,,,,,,,,,,,,,,,,,,,,,,,,,,,,,,,,,,,,,,,,,,,,,,,,,,,,,,,,,,,,,,,,,,,,,,,,,,,,F,,,,,,,,,,,,,,1,,,,,,,,,,,,,,,,,,,,,,,,,,,,,,,,,,,5,0,0,0,15,0,0,,,,,,,
Ulvhaugen,3,11,TTC,11,11 TTC,,TTC,10,2011,15-Aug,Presence,Siri,,,F,,1,,,,,1,,1,,,,,,,,,,,,,,,,,,,,,,,,,,,,,,,,,,,,,,,,,,,,,,,,,,,,,,,,,,,,,,,,,,,,,,,,,,,,,,,,,,,,,,,,,,,,,,,,,,,,,,,,,,,,,,,,,,,,,,,,F,,1,,1,,,,,,,,,1,1,,,,,,,,,1,1,,,,,,,,,,,,1,,,,,,,,,,,,,1,0,0,0,25,0,0,,,,,,,
Ulvhaugen,3,11,TTC,11,11 TTC,,TTC,11,2011,15-Aug,Presence,Siri,,,F,,1,,,,,1,,,,,,,,,,,,,,,,,,,,,,,,,,,,,,,,,,,,,,,,,,,,,,,,,,,1,,,,,,,,,,,,,,,,,,,,,,,,,,,,,,,,,,,,,,,,,,,,,,,,,,,,,,,,,,,,,,,,S,,,,,,,,,,,1,,,,,,,,,,,,,,,,,,,,,,,,,,,,,,,,1,,,,,,,,,,,,,1,1,0,5,15,0,0,1,,,,,,
Ulvhaugen,3,11,TTC,11,11 TTC,,TTC,12,2011,15-Aug,Presence,Siri,,,1,,F,,,,,,,,,,,,,,,,,,,,,,,,,,,,,,,,,,,,,,,,,,,,,,,,,,,,,,,,1,,,,,,,,,,,,,,,,,,,,,,,,,,,,,,,,,,,,,,,,,,,,1,,,,,,,,,,,,,,,,,,,,J,,,,,,,,,,,1,,,,,,,,,,,,,,,,,,,,,,,,,,,,,,,,,,,,,,,1,,,,,,0,1,0,0,40,0,0,,,,,,,
Ulvhaugen,3,11,TTC,11,11 TTC,,TTC,13,2011,15-Aug,Presence,Siri,,,F,,F,,,,,,,,,,,,,,1,,,,,,,,,,,,,,,,,,,1,,,,,,,,,,,,,,,,,,,,,,,,,,,,,,,,,,,,,,,,,,,,,,,,,,,,,,,,,,,,,,,,,,,1,,,,,,,,,,,,,,,,,,,,1,,,,,,,,,,,,,,,,,,,,,SX2,,,,,,,,,,,,,,,,,,,,,,,,,,,,,,,,,,,0,1,0,0,50,0,0,2,,,,,,
Ulvhaugen,3,11,TTC,11,11 TTC,,TTC,14,2011,15-Aug,Presence,Siri,,,F,,,,,,,,,1,,,,,,,1,,,,,,,,,,,,,,,,,,,,,,,,,,,,,,,,,,,,,,,,,,,,,,,,,,,,,,,,,,,,,,,,,,,,,,,,,,,,,,,,,1,,,,,,,,,,,,,,,,,,,,,,,,,,,,,,,,,,F,,,,,,,,,,,,"1,S",,,,,,,,,,,,,,,,,,,,,,,,,,,,,,,,,,,0,2,0,20,20,0,0,1,,,,,,
Ulvhaugen,3,11,TTC,11,11 TTC,,TTC,15,2011,15-Aug,Presence,Siri,,,F,,,,,,,,,1,,,,,,,,,,1,,,,,,,,,,,,,,,,,,,,,,,,,,,,,,,,,,,,,,,,,,,,,,,,,,,,,,,,,,,,,,,,,,,,,,,,,,,,,,,,,,,,,,,,,,,,,,,,,,,,,,,,,,,,,,1,,F,,1,,,,,,,,,,1,,,,,,,,,1,,,,,,,,,,,,,1,,,,,,,,,,,,,5,5,0,10,15,0,0,,,,,,,
Ulvhaugen,3,11,TTC,11,11 TTC,,TTC,16,2011,15-Aug,Presence,Siri,,,1,,F,,,,,,,,,,,,,,1,,,,,,,,,,,,,,,,,,,,,,,,,,,,,,,,,,,,,,,,,,,,,,,,,,,,,,,,,,,,,,,,,,,,,,,,,,,,,,,,,,,,,,,,,,,,,,,,,,,,,,,,,,1,,,,,,,,,1,,,,,,,,,,,,,,,,,,,,,,,,,,,,,,,,,,,,,,,,,,,,,,,1,5,0,1,20,0,0,,,,,,,
Ulvhaugen,3,11,TTC,11,11 TTC,,TTC,17,2011,15-Aug,Presence,Siri,,,1,,F,,,,,,,,,,,,,,,,,,,,,,,,,,,,,,,,,,,,,,,,,,,,,,,,,,,,,,,,1,,,,,,,,,,,,,,,,,,,,,,,,,,,,,,,,,,,,,,,1,,,,,,,,,,,,,,1,,,,,,,,,,,1,,,,,,,,,,,,,,,,,,,,,,,,,,,,,,,,,,,,,,,,,,,,,,,,,,,,,,,,1,0,0,0,35,0,0,1,,,,,,
Ulvhaugen,3,11,TTC,11,11 TTC,,TTC,18,2011,15-Aug,Presence,Siri,,,F,,1,,,,,,,,,,,,,,1,,,,,,,,,,,,,,,,,,,,,,,,,,,,,,,,,,,,,,,,,,,,,,,,,,,,,,,,,,,,,,,,,,,,,,,,,,,,,,,,,,,,,,,,,,,,,,,,,,,,,,,,,,1,,,,,,,1,,F,,,,,,,,,,,,S,,,,,,,,,,,,,,,,,,,,,,1,,,,,,,,,,,,,5,1,0,5,25,0,0,2,,,,,,
Ulvhaugen,3,11,TTC,11,11 TTC,,TTC,19,2011,15-Aug,Presence,Siri,,,F,,,,,,,1,,1,,,,,,,1,,,,,,,,,,,,,,,,,,,,,,,,,,,,,,,,,,,,,,,,,,,,,,,,,,,,,,,,,,,,,,,,,,,,,,,,,,,,,,,,,,,,,,,,,,,,,,,,,,,,,,,,,,,,,,,,,,,,,,,,,,,,,,,,,,,,,,,,,,,,,,,,,,,,,,,,,,,,,,,,,,1,15,0,10,10,0,0,,,,,,,
Ulvhaugen,3,11,TTC,11,11 TTC,,TTC,20,2011,15-Aug,Presence,Siri,,,1,,,,,,,,,1,,,,,,,,,,,,,,,,,,,,,,,,,,,,,,,,,,,,,,,,,,,,,,,,,,,,,,,,,,,,,,,,,,,,,,,,,,,,,,,,,,,,,,,,,,,,,,,,,,,,,,1,,,,,,,,,,,,,,,,,,1,,1,,1,,,,,,,,,,,,,,,,,,,,,,,,,,,,,,,,1,,,,,,,,,,,,,5,1,0,1,10,0,0,,,,,,,
Ulvhaugen,3,11,TTC,11,11 TTC,,TTC,21,2011,15-Aug,Presence,Siri,,,F,,1,1,,,,,,,,,,,,,1,,,,,,,,,,,,,,,,,,,,,,,,,,,,,,,,,,,,,,,,,,1,,,,,,,,,,,,,,,,,,,,,,,,,,,,,,,,,,,,,,,,,,,,,,,,,,,,,,,,,,,,,,,,S,,,,,,,1,,,,,,,,,,,,,,,,,,,,,,,,,,,,,,,,,,,,,,,,,,,,,,,,,1,5,0,5,25,0,0,1,,,,,,
Ulvhaugen,3,11,TTC,11,11 TTC,,TTC,22,2011,15-Aug,Presence,Siri,,,1,,F,,,,,,,,,,,,,,1,,,,,,,,,,,,,,,,,,,,,,,,,,,,,,,,,,,,,,,,,,1,,,,,,,,,,,,,,,,,,,,,,,,,,,,,,,,,,,,,,,,,,,,,,,,,,,,,1,,,,,,,,,,,J,,,,,,,,,,,,,,,,,,,,,,,,,,,,,,,,,,,,,,,,,,,,,,,,,,,,,,,,1,5,0,0,25,0,0,,,,,14,,
Ulvhaugen,3,11,TTC,11,11 TTC,,TTC,23,2011,15-Aug,Presence,Siri,,,F,,1,,,,,,,1,,,,,,,1,,,,,,,,,,,,,,,,,,,,,,,,,,,,,,,,,,,,,,,,,,,,,,,,,,,,,,,,,,,,,,,,,,,,,,,,,,,,,,,,,,,,,,,,,,,,,,,1,,,,,,,,,,,1,,,,,,,,,F,,,,,,,,,,,,,,,,,,,,,,,,,,,,,,,,,,,,,,,,,,,,,,,1,0,0,1,40,0,0,,,,,3.5,,
Ulvhaugen,3,11,TTC,11,11 TTC,,TTC,24,2011,15-Aug,Presence,Siri,,,F,,F,,,,,,,1,,,,,,,,,,,,,,,,,,,,,,,,,,,,,,,,,,,,,,,,,,,,,,,,,,,,,,,,,,,,,,,,,,,,,,,,,,,,,,,,,,,,,,,,,,,,,,,,,,,,,,,,,,,,,,,,,,,,,,,,,,,,,,,,,,,,,,,,,,,,,,,,,,,,,,,,,,,,,,,,,,,,,,,,,1,0,0,1,20,0,0,,,,,16.5,,
Ulvhaugen,3,11,TTC,11,11 TTC,,TTC,25,2011,15-Aug,Presence,Siri,,,1,,,,,,1,,,1,,,,,,,F,,,,,,,,,,,,,,,,,,,,,,1,,,,,,,,,,,,,,,,,,,,,,,,,,,,,,,,,,,,,,,,,,,,,,,,,,,,,,,,,,,,,,,,,,,,,,,,,,,,,,,,,,,,,,,,,,,1,,1,,,,,,,1,,,,,1,,,,,,,,,,,,,,,,,,,,,,1,,,,,,,,,,,,,5,0,0,0,20,0,0,,,,,6.5,,
Ulvhaugen,3,11,TTC,11,11 TTC,,TTC,%,2011,15-Aug,Cover,Siri,,,30,,25,8,,,1,3,,3,,,,,,,2,,,1,,,,,,,,,,,,,,,,2,,,1,,,,,,,,,,,,,,,,,,,1,1,,,,,,,,,,,,,,,,,,,,,,,,,,,,,,,,,,,,,,,1,,,,,1,,,,,,,,,3,,,,,,,,,,,3,,,,,,,1,,2,,2,,,,,3,,,,1,2,,,,,,,,,1,1,,,,,,,,,,,,2,,,,,,,1,,,,,,2.16,1.92,0,2.4,24.4,0,0,,85,25,1,10.125,0.5,
,,,,,,,,,,,,,,,,,,,,,,,,,,,,,,,,,,,,,,,,,,,,,,,,,,,,,,,,,,,,,,,,,,,,,,,,,,,,,,,,,,,,,,,,,,,,,,,,,,,,,,,,,,,,,,,,,,,,,,,,,,,,,,,,,,,,,,,,,,,,,,,,,,,,,,,,,,,,,,,,,,,,,,,,,,,,,,,,,,,,,,,,,,,,,,,,,,,,,,,,,,,,,,
Ulvhaugen,4,17,TTC,17,17 TTC,,TTC,1,2011,15-Aug,Presence,KK,,,1,,,,,,,,,,,,,,,,1,,,,,,,,,,,,,,,,,,,,,,,,,,,,,,,,,,,,,,,,,,,,,,,,,,,,,,,,,,,,,,,,,,,,,,,,,,,,,,,,,,,,,,,,,,,,,,,,,,,,,,,,,,,,,,,,,,,,,1,,,,,,,,,,,,,,,,,,,,,,,,,,,,,,,,,,,,,,,,,,,,,0,2,0,0,25,0,0,,,,,,,
Ulvhaugen,4,17,TTC,17,17 TTC,,TTC,2,2011,15-Aug,Presence,KK,,,F,,,,,,,1,,,,,,,,,1,,,,,,,,,,,,,,,,,,,,,,,,,,,,,,,,,,,,,,,,,,,,,,,,,,,,,,,,,,,,,,,,,,,,,,,,,,,,,,,,,,,,,,,,,,,,,,,,,,,,,,,,,,,,,,,,,,,,,1,,,,,,,,,,,,,,,,,,,,,,,,,,,,,,,,1,,,,,,,,,,,,,0,2,0,2,20,0,0,,,,,,,
Ulvhaugen,4,17,TTC,17,17 TTC,,TTC,3,2011,15-Aug,Presence,KK,,,F,,,,,,,,,,,,,,,,1,,,,,,,,,,,,,,,,,,,,,,,,,,,,,,,,,,,,,,,,,,,,,,,,,,,,,,,,,,,,,,,,,,,,,,,,,,,,,,,,,,,,,,,,,,,,,,,,,,,,,,,,,,,,,,,,,,,,,1,,,,,,,,,,1,,,,,,,,,,,,,,,,,,,,,,1,,,,,,,1,,,,,,0,2,0,0,20,0,0,,,,,,,
Ulvhaugen,4,17,TTC,17,17 TTC,,TTC,4,2011,15-Aug,Presence,KK,,,1,,,,,,,,,,,,,,,,,,,,,,,,,,,,,,,,,,,,,,,,,,,,,,,,,,,,,,,,,,,,,,,,,,,,,,,,,,,,,,,,,,,,,,,,,,,,,,,,,,,,,,,,,,,,,,,,,,,,,,,,,,,,,,,,,,,,,1,,,,,,,,,,1,,,,,,,,,,,,,,,,,,,,,,,,,,,,,1,,,,,,0,2,0,0,15,0,0,,,,,,,
Ulvhaugen,4,17,TTC,17,17 TTC,,TTC,5,2011,15-Aug,Presence,KK,,,F,,,,,,,1,,1,,,,,,,,,,,,,,,,,,,,,,,,,,,,,,,,,,,,,,,,,,,,,,,,,,,,,,,,,,,,,,,,,,,,,,,,,,,,,,,,,,,,,,,,,,,,,,,,,,,,,,,,,,,,,,,,,,,,,,,,,,,,1,,,,,,,,,,1,,,,,,,,,,,,,,,,,,,,,,,,,,,,,,,,,,,0,0,0,2,15,5,0,,,,,,,
Ulvhaugen,4,17,TTC,17,17 TTC,,TTC,6,2011,15-Aug,Presence,KK,,,1,,,,,,,,,,,1,,,,,,,,,,,,,,,,,,,,,,,,,,,,,,,,,,,,,,,,,,,,,,,,,,,,,,,,,,,,,,,,,,,,,,,,,,,,,,,,,,,,,,,,,,,,,,,,,,,,,,,,,,,,,,,,,,,,,,,,,,1,,,,,,,,,,1,,,,,,,,,1,,,,,,,,,,,,,,,,,,,,,,,,,,0,2,0,0,25,2,0,1,,,,,,
Ulvhaugen,4,17,TTC,17,17 TTC,,TTC,7,2011,15-Aug,Presence,KK,,,1,,,,,,,1,,,,1,,,,,1,,,,,,,,,,,,,,,,,,,,,,,,,,,,,,,,,,,,,,,,,,,,,,,,,,,,,,,,,,,,,,,,,,,,,,,,,,,,,,,,,,,,,,,,,,,,,,,,,,,,,,,,,,J,,,,,,,,,,1,1,,,,,,,,,,1,,,,,,,,,,,,,,,,,,,,,,,,,,,,,,,,,,,2,2,0,0,15,0,0,,,,,,,
Ulvhaugen,4,17,TTC,17,17 TTC,,TTC,8,2011,15-Aug,Presence,KK,,,1,,,,,,,1,,,,1,,,,,,,,,,,,,,,,,,,,,,,,,,,,,,,,,,,,,,,,,,,,,,,,,,,,,,,,,,,,,,,,,,,,,,,,,,,,,,,,,,,,,,,,,,,,,,,,,,,,,,,,,,,,,,,,,,,,,,,,,1,1,,,,,,,,,,1,,,,,,,,,1,,,,,,,,,,,,,,,,,,,,,,,,,,2,4,0,0,25,0,0,,,,,,,
Ulvhaugen,4,17,TTC,17,17 TTC,,TTC,9,2011,15-Aug,Presence,KK,,,1,,1,,,,,1,,,,,,,,,1,,,,,,,,,,,,,,,,,,,,,,,,,,,,,,,,,,,,,,,,,,,,,,,,,,,,,,,,,,,,,,,,,,,,,,,,,,,,,,,,,,,,,,,,,,,,,,,,,,,,,,,,,,,,,,,,,,,,1,1,,,,,,,,,,,,,,,,,,,,,,,,,,,,,,,,,,,,,,,,,,,,,15,4,0,0,8,2,0,,,,,,,
Ulvhaugen,4,17,TTC,17,17 TTC,,TTC,10,2011,15-Aug,Presence,KK,,,1,,,,,,,1,,,,,,,,,1,,,,,,,,,,,,,,,,,,,,,,,,,,,,,,,,,,,1,,,,,,,,,,,,,,,,,,,,,,,,,,,,,,,,,,,,,,,,,,,,,,,,,,,,,,,,,,,,,,,,,,,,,,,,,,,,,,,,,,1,,,,,,,,,,1,,,,,,,,,,,,,,,,,,,,,,1,,,,,,,,,,,,,2,8,0,0,30,2,0,,,,,,,
Ulvhaugen,4,17,TTC,17,17 TTC,,TTC,11,2011,15-Aug,Presence,KK,,,F,,,,,,,1,,,,,,,,,,,,,,,,,,,,,,,,,,,,,,,,,1,,,,,,,,,,,,,,,S,,,,,,,,,,,,,,,,,,,,,,,,,,,,,,,,,,,,,,,,,,,,,,,,,,,,,,,,,,,,,,,,,,,1,,,,,,,,,,,1,,,,,,,,,,1,,,,,,,,,,,,,,,,,,,,,,,,,,,,,,,,,,,0,2,0,0,8,0,0,,,,,,,
Ulvhaugen,4,17,TTC,17,17 TTC,,TTC,12,2011,15-Aug,Presence,KK,,,1,,,,,,,,,,,,,,,,,,,,,,,,,,,,,,,,,,,,,,,,1,,,,,,1,,,,,1,,,,,,,,,,,,,,,,,,,,,,,,,,,,,,,,,,,,,,,,,,,,,,,,,,,,,,,,,,,,,,,,,,,,,,,,,,,,,,,,,,1,,,,,,,,,,1,,,,,,,,,,,,,,,,,,,,,,1,,,,,,,,,,,,,0,0,0,0,15,0,0,,,,,,,
Ulvhaugen,4,17,TTC,17,17 TTC,,TTC,13,2011,15-Aug,Presence,KK,,,1,,F,,,,,,,,,,,,,,1,,,,,,,,,,,,,,,,,,,,,,,,F,,,,,,,,,,,,,,,,,,,,,,,,,,,,,,,,,,,,,,,,,,,,,,,,,,,,,,,,,,,,,,,,,,,,,,,F,,,,,,,,,,,,,,,,,,,,F,,1,,,,,,,,,,1,,,,,,,,,,,,,,,,,,,,,,,,,,,,,,,,,,,0,2,0,0,8,0,0,,,,,,,
Ulvhaugen,4,17,TTC,17,17 TTC,,TTC,14,2011,15-Aug,Presence,KK,,,F,,1,,,,,,,1,,,,,,,,,,,,,,,,,,,,,,,,,,,,,,,1,,,,,,,,,,,,,,,,,,,,,,,,,,,,,,,,,,,,,,,,,,,,,,,,,,,,,,,,,,,,,,,,,,,,,,,1,,,,,,,,,,,,,,,,,,,,1,,1,,,,,,,,,,1,,,,,,,,,,,,,,,,,,,,,,1,,,,,,,,,,,,,0,2,0,2,5,2,0,,,,,,,
Ulvhaugen,4,17,TTC,17,17 TTC,,TTC,15,2011,15-Aug,Presence,KK,,,1,,1,1,,,,,,1,,,,,,,F,,,,,,,,,,,,,,,,,,,,,,,,,,,,,,,,,,,1,,,,,,,,,,,,,,,,,,,,,,,,,,,,,,,,,,,,,,,,,,,,,,,,,,,,,,,,,,,,,,,,,,,,,,,,,,,,,,,,,,1,,,,,,,,,,,,,,,,,,,,,,,,,,,,,,,,1,,,,,,,,,,,,,0,4,0,0,12,0,0,,,,,,,
Ulvhaugen,4,17,TTC,17,17 TTC,,TTC,16,2011,15-Aug,Presence,KK,,,F,,,,,,,,,,,,,,,,,,,,,,,,,,,,,,,,,,,,,,,,1,,,,,,,,,,,,,,,,,,,,,,,,,,,,,,,,,,,,,,,,,,,,,,,,,,,,,,,,,,,,,,1,,,,,,,,,,,,,,,,,,,,1,,,,,,,,,,,1,,,,,,,,,,1,,,,,,,,,,,,,,,,,,,,,,1,,,,,,,,,,,,,0,5,0,0,8,0,0,,,,,,,
Ulvhaugen,4,17,TTC,17,17 TTC,,TTC,17,2011,15-Aug,Presence,KK,,,1,,,,,,,,,,,,,,,,,,,,,,,,,,,,,,,,,,,,,,,,1,,,,,,J,,,,,1,,,,,,,,,,,,,,,,,,,,,,,,,,,,,,,,,,,,,,,,,,,,,,,,,,,,,,,,,,,,,,,,,,,,,,,,,,,,,,,,,,1,,,,,,,,,,1,,,,,,,,,,,,,,,,,,,,,,1,,,,,,,,,,,,,0,4,0,0,10,0,0,,,,,,,
Ulvhaugen,4,17,TTC,17,17 TTC,,TTC,18,2011,15-Aug,Presence,KK,,,1,,1,,,,,,,,,,,,,,1,,,,,,,,,,,,,,,,,,,,,,,,1,,,,,,,,,,,1,,,,,,,,,,,,,,,,,,,,,,,,,,,,,,,,,,,,,,,,,,,1cf,,,,,,,,1,,,,,,,,,,,,,,,,,,,,,,,,,,,,,,,1,,,,,,,,,,1,,,,,,,,,,,,,,,,,,,,,,,,,,,,,,,,,,,0,0,0,0,15,0,0,,,,,,,
Ulvhaugen,4,17,TTC,17,17 TTC,,TTC,19,2011,15-Aug,Presence,KK,,,1,,,,,,,,,,,,,,,,"1,J",,,,,,,,,,,,,,,,,,,,,,,,1,,,,,,,,,,,,,,,,,,,,,,,,,,,,,,,,,,,,,,,,,,,,,,,,,,,,,,1cf,,,,,,,,,,,,,,,,,1,,,,,,,,,,,,,,,,,,,,,,1,,,,,,,,,,1,,,,,,,,,,,,,,,,,,,,,,,,,,,,,1,,,,,,15,0,0,0,5,0,0,,,,,,,
Ulvhaugen,4,17,TTC,17,17 TTC,,TTC,20,2011,15-Aug,Presence,KK,,,1,,1,,,,,,,,,,,,,,S,,,,,,,,,,,,,,,,,,,,,,,,,,,,,,,,,,,,,,,,,,,,,,,,,,,,,,,,,,,,,,,,,,,,,,,,,,,,,,,,,,,,,,,,,,,,,,,,,,,,,,,,,,,,,,,,,,,,,1,,,,,,,,,,"1,S",,,,,,,,,,,,,,,,,,,,,,1,,,,,,,1,,,,,,4,0,0,0,12,0,0,,,,,,,
Ulvhaugen,4,17,TTC,17,17 TTC,,TTC,21,2011,15-Aug,Presence,KK,,,1,,1,,,,,,,,,,,,,,,,,,,,,,,,,,,,,,,,,,,,,,1,,,,,,,,,,,,,,,,,,,,,,,,,,,,,,,,,,,,,,,,,,,,,,,,,,,,,,,,,,,,,,F,,,,,,,,,,,,,,,,,,,,,,,,,,,,,,1,1,,,,,,,,,,,,,,,,,,,,1,,,,,,,,,,,,1,,,,,,,1,,,,,,0,3,0,0,15,0,0,,,,,,,
Ulvhaugen,4,17,TTC,17,17 TTC,,TTC,22,2011,15-Aug,Presence,KK,,,1,,1,,,,,,,,,,,,,,1,,,,,,,,,,,,,,,,,,,,,,,,1,,,,,,1,,,,,1,,,,,,,,,,,,,,,,,,,,,,,,,,,,,,,,,,,,,,,,,,,,,,,,,,,1,,,,,,,,,,,,,,,,,,,,,,,,,,,,,,,1,,,,,,,,,,,,,,,,,,,,1,,,,,,,,,,,,1,,,,,,,,,,,,,0,12,0,0,8,2,0,,,,,5,,
Ulvhaugen,4,17,TTC,17,17 TTC,,TTC,23,2011,15-Aug,Presence,KK,,,1,,1,,,,,1,,,,,,,,,1,,,,,,,,,,,,,,,,,,,,,,,,1,,,,,,,,,,,,,,,,,,,,,,,,,,,,,,,,,,,,,,,,,,,,,,,,,,,,,,"F,1cf",,,,,,,,1,,,,,,,,,,,,,,,,,,,,,,,,,,,,,,,1,,,,,,,,,,1,,,,,,,,,,1,,,,,,,,,,,,1,,,,,,,,,,,,,0,5,0,0,5,0,0,,,,,3,,
Ulvhaugen,4,17,TTC,17,17 TTC,,TTC,24,2011,15-Aug,Presence,KK,,,1,,1,,,,,,,,,,,,,,1,,,,,,,,,,,,,,,,,,,,,,,,1,,,,,,,,,,,,,,,,,,,,,,,,,,,,,,,,,,,,,,,,,,,,,,,,,,,,,,1cf,,,,,,,,,,,,,,,,,,,,,,,,,,,,,,,,,,,,,,,1,,,,,,,,,,"1,J",,,,,,,,,,1,,,,,,,,,,,,1,,,,,,,,,,,,,5,0,0,0,5,0,0,,,,,2,,
Ulvhaugen,4,17,TTC,17,17 TTC,,TTC,25,2011,15-Aug,Presence,KK,,,1,,1,1,,,,,,,,,,,,,,,,,,,,,,,,,,,,,,,,,,,,,,,,,,,,,,,,,,,,,,,,,,,,,,,,1,,,,,,,,,,,,,,,,,,,,,,,,,,,,,,,,,,,,,,,,,,,,1,,,,,,,,,,,,,,,,,,,,,,1,,,,,,,,,,"1,J",,,,,,,,,,,,,,,,,,,,,,S,,,,,,,,,,,,,0,0,0,0,5,0,0,,,,,2,,
Ulvhaugen,4,17,TTC,17,17 TTC,,TTC,%,2011,15-Aug,Cover,KK,,,40,,20,4,,,,5,,4,,2,,,,,6,,,,,,,,,,,,,,,,,,,,,,,,6,,,,,,3,,,,,4,,,,1,,,,,,,,,,,,1,,,,,,,,,,,,,,,,,,,,,,,,,,,8,,,,,,,,5,,,,,,,,,8,,,,,,,,,,,3,,,,,,,,,3,1,9,,,,,,,,,,15,,,,,,,,,2,4,,,,,,,,,,,,5,,,,,,,2,,,,,,1.8,2.68,0,0.24,13.36,0.6,0,,85,5,5,3,0.5,
,,,,,,,,,,,,,,,,,,,,,,,,,,,,,,,,,,,,,,,,,,,,,,,,,,,,,,,,,,,,,,,,,,,,,,,,,,,,,,,,,,,,,,,,,,,,,,,,,,,,,,,,,,,,,,,,,,,,,,,,,,,,,,,,,,,,,,,,,,,,,,,,,,,,,,,,,,,,,,,,,,,,,,,,,,,,,,,,,,,,,,,,,,,,,,,,,,,,,,,,,,,,,,
Ulvhaugen,4,18,TTI,19,18 TT1 19,,,1,2011,15-Aug,Presence,KK,,,F,,,,,,,,,1,,1,,,,,,,,,,,,,,,,,,,,,,,,,,,,,1,,,,,,,,,,,,,,,,,,1,,,,,,,,,,,,,,,,,,,,,,,,,,,,,,,,,,,,,,,,,,,,,,,,,,,,,,,1,,,,,,,,,,,,,,,1,,,,,,,,,,,,,,,J,,,,,,,,,,,,,,,,,,,,,,,,,,,,,,,,,,,5,2,0,0,5,2,0,,,,,,,
Ulvhaugen,4,18,TTI,19,18 TT1 19,,,2,2011,15-Aug,Presence,KK,,,1,,,,,,,,,1,,,,,,,,,,,,,,,,,,,,,,,,,,,,,,,,,,,,,,,,,,,,,,,,,,,,,,,,,,,,,,,,,,,,,,,,,,,,,,,,,,,,,,,,,,,,,1,,,,,,,,,,,1,,,,,,,,,,,,,,,1,,,,,1,,,,,,,,,,S,,,,,,,,,,,,,,,,,,,,,,,,,,,,,,,,,,,2,5,0,0,25,2,0,,,,,,,
Ulvhaugen,4,18,TTI,19,18 TT1 19,,,3,2011,15-Aug,Presence,KK,,,1,,,,,,,,,,,,,,,,1,,,,,,,,,,,,,,,,,,,,,,,,,,,,,,,,,,,,,,,,,,,,,,,,,,,,,,,,,,,,,,,,,,,,,,,,,,,,,,,,,,,,,,1,,,,,,,,,,,1,,,,,,,,,,,,,,,,,,,,1,,,,,,,,,,,,,,,,,,,,,,,,,,,,,,,,,,,,,,,,,,,,,2,8,0,0,12,0,0,,,,,,,
Ulvhaugen,4,18,TTI,19,18 TT1 19,,,4,2011,15-Aug,Presence,KK,,,F,,,,,,,,,,,,,,,,,1,,,,,,,,,,,,,,,,,,,,,,,,,,,,,,,,,,,,,,,,,,,,,,,,,,,,,,,,,,,,,,,,,,,,,,,,,,,,,,,,,,,,,1,,,,,,,,,1,,1,,,,,,,,,,,,,,,,,,,,1,,,,,,,,,,,,,,,,,,,,,,,,,,,,,,,,,,,,,,,,,,,,,5,5,0,0,8,0,0,,,,,,,
Ulvhaugen,4,18,TTI,19,18 TT1 19,,,5,2011,15-Aug,Presence,KK,,,1,,,,,,,,,,,,,,,,,,,1,,,,,,,,,,,,,,,,,,,,,,,,,,,,,,,,,,,,,,,,,,,,,,,,,,,,,,,,,,,,,,,,,,,,,,,,,,,,,,,,,,,,,,,,,,,,,,,,,,,,,,,,,,,,,,1,,F,,,,,,,,,,,,,,,,,,,,,,,,,,,,,,,,,,,,,,,,,,,,,,,8,2,0,0,12,0,0,,,,,,,
Ulvhaugen,4,18,TTI,19,18 TT1 19,,,6,2011,15-Aug,Presence,KK,,,1,,,,,,,,,1,,1,,,,,,,,1,,,,,,,,,,,,,,,,,,,,,F,,,,,,,,,,,,,,,,,,,,,,,,,,,,,,,,,,,,,,,,,,,,,,,,,,,,,,,,,,,,,,1,,,,,,,,,,,,,,,,,,,,,,,,,,,,,,,1,,,,,,,,,,,,,,,,,,,,,,,,,,,,,,,,,,,,,,,,,,,,,15,0,0,0,5,0,0,,,,,,,
Ulvhaugen,4,18,TTI,19,18 TT1 19,,,7,2011,15-Aug,Presence,KK,,,1,,,,,,,,,,,,,,,,,,,,,,,,,,,,,,,,,,,,,,,,,,,,,,,,,,,,,,,,,,,,,,,,,,,,,,,,,,,,,,,,,,,,,,,,,,,,,,,,,,,,,,F,,,,,,,,,1,,,,,,,,,,,,,,,,,,,,1,,1,,,,,,,,,,,,,,,,,,,,,,,,,,,,,,,,,,,,,,,,,,,,,0,4,0,0,28,0,0,,,,,,,
Ulvhaugen,4,18,TTI,19,18 TT1 19,,,8,2011,15-Aug,Presence,KK,,,1,,,,,,,,,,,,,,,,J,,,,,,,,,,,,,,,,,,,,,,,,,,,,,,,,,,,,,,,,,,,,,,,,,,,,,,,,,,,,,,,,,,,,,,,,,,,,,,,,,,,,,,1,,,,,,,,,,,,,,,,,,,,,,,,,,,,,,,1,,,,,,,,,,1,,,,,,,,,,,,,,,,,,,,,,,,,,,,,,,,,,,0,15,0,0,5,0,0,,,,,,,
Ulvhaugen,4,18,TTI,19,18 TT1 19,,,9,2011,15-Aug,Presence,KK,,,1,,1,,,,,,,,,,,,,,1,1,,,,,,,,,,,,,,,,,,,,,,,,,,,,,,,,,,,,,,,,,,,,,,,,,,,,,,,,,,,,,,,,,,,,,,,,,,,,,,,,,,,,,1,,,,,,,,,1,,,,,,,,,,,,,,,,,,,,,,,,,,,,,,,,,,,,,,,,,,,,,,,,,,,,,,,,,,,,,,,,,,,2,5,5,0,2,0,0,,,,,,,
Ulvhaugen,4,18,TTI,19,18 TT1 19,,,10,2011,15-Aug,Presence,KK,,,1,,,,,,,,,,,,,,,,,1,,S,,,,,,,,,,,,,,,,,,,,,,,,,,,,,,,,,,,,,,,,,,,,,,,,,,,,,,,,,,,,,,,,,,,,,,,,,,,,,,,,,,,,,,,,,,,,,,,,,,,,,,,,,,,,,,,,,,1,,,,,,,,,,,,,,,,,,,,,,,,,,,,,,,,,,,,,,,,,,,,,0,5,0,0,5,0,0,,,,,,,
Ulvhaugen,4,18,TTI,19,18 TT1 19,,,11,2011,15-Aug,Presence,KK,,,1,,,,,,,,,,,,,,,,,,,1,,,,,,,,,,,,,,,,,,,,,,,,,,,,,,,,,,,,,,,,,,,,,,,,,,,,,,,,,,,,,,,,,,,,,,,,,,,,,,,,,,,,,,,,,,,,,,,,,,,,,,,,,,,,,,,,,,,,,,,,,,,,S,,,,,,,,,,,,,,,,,,,,,,F,,,,,,,,,,,,,0,30,0,0,10,0,0,,,,,,,
Ulvhaugen,4,18,TTI,19,18 TT1 19,,,12,2011,15-Aug,Presence,KK,,,1,,1,,,,,,,,,,,,,,,,,1,,,,,,,,,,,,,,,,,,,,,,,,,,,,,,,,,,,,,,,,,,,,,,,,,,,,,,,,,,,,,,,,,,,,,,,,,,,,,,,,,,,,,,,,,,,,,,1,,,,,,,,,,,,,,,,,,,,1,,,,,,,,,,1,,,,,,,,,,,,,,,,,,,,,,,,,,,,,,,,,,,20,5,0,0,5,0,0,,,,,,,
Ulvhaugen,4,18,TTI,19,18 TT1 19,,,13,2011,15-Aug,Presence,KK,,,1,,1,,,,,F,,,,,,,,,,1,,,,,,,,,,,,,,,,,,,,,,,,,,,,,,,,,,,,,,,,,,,,,,,,,,,,,,,,,,,,,,,,,,,,,,,,,,,,,,,,,,,,,,,,,,,,,,,,,,,,,,,,,,,,,,,,1,,,,1,,,,,,,,,,1,,,,,,,,,,,,,,,,,,,,,,,,,,,,,,,,,,,0,25,0,0,5,0,0,,,,,,,
Ulvhaugen,4,18,TTI,19,18 TT1 19,,,14,2011,15-Aug,Presence,KK,,,1,,1,,,,,1,,,,,,,,,,,,,,,,,,,,,,,,,,,,,,,,,,,,,,,,,,,,,,,,,,,,,,,,,,,,,,,,,,,,,,,,,,,,,,,,,,,,,,,,,,,,,,,,,,,,,,,,,,1,,,,,,,,,,,,,,,,,,,,1,,,,,,,,,,,,,,,,,,,,,,,,,,,,,,,,,,,,,,,,,,,,,0,12,0,0,15,0,0,,,,,,,
Ulvhaugen,4,18,TTI,19,18 TT1 19,,,15,2011,15-Aug,Presence,KK,,,1,,1,,,,,1,,,,,,,,,,,,,,,,,,,,,,,,,,,,,,,,,,,,,,,,,,,,,,,,,,,,,,,,,,,,,,,,,,,,,,,,,,,,,,,,,,,,,,,,,,,,,,,,,,,,,,,,1,,,,,,,,,,,,,,,,,,,,,,1,,,,,,,,,,,,,,,,,,,,,,,,,,,,,,,,,,,,,,,,,,,,,2,0,0,0,5,25,0,,,,,,,
Ulvhaugen,4,18,TTI,19,18 TT1 19,,,16,2011,15-Aug,Presence,KK,,,F,,,,,,1,,,,,,,,,,,,,,,,,,,,,,,,,,,,,,,,,,,,,,,,,,,,,,,,,,,,,,,,,,,,,,,,,,,,,,,,,,,,,,,,,,,,,,,,,,,,,,,,,,,,,,,,,1,,,,,,,,,,,,,,,,,,,,,,,,,,,,,,,,,,,,,,,,,,,,,,,,,,,,,,,,,,,,,1,,,,,,0,25,0,0,5,0,0,,,,,,,
Ulvhaugen,4,18,TTI,19,18 TT1 19,,,17,2011,15-Aug,Presence,KK,,,1,,1,,,,1,,,,,,,,,,,,,1,,,,,,,,,,,,,,,,,,,,,,,,,,,,,,,,,,,,,,,,,,,,,,,,,,,,,,,,,,,,,,,,,,,,,,,,,,,,,,,,,,,,,,,,,,,,1,,1,,,,,,,,,,,,,,,1,,,,,,,,,,,,,,,1,,,,,,,,,,,,,,,,,,,,,,1,,,,,,,,,,,,,0,8,0,0,2,2,0,,,,,,,
Ulvhaugen,4,18,TTI,19,18 TT1 19,,,18,2011,15-Aug,Presence,KK,,,,,1,,,,,1,,,,,,,,,,,,,,,,,,,,,,,,,,,,,,,,,,,,,,,,,,,,,,,,,,,,,,,,,,,,,,,,,,,,,,,,,,,,,,,,,,,,,,,,,,,,,,,,,,,,,,,,,,,,,,,,,,,,,,,,,1,,,,,,,,,,,,,,,,,,,,,,,,,,,,,,,,,,,,,1,,,,,,,,,,,,,0,25,0,0,5,0,0,,,,,,,
Ulvhaugen,4,18,TTI,19,18 TT1 19,,,19,2011,15-Aug,Presence,KK,,,1,,1,,,,,1,,,,,,,,,,,,,,,,,,,,,,,,,,,,,,,,,,,,,,,,,,,,,,,,,,,,,,,,,,,,,,,,,,,,,,,,,,,,,,,,,,,,,,,,,,,,,,,,,,,,,,,,,,,,,,,,,,,,,,,,,,,,,,1,,,,,,,,,,,,,,,,,,,,,,,,,,,,,,,,,,,,,,,,,,,,,0,30,0,0,5,0,0,,,,,,,
Ulvhaugen,4,18,TTI,19,18 TT1 19,,,20,2011,15-Aug,Presence,KK,,,1,,1,,,,,,,1,,,,,,,,,,1,,,,,,,,,,,,,,,,,,,,,,,,,,,,,,,,,,,,,,,,,,,,,,,,,,,,,,,,,,,,,,,,,,,,,,,,,,,,,,,,,,,,,,,,,,,,1,,,,,,,,,,,,,,,,,,,,,1,,,,,,,,,,,,,,,,,,,,,,,,,,,,,,,,,,,,,,,,,,,,,,0,20,0,0,10,5,0,,,,,,,
Ulvhaugen,4,18,TTI,19,18 TT1 19,,,21,2011,15-Aug,Presence,KK,,,1,,,,,,1,,,,,,,,,,,,,1,,,,,,,,,,,,,,,,,,,,,,,,,,,,,,,,,,,,,,,,,,,,,,,,,,,,,,,,,,,,,,,,,,,,,,,,,,,,,,,,,,,1,,,,,,,,,,,,,,,,,,,,,,,,,,,,,,,1,,,,,,,,,,,,,,,,,,,,,,,,,,,,,,,,,,,,,,,,,,,,,0,12,0,0,5,0,0,,,,,,,
Ulvhaugen,4,18,TTI,19,18 TT1 19,,,22,2011,15-Aug,Presence,KK,,,1,,,,,,D,,,,,,,,,,,,,1,,,,,,,,,,,,,,,,,,,,,,,,,,,,,,,,,,,,,,,,,,,,,,,,,,,,,,,,,,,,,,,,,,,,,,,,,,,,,,,,,,,,,,,,,,,,1,,,,,,,,,,,,,,,,,,,,,,1,,,,,,,,,,,,,,,,,,,,,,,,,,,,,,,,,,,,,,,,,,,,,0,8,0,0,2,0,0,,,,,5,,
Ulvhaugen,4,18,TTI,19,18 TT1 19,,,23,2011,15-Aug,Presence,KK,,,F,,,,,,1,1,,,,,,,,,,,,,,,,,,,,,,,,,,,,,,,,,,,,,,,,,,,,,,,,,,,,,,,,,,,,,,,,,,,,,,,,,,,,,,,,,,,,,,,,,,,,,,,,,,,,,,,,1,,,,,,,,,,,,,,,,,,1,,,,1,,,,,,,,,,J,,,,,,,,,,,,,,,,,,,,,,1,,,,,,,,,,,,,0,80,0,0,2,0,0,,,,,6,,
Ulvhaugen,4,18,TTI,19,18 TT1 19,,,24,2011,15-Aug,Presence,KK,,,1,,,,,,,1,,,,,,,,,,,,,,,,,,,,,,,,,,,,,,,,,,,,,,,,,,,,,,,,,,,,,,,,,,,,,,,,,,,,,,,,,,,,,,,,,,,,,,,,,,,,,,,,,,,,,,,,,,,,,,,,,,,,,,,,,,1,,,,,,,,,,,,,,,,,,,,,,,1,,,,,,,,,,,,,,,,,,,,1,,,,,,0,90,0,0,10,0,0,,,,,2,,
Ulvhaugen,4,18,TTI,19,18 TT1 19,,,25,2011,15-Aug,Presence,KK,,,1,,,,,,,,,1,,,,,,,,,,,,,,,,,,,,,,,,,,,,,,,,,,,,,,,,,,,,,,,,,,,,,,,,,,,,,,,,,,,,,,,,,,,,,,,,,,,,,,,,,,,,,,,,,,,,,,1,,,,,,,,,,,,,,,,,,,,F,,,,,,,,,,,,,,,,,,,,,,,,,,,,,,,,,,,,,,,,,1,,,,,,0,55,0,0,20,0,0,,,,,4,,
Ulvhaugen,4,18,TTI,19,18 TT1 19,,,%,2011,15-Aug,Cover,KK,,,20,,30,,,,15,12,,3,,2,,,,,3,3,,2,,,,,,,,,,,,,,,,,,,,,2,,,,,,,,,,,,,,,,,,1,,,,,,,,,,,,,,,,,,,,,,,,,,,,,,,,,,,,,,,,,,,,4,,,,,,,,,8,,3,,,,,,,,,,,,,,,6,4,,2,1,5,,,,,,,,,,6,,,,,,,,,2,,,,,,,,,,,,,5,,,,,,,2,,,,,,2.44,19.04,0.2,0,8.52,1.44,0,,95,30,0,4.25,0.5,
,,,,,,,,,,,,,,,,,,,,,,,,,,,,,,,,,,,,,,,,,,,,,,,,,,,,,,,,,,,,,,,,,,,,,,,,,,,,,,,,,,,,,,,,,,,,,,,,,,,,,,,,,,,,,,,,,,,,,,,,,,,,,,,,,,,,,,,,,,,,,,,,,,,,,,,,,,,,,,,,,,,,,,,,,,,,,,,,,,,,,,,,,,,,,,,,,,,,,,,,,,,,,,
Ulvhaugen,5,25,TTI,21,25 TT1 21,,,1,2011,15-Aug,Presence,IH,1,,1,,1,,,,,1,,1,,,,,,,,1,,,,,,,,,,,,,,,,,,,,,,,,,,,,,,,,,,,,,,,,,1,,,,,,,,,,,,,,,,,,,,,,,,,,,,,,,,,,,,,,,,,,,,,,,,,,,,,,,,,,,,,,,,,,,,,,,,,,,,,,,,,,,,,1,,,,,,,,,,,,,,,,,,,,,,1,,,,,,,1,,,,,,2,0,0,0,10,5,0,,,,,,,
Ulvhaugen,5,25,TTI,21,25 TT1 21,,,2,2011,15-Aug,Presence,IH,1,,1,,,,,,,,,1,,,,,,,,F,,,,,,,,,,,,,,,,,,,,,,,,,,,,,,,,,,,,,,,,,,,,,,,,,,1,,,,,,,,,,,,,,,,,,,,,,,,,,,,,,,,,,,1,,,,,,,,,,,,,,,,,,,,,,,,,,,1,,,,,,,,,,,,,,,,,,,,,,,,,,,,,,,,,,,,F,,1,,,,,,,,,,,1,0,0,0,30,0,0,,,,,,,
Ulvhaugen,5,25,TTI,21,25 TT1 21,,,3,2011,15-Aug,Presence,IH,1,,1,,,,,,,,,,,,,,,,,,,1,,,,,,,,,,,,,,,,,,,,,,,,,,,,,,,,,,,,,,,1,,,,,,,,,,,,,,,,,,,,,,,,,,,,,,1,,,,,,,,,,,,,,,,,,,,,,,,,,,,1,,,,,,,,,,,,,,,,,,,,,,,,,,,,,,,,,,,,,,,,,,,,,,,,,F,,,,,,,1,,,,,,5,0,0,0,15,0,0,,,,,,,
Ulvhaugen,5,25,TTI,21,25 TT1 21,,,4,2011,15-Aug,Presence,IH,1,,1,,,,,,,,,1,,,,,,,,,,1,,,,,,,,,,,,,,,,,,,,,,,,,,,,,,,,,,,,,,,1,,,,,,,,,,,,,,,,,,,,,,,,,,,,,,,,,,,,,,,,,,,,1,,,,,,,,,,,,,,,,,,,,,,,,,,,,,,,,,,,,,,,,,,,,,,,,,,,,,,,,,,,,,,,1,,,,,,,1,,,,,,10,0,0,0,10,0,0,,,,,,,
Ulvhaugen,5,25,TTI,21,25 TT1 21,,,5,2011,15-Aug,Presence,IH,1,,,,,,,,,,,1,,,,,,,,1,,1,,,,,,,,,,,,,,,,,,,,,,,,,,,,,,,,,,,,,,,1,,,,,,,,,,,,,,,,,,,,,,,,,,,,,,,,,,,,,,,,,,,,,,,,,,,,,,,,,,,,,,,,,,,,,,,,,,,,,,,,,,,,,,,,,,,,,,,,,,,,,,,,,,,,,,,,,,"1,S",,,,,,40,0,0,0,5,0,0,,,,,,,
Ulvhaugen,5,25,TTI,21,25 TT1 21,,,6,2011,15-Aug,Presence,IH,1,,1,,1,,,,,,,1,,,,,,,,,,,,,,,,,,,,,,,,,,,,,,,,,,,,,1,,,,,,,,,,,,,,,,,,,,,F,,,,,,,,,,,,,,,,,,,,,,,,,,,,,,,,,,,1,,,,,,,,,,,,,,,,,,,,,,,,,,,1,,,,,,,,,,,,,,1,,,,,,,,,,,,,,,,,,,,,,,,,,,,,1,,,,,,25,0,0,0,15,0,0,,,,,,,
Ulvhaugen,5,25,TTI,21,25 TT1 21,,,7,2011,15-Aug,Presence,IH,1,,1,,,,,,,,,1,,,,,,,,,,,,,,,,,,,,,,,,,,,,,,,,,,,,,,,,,,,,,,,,,,,,,,,,,,,,,,,,,,,,,,,,,,,,,,,,,,,,,,,,,,,,,,,,,,,,,,,,,,,,,,,,,,,,,,,,1,,,,,,,,,,,,,,1,,,,,,,,,,,,,,,,,,,,,,F,,"1,Sx3",,,,,1,,,,,,5,0,0,0,20,10,0,,,,,,,
Ulvhaugen,5,25,TTI,21,25 TT1 21,,,8,2011,15-Aug,Presence,IH,1,,,,,,,,,,,1,,,,,,,,,,1,,,,,,,,,,,,,,,,,,,,,,,,,,,,,,,,,,,,,,,1,,,,,,,,,,,,,,,,,,,,,,,,,,,,,,,,,F,,,,,,,,,,,,,,,,,,,,,,,,,1,,,,,,,,,,,,,,,F,,,,,,,,,,,,,,,,,,,,,,,,,,,,,,,,,,1,,,,,,,1,,,,,,40,0,0,0,10,0,0,,,,,,,
Ulvhaugen,5,25,TTI,21,25 TT1 21,,,9,2011,15-Aug,Presence,IH,1,,,,,,,,,,,1,,,,,,,,,,1,,,,,,,,,,,,,,,,,,,,,,,,,,,,,,,,,,,,,,,1,,,,,,,,,,,,,,,,,,,,,,,,,,,,,,,,,,,,,,,,,,,,,,,,,,,,,,,,,,,,,,,,,,,,,,,,,,,,,,,,,,,,,1,,,,,,,,,,,,,,,,,,,,,,,,,,,,,1,,,,,,30,0,0,0,15,0,0,,,,,,,
Ulvhaugen,5,25,TTI,21,25 TT1 21,,,10,2011,15-Aug,Presence,IH,1,,,,1,,,,,1,,1,,,,,,,,,,,,,,,,,,,,,,,,,,,,,,,,,,,,,,,,,,,,,,,,,1,,,,,,,,,,,,,,,,,,,,,,,,,,,,,,,,,,,,,,,,,,,,,,,,,,,,,,,,,,1,,,,,,1,,,,,,,1,,,,,,,,,,,,,,1,,,,,,,,,,,,,,,,,,,,,,,,,,,,,Sx2,,,,,,5,0,0,0,10,10,0,,,,,,,
Ulvhaugen,5,25,TTI,21,25 TT1 21,,,11,2011,15-Aug,Presence,IH,1,,1,,1,,,,,,,,,,,,,,,F,,,,,,,,,,,,,,,,,,,,,,,,,,,,,1,,,,,,,,,,,,1,,,,,,,,,,,,,,,,,,,,,,,,,,,,,,,,,,,,,,,,,,,,,,,,,,,,,,,,,,,,,,,,,,,,,,,,,,,,,,,,,,,,,1,,,,,,,,,,,,,,,,,,,,,,F,,,,,,,1,,,,,,2,0,0,0,10,5,0,,,,,,,
Ulvhaugen,5,25,TTI,21,25 TT1 21,,,12,2011,15-Aug,Presence,IH,1,,F,,,,,,,,,,,,,,,,,,,,,,,,,,,,,,,,,,,,,,,,,,,,,,,,,,,,,,,,,,1,,,,,,,,,,,,,,,,,,,,,,,,,,,,,,,,,,,,,,,,,,,,1,,,,,,,,,,,,,,,,,,,,,,,,,,,,,,,,,,,,,,,,,1,,,,,,,,,,,,,,,,,,,,,,1,,,,,,,1,,,,,,25,0,0,0,10,0,0,,,,,,,
Ulvhaugen,5,25,TTI,21,25 TT1 21,,,13,2011,15-Aug,Presence,IH,D,,,,1,,,,,1,,1,,,,,,,,,,1,,,,,,,,,,,,,,,,,,,,,,,,,,,,,,,,,,,,,,,1,,,,,,,,,,,,,,,,,,,,,,,,,,,,,,,,,,,,,,,,,,,,1,,,,,,,,,,,,,,1,,,,,,,,,,,,,,,,,,,,,,,,,,,1,,,,,,,,,,,,,,,,,,,,,,,,,,,,,,,,,,,30,0,0,0,12,0,0,,,,,,,
Ulvhaugen,5,25,TTI,21,25 TT1 21,,,14,2011,15-Aug,Presence,IH,D,,1,,,,,,,,,,,,,,,,,,,"1,S",,,,,,,,,,,,,,,,,,,,,,,,,,,,,,,,,,,,,,,1,,,,,,,,,1,,,,,,,,,,,,,,,,,,,,,,,,,,,,,,,,,,,1,,,,,,,,,,,,,,,,,,,,,,,,,,,,,1,,,,,,,,,,,,1,,,,,,,,,,,,,,,,,,,,,,,,,,,,,1,,,,,,50,0,0,0,5,0,0,,,,,,,
Ulvhaugen,5,25,TTI,21,25 TT1 21,,,15,2011,15-Aug,Presence,IH,1,,,,1,,,,,,,,,,,,,,,,,1,,,,,,,,,,,,,,,,,,,,,,,,,,,1,,,,,,,,,,,,,,,,,,,,,,,,,,,,,,,,,,,,,,,,,,,,,,,,,,,,,,,,1,,,,,,,,,,,,,,,,,,,,,,,,,,,,,,,,,,,,,,,,,,,,,,,,,,,,,,,,,,,,,,,F,,,,,,,1,,,,,,5,0,0,0,30,0,0,,,,,,,
Ulvhaugen,5,25,TTI,21,25 TT1 21,,,16,2011,15-Aug,Presence,IH,D,,1,,1,,,,,1,,1,,,,,,,,,,1,,,,,,,,,,,,,,,,,,,,,,,,,,,,,,,,,,,,,,,1,,,,,,,,,,,,,,,,,,,,,,,,,,,,,,,,,F,,,,,,,,,,,,,,,,,,,,,,,,,,,,,,,,,,,,,,,,,,,,,,,,,,,,,,,,,,,,,,,,,,,,,,,,,,,,,,,,,,,,,,,2,0,0,1,50,0,0,,,,,,,
Ulvhaugen,5,25,TTI,21,25 TT1 21,,,17,2011,15-Aug,Presence,IH,1,,,,,,,,,,,1,,,,,,,,,,,,,,,,,,,,,,,,,,,,,,,,,,,,,,,,,,,,,,,,1,1,,,,,,,,,,,,,,,,,,,,,,,,,,,,,,,,,,,,,,,,,,,,,,,,,,,,,,,,,,,,,,,,,,,,,,,,,,,,,,,,,,,,,1,,,,,,,,,,,,,,,,,,,,,,,,,,,,,1,,,,,,20,0,0,0,20,0,0,,,,,,,
Ulvhaugen,5,25,TTI,21,25 TT1 21,,,18,2011,15-Aug,Presence,IH,1,,1,,,,,,,,,,,,,,,,,1,,,,,,,,,,,,,,,,,,,,,,,,,,,,,,,,,,,,,,,,,1,,,,,,,,,,,,,,,,,,,,,,,,,,,,,,,,,,,,,,,,,,,,,,,,,,,,,,,,,,1,,,,,,,,,,,,,,,,,,,,,,,,,,,1,,,,,,,,,,,,,,,,,,,,,,,,,,,,,1,,,,,,25,0,0,5,5,0,0,,,,,,,
Ulvhaugen,5,25,TTI,21,25 TT1 21,,,19,2011,15-Aug,Presence,IH,1,,1,,,,,,,,,,,,,,,,,,,1,,,,,,,,,,,,,,,,,,,,,,,,,,,,,,,,,,,,,,,1,,,,,,,,,,,,,,,,,,,,,,,,,,,,,,,,,,,,,,,,,,,,1,,,,,,,,,,,,,,1,,,,,,,,,,,,,,,,,,,,,,,,,,,,,,,,,,,,,,,,,,,,,,,,,,,,,,,,1,,,,,,40,0,0,0,5,10,0,,,,,,,
Ulvhaugen,5,25,TTI,21,25 TT1 21,,,20,2011,15-Aug,Presence,IH,1,,,,1,,,,,,,,,,,,,,,,,1,,,,,,,,,,,,,,,,,,,,,,,,,,,,,,,,,,,,,,,1,,,,,,,,,,,,,,,,,,,,,,,,,,,,,,,,,,,,,,,,,,,,,,,,,,,,,,,,,,,,,,,,,,,,,,,,,,,,,,,,,,,,,,,,,,,,,,,,,,,,,,,,,,,F,,,,,,,,,,,,,5,0,0,0,15,10,0,,,,,,,
Ulvhaugen,5,25,TTI,21,25 TT1 21,,,21,2011,15-Aug,Presence,IH,1,,F,,"1,S",,,,,,,V,,,,,,,1,,,,,,,1cf,,,,,,,,,,,,,,,,,,,,,,,,,,,,,,,,,,,1,,,,,,,,,,,,,,,,,,,,,,,,,,,,,,,,,,,,,,,,,,,,1,,,,,,,,,,,,,,,,,,,,,,,,,,,,,,,,,,,,,,,,,,,,,,,,,,,,,,,,,,,,,,,,,,,,,,1,,,,,,7,0,0,0,20,0,0,,,,,,,
Ulvhaugen,5,25,TTI,21,25 TT1 21,,,22,2011,15-Aug,Presence,IH,1,,,,,,,,,,,1,,,,,,,,,,,,,,,,,,,,,,,,,,,,,,,,,,,,,,,,,,,,,,,,,1,,,,,,,,,1,,,,,,,,,,,,,,,,,,,,,F,,,,,,,,,,,,,,,,,,,,,,,,,,,,,,,,,,,,,,,,,,,,,,,,,,,,,,,1,,,,,,,,,,,,,,,,,,,,,,,,,,,,,1,,,,,,5,0,0,0,15,0,0,,,,,7,,
Ulvhaugen,5,25,TTI,21,25 TT1 21,,,23,2011,15-Aug,Presence,IH,1,,1,,,,,,,,,1,,,,,,,,,,,,,,,,,,,,,,,,,,,,,,,,,,,,,,,,,,,,,,,,,1,,,,,,,,,,,,,,,,,,,,,,,,,,,,,,,,,,,,,,,,,,,,1,,,,,,,,,,,,,,,,,,,,,,,,,,,,,,,,,,,,,,,,,1,,,,,,,,,,,,,,,,,,,,,,,,,,,,,1,,,,,,10,0,0,30,10,0,0,,,,,6,,
Ulvhaugen,5,25,TTI,21,25 TT1 21,,,24,2011,15-Aug,Presence,IH,1,,1,,,,,,,,,1,,,,,,,,,,1,,,,,,,,,,,,,,,,,,,,,,,,,,,,,,,,,,,,,,,1,,,,,,,,,1,,,,,,,,,,,,,,,,,,,,,,,,,,,,,,,,,,,1,,,,,,,,,,,,,,,,,,,,,,,,,,,1,,,1,,,,,,,,,,,,,,,,,,,,,,,,,,,,,,,,,,,,,,,,1,,,,,,10,0,0,10,5,0,0,,,,,3,,
Ulvhaugen,5,25,TTI,21,25 TT1 21,,,25,2011,15-Aug,Presence,IH,1,,1,,,,,,,,,1,,,,,,,,,,1,,,,,,,,,,,,,,,,,,,,,,,,,,,,,,,,,,,,,,,1,,,,,,,,,,,,,,,,,,,,,,,,,,,,,,,,,1,,,,,,,,,,,1,,,,,,,,,,,,,,,,,,,,,,,,,,,1,,,,,,,,,,,,,,,,,,,,,,,,,,,,,,,,,,,,,,,,,,,1,,,,,,5,0,0,0,15,0,0,,,,,3,,
Ulvhaugen,5,25,TTI,21,25 TT1 21,,,%,2011,15-Aug,Cover,IH,25,,10,,5,,,,,2,,8,,,,,,,1,3,,5,,,,1,,,,,,,,,,,,,,,,,,,,,,,3,,,,,,,,,,,3,8,,,,,,,,,4,,,,,,,,,,,,,,,,,,,,,1,,,2,,,,,,,,,,,5,,,,,,,,,,,,,,3,,,,,,1,,,,,,,3,,1,1,,,,,,,,,,,4,,,,,,,,,,,,,,,,,,,,,,8,,1,,,,,10,,,,,,16.16,0,0,1.84,14.68,2,0,,70,10,0,4.75,1,
,,,,,,,,,,,,,,,,,,,,,,,,,,,,,,,,,,,,,,,,,,,,,,,,,,,,,,,,,,,,,,,,,,,,,,,,,,,,,,,,,,,,,,,,,,,,,,,,,,,,,,,,,,,,,,,,,,,,,,,,,,,,,,,,,,,,,,,,,,,,,,,,,,,,,,,,,,,,,,,,,,,,,,,,,,,,,,,,,,,,,,,,,,,,,,,,,,,,,,,,,,,,,,
Ulvhaugen,5,23,TTC,23,23 TTC,,TTC,1,2011,15-Aug,Presence,IH,1,,1,,,,,,,,,,,,,,,,,,,1,,,,,,,,,,,,,,,,,,,,,,,,,,,,,,,,,,,,,,,1,,,,,,,,,,,,,,,,,,,,,,,,,,,,,,,,,,,,,,,,,,,,,,,,,,,,,,,,,,1,,,,,,,,,,,,,,,,1,,,,,,,,,,,,,,,,,,,,,,,,,,,,,,,,,"1,J",,,,,,,,,,,,,10,0,0,0,15,0,0,,,,,,,
Ulvhaugen,5,23,TTC,23,23 TTC,,TTC,2,2011,15-Aug,Presence,IH,,,,,"1,S",,,,,,,,,,,,,,,,,F,,,,,,,,,,,,,,,,,,,,,,,,,,,1,,,,,,,,,,,,1,,,,,,,,,,,,,,,,,,,,,,,,,,,,,,,,,,,,,,,,,,,,1,,,,,,,,,,,,,,,,,,,,,,,,,,,,,,,,,,,,,,,,,,,,,,,,,,,,,,,,,,,,,,,1,,,,,,,,,,,,,5,0,0,0,10,0,0,,,,,,,
Ulvhaugen,5,23,TTC,23,23 TTC,,TTC,3,2011,15-Aug,Presence,IH,1,,,,1,,,,,,,,,,,,,,,,,1,,,,,,,,,,,,,,,,,,,,,,,,,,,D,,,,,,,,,,,,1,,,,,,,,,,,,,,,,,,,,,,,,,,,,,,1,,,,,,,,,,,,,,1,,,,,,,,,,,,,,,,,,,,,,,,,,,,,,,,,,,,,,,,,,,,,,,,,,,,,,,,,,,,,,,1,,,,,,,,,,,,,5,0,0,0,15,0,0,,,,,,,
Ulvhaugen,5,23,TTC,23,23 TTC,,TTC,4,2011,15-Aug,Presence,IH,D,,,,1,,,,,,,,,,,,,,,,,1,,,,,,,,,,,,,,,,,,,,,,,,,,,,,,,,,,,,,,,1,,,,,,,,,,,,,,,,,,,,,,,,,,,,,,,,,,,,,,,,,,,,1,,,,,,,,,,,,,,,,,,,,,,,,,,,,,,,,,,,,,,,,,,,,,,,,,,,,,,,,,,,,,,,1,,,,,,,,,,,,,5,0,0,10,20,0,0,,,,,,,
Ulvhaugen,5,23,TTC,23,23 TTC,,TTC,5,2011,15-Aug,Presence,IH,D,,1,,,,,,,,,,,,,,,,,,,,,,,,,,,,,,,,,,,,,,,,,,,,,,,,,,,,,,,,,,1,,,,,,,,,,,,,,,,,,,,,,,,,,,,,,,,,,,,,,,,,,,,1,,,,,,,,,,,,,,,,,,,,,,,,,,,,,,,,,,,,,,,,,,,,,,,,,,,,,,,,,,,,,,,1,,,,,,,,,,,,,10,0,0,0,15,0,0,,,,,,,
Ulvhaugen,5,23,TTC,23,23 TTC,,TTC,6,2011,15-Aug,Presence,IH,1,,1,,"1,J",,,,1,,,,,,,,,,,,,F,,,,,,,,,,,,,,,,,,,,,,,,,,,,,,,,,,,,,,,1,,,,,,,,,,,,,,,,,,,,,,,,,,,,,,,,,,,,,,,,,,,,,,,,,,,,,,,,,,1,,,,,,1,,,,,,,,,,,,,,,,,,,,,1,,,,,,,,,,,,,,,,,,,,,,1,,,,,,,,,,,,,5,0,0,0,25,0,0,,,,,,,
Ulvhaugen,5,23,TTC,23,23 TTC,,TTC,7,2011,15-Aug,Presence,IH,1,,1,,1,,,,,,,,,,,,,,,,,,,,,,,,,,,,,,,,,,,,,,,,,,,,,,,,,,,,,,,,1,,,,,,,,,,,,,,,,,,,,,,,,,,,,,,,,,,,,,,,,,,,,1,,,,,,,,,,,,,,,,,,,,,,,,,,,,,,,,,,,,,,,,,1,,,,,,,,,,,,,,,,,,,,,,,,,,,,,,,,,,,5,0,0,0,20,0,0,1,,,,,,
Ulvhaugen,5,23,TTC,23,23 TTC,,TTC,8,2011,15-Aug,Presence,IH,D,,1,,1,,,,,,,,,,,,,,,,,,,,,,,,,,,,,,,,,,,,,,,,,,,,,,,,,,,,,,,,1,,,,,,,,,,,,,,,,,,,,,,,,,,,,,,,,,,,,,,,,,,,,,,,,,,,,,,,,,,,,,,,,,,,,,,,,,,,,,,,,,,,,,,,,,,,,,,,,,,,,,,,,,,,,,,,,,,,,,,,,10,0,0,0,15,0,0,,,,,,,
Ulvhaugen,5,23,TTC,23,23 TTC,,TTC,9,2011,15-Aug,Presence,IH,1,,1,,F,,,,,,,,,,,,,,,,,,,,,,,,,,,,,,,,,,,,,,,,,,,,,,,,,,,,,,,,1,,,,,,,,,,,,,,,,,,,,,,,,,,,,,,,,,,,,,,,,,,,,,,,,,,,,,,,,,,,,,,,,,,,,,,,,,,,,,,,,,,,,,,,,,,,,,,,,,,,,,,,,,,,,,,,,,,,,,,,,10,0,0,0,60,0,0,,,,,,,
Ulvhaugen,5,23,TTC,23,23 TTC,,TTC,10,2011,15-Aug,Presence,IH,D,,1,,"1,S",,,,,,,,,,,,,,,,,"1,J",,,,,,,,,,,,,,,,,,,,,,,,,,,,,,,,,,,,,,,1,,,,,,,,,,,,,,,,,,,,,,,,,,,,,,,,,,,,,,,,,,,,,,,,,,,,,,,,,,,,,,,,,,,,,,,,,,1,,,,,,,,,,,,,,,,,,,,,,,,,,,,,,,,,,,,,,,,,,,,,,20,0,0,0,20,0,0,,,,,,,
Ulvhaugen,5,23,TTC,23,23 TTC,,TTC,11,2011,15-Aug,Presence,IH,1,,1,,D,,,,,1,,,,,,,,,,,,1,,,,,,,,,,,,,,,,,,,,,,,,,,,,,,,,,,,,,,,1,,,,,,,,,,,,,,,,,,,,,,,,,,,,,,,,,,,,,,,,,,,,1,,,,,,,,,,,,,,,,,,,,,,,,,,,,,,,,,,,,,,,,,"1,J",,,,,,,,,,,,,,,,,,,,,,1,,,,,,,,,,,,,20,0,0,0,40,0,0,,,,,,,
Ulvhaugen,5,23,TTC,23,23 TTC,,TTC,12,2011,15-Aug,Presence,IH,1,,1,,DF,,,,,1,,,,,,,,,,,,,,,,,,,,,,,,,,,,,,,,,,,,,,,,,,,,,,,,,,,1,,,,,,,,,,,,,,,,,,,,,,,,,,,,,,,,,,,,,,,,,,,,,,,,,,,,,,,,,,,,,,,,,,,,,,,,,F,,,,,,,,,,,,,,,,,,,,,,,,,,,,,,,,,,,,,,,,,,,,,,,10,0,0,5,25,0,0,,,,,,,
Ulvhaugen,5,23,TTC,23,23 TTC,,TTC,13,2011,15-Aug,Presence,IH,1,,1,,DF,,,,,,,,,,,,,,,,,,,,,,,,,,,,,,,,,,,,,,,,,,,,,,,,,,,,,,,,1,,,,,,,,,,,,,,,,,,,,,,,,,,,,,,,,,,,,,,,,,,,,,,,,,,,,,,,,,,,,,,,,,,,,,,,,,,,,,,,,,,,,,,,,,,,,,,,,,,,,,,,,,,,,,,,,,,,,,,,,10,0,0,0,50,0,0,,,,,,,
Ulvhaugen,5,23,TTC,23,23 TTC,,TTC,14,2011,15-Aug,Presence,IH,1,,1,,DF,,,,,,,1,,,,,,,,,,,,,,,,,,,,,,,,,,,,,,,,,,,,,,,,,,,,,,,,,1,,,,,,,,,,,,,,,,,,,,,,,,,,,,,,,,,,,,,,,,,,,,,,,,,,,,,,,,,,,,,,,,,,,,,,,,,,,,,,,,,,,,,,,,,,,,,,,,,,,,,,,,,,,,,,,,,,,,,,,,15,0,0,0,40,0,0,,,,,,,
Ulvhaugen,5,23,TTC,23,23 TTC,,TTC,15,2011,15-Aug,Presence,IH,1,,1,,1,,,,,1,,,,,,,,,,,,1,,,,,,,,,,,,,,,,,,,,,,,,,,,,,,,,,,,,,,,1,,,,,,,,,,,,,,,,,,,,,,,,,,,,,,,,,,,,,,,,,,,,,,,,,,,,,,,,,,,,,,,,,,,,,,,,,,,,,,,,,,,,,,,,,,,,,,,,,,,,,,,,,,,"1,J",,,,,,,,,,,,,10,0,0,0,30,0,0,,,,,,,
Ulvhaugen,5,23,TTC,23,23 TTC,,TTC,16,2011,15-Aug,Presence,IH,1,,1,,F,,,,,1,,,,,,,,,,,,F,,,,,,,,,,,,,,,,,,,,,,,,,,,,,,,,,,,,,,,1,,,,,,,,,,,,,,,,,,,,,,,,,,,,,,,,,,,,,,,,,,,,1,,,,,,,,,,,,,,,,,,,,,,,,,,,,,,,,,,,,,,,,,,,,,,,,,,,,,,,,,,,,,,,,,,,,,,,,,,,,15,0,0,0,15,0,0,,,,,,,
Ulvhaugen,5,23,TTC,23,23 TTC,,TTC,17,2011,15-Aug,Presence,IH,1,,1,,1,,,,,1,,,,,,,,,,F,,,,,,,,,,,,,,,,,,,,,,,,,,,,,,,,,,,,,,,,,1,,,,,,,,,,,,,,,,,,,,,,,,,,,,,,,,,,,,,,,,,,,,1,,,,,,,,,,,,,,,,,,,,,,,,,,,1,,,,,,,,,,,,,,,,,,,,,,,,,,,,,,,,,,,,,,,,,,,1,,,,,,12,0,0,0,10,0,0,,,,,,,
Ulvhaugen,5,23,TTC,23,23 TTC,,TTC,18,2011,15-Aug,Presence,IH,1,,1,,,,,,,,,,,,,,,,,1,,1,,,,,,,,,,,,,,,,,,,,,,,,,,,,,,,,,,,,,,,,,,,,,,,,,,,,,,,,,,,,,,,,,,,,,,,,,,,,,,,,,,,,,,,,,,,,,,,,,,,,,,,,,,,,,,,,,,,,,,,,,,,,,,,,,,,,,,,,,,,,,,,,,,,,,,,,,,,,,,,10,0,0,0,25,0,0,,,,,,,
Ulvhaugen,5,23,TTC,23,23 TTC,,TTC,19,2011,15-Aug,Presence,IH,1,,1,,"1,J",,,,,,,,,,,,,,,1,,,,,,,,,,,,,,,,,,,,,,,,,,,,,,,,,,,,,,,,,1,,,,,,,,,,,,,,,,,,,,,,,,,,,,,,,,,,,,,,,,,,,,,,,,,,,,,,,,,,,,,,,,,,,,,,,,,,,,,,,,,,,,,,,,,,,,,,,,,,,,,,,,,,,,,,,,,,,,,,,,10,0,0,0,30,0,0,,,,,,,
Ulvhaugen,5,23,TTC,23,23 TTC,,TTC,20,2011,15-Aug,Presence,IH,1,,1,,1,,,,,,,,,,,,,,,,,1,,,,,,,,,,,,,,,,,,,,,,,,,,,1,,,,,,,,,,,,1,,,,,,,,,,,,,,,,,,,,,,,,,,,,,,,,,,,,,,,,,,,,,,,,,,,,,,,,,,,,,,,,,,,,,,,,,,,,,,,,,,,,,,,,,,,,,,,,,,,,,,,,,,,,,,,,,,1,,,,,,10,0,0,0,25,0,0,,,,,,,
Ulvhaugen,5,23,TTC,23,23 TTC,,TTC,21,2011,15-Aug,Presence,IH,D,,1,,,,,,,,,,,,,,,,,,,1,,,,,,,,,,,,,,,,,,,,,,,,,,,,,,1,,,,,,,,,1,,,,,,,,,,,,,,,,,,,,,,,,,,,,,,,,,,,,,,,,,,,,1,,,,,,,,,,,,,,,,,,,,,,,,,,,1,,,,,,,,,,,,,,,,,,,,,,,,,,,,,,,,,,,,,,,,,,,1,,,,,,5,2,0,5,10,0,0,,,,,,,
Ulvhaugen,5,23,TTC,23,23 TTC,,TTC,22,2011,15-Aug,Presence,IH,1,,1,,1,,,,,,,,,,,,,,,,,1,,,,,,,,,,,,,,,,,,,,,,,,,,,,,,1,,,,,,,,,1,,,,,,,,,,,,,,,,,,,,,,,,,,,,,,,,,,,,,,,,,,,,1,,,,,,,,,,,,,,,,,,,,,,,,,,,1,,,,,,,,,,,,,,,,,,,,,,,,,,,,,,,,,,,,1,,,,,,,,,,,,,5,2,0,0,15,0,0,,,,,10,,
Ulvhaugen,5,23,TTC,23,23 TTC,,TTC,23,2011,15-Aug,Presence,IH,D,,1,,1,,,,,,,,,,,,,,,F,,,,,,,,,,,,,,,,,,,,,,,,,,,,,,,,,,,,,,,,,,,,,,,,,,,,,,,,,,,,,,,,,,,,,,,,,,,,,,,,,,,,,1,,,,,,,,,,,,,,,,,,,,,,,,,,,,,,,,,,,,,,,,,,,,,,,,,,,,,,,,,,,,,,,,,,,,,,,,,,,,4,3,0,0,10,0,0,,,,,10,,
Ulvhaugen,5,23,TTC,23,23 TTC,,TTC,24,2011,15-Aug,Presence,IH,D,,1,,1,,,,,,,,,,,,,,,,,,,,,,,,,,,,,,,,,,,,,,,,,,,,,,,,,,,,,,,,,,,,,,,,,,,,,,,,,,,,,,,,,,,,,,,,,,,,,,,,,,,,1,,,,,,,,,,,,,,,,,,,,,,,,,,,,,,,,,,,,,,,,,,,,,,,,,,,,,,,,,,,,,,,,,,,,,,,,,,,,10,0,0,0,15,0,0,,,,,5,,
Ulvhaugen,5,23,TTC,23,23 TTC,,TTC,25,2011,15-Aug,Presence,IH,1,,1,,1,,,,,,,,,,,,,,,,,1,,,,,,,,,,,,,,,,,,,,,,,,,,,1,,,,,,,,,,,,1,,,,,,,,,,,,,,,,,,,,,,,,,,,,,,,,,,,,,,,,,,,,1,,,,,,,,,,,,,,,,,,,,,,,,,,,,,,,,,,,,,,,,,,,,,,,,,,,,,,,,,,,,,,,,,,,,,,,,,,,,5,0,0,0,20,0,0,,,,,6,,
Ulvhaugen,5,23,TTC,23,23 TTC,,TTC,%,2011,15-Aug,Cover,IH,35,,10,,25,,,,1,2,,1,,,,,,,,3,,3,,,,,,,,,,,,,,,,,,,,,,,,,,,8,,,1,,,,,,,,,8,,,,,,,,,,,,,,,,,,,,,,,,,,,,,,1,,,,,,,,,,,,,,8,,,,,,,,,,,,,,1,,,,,,1,,,,,,,2,,1,1,,,,,,,,,,,2,,,,,,,,,,,,,,,,,,,,,,6,,,,,,,3,,,,,,9.44,0.28,0,0.8,23,0,0,,90,10,1,7.75,1,
