OriginSite,OriginBlock,originPlotID,TTtreat,destinationPlotID,turfID,RTtreat ,GRtreat,Old treat (label),subPlot,year,date,Measure,recorder,Ach mil,Agr cap,Agr mer ,Alc alp,Alc sp,Ant dio,Ant odo,Ave fle,Bet pub,Car pil,Cal vul,Cam rot,Car cap,Car ech,Car fla,Car nig,Car pal,Car pan,Car pau,Car pul,Car sax,Car vag,Cer fon,Cir pal,Des ces,Eup fri,Eup str,Fes rub,Fes viv,Geu riv,Hie pil,Hyp mac,Jun alp,Kna arv,Leo aut,Leo vul,Lot cor,Luz mul,Luz pil,Nar str,Oma nor,Oma syl,Oxa ace,Pim sax,Pin vul,Pla lan,Poa pra,Pot ere,Pru vul,Rum ac-la,Ran acr,Ran aur,Ran rep,Rhi min,Rum ace,Sag sag,Sag sp,Sal her,Sel sel,Sib pro,Sol vir,Sor auc,Ste gra,Tar sp,Tha alp,Thalict,Tri pra,Tri rep,Vac uli,Ver alp,Ver cha,Ver off,Ver ser,Vio pal,Vio riv,Vio tri,Vio sp,Nid seedling,pleuro,acro,liver,lichen,litter,soil,rock,totalVascular,totalBryophytes,totalLichen,vegetationHeight,mossHeight,comment
Veskre,1,261,TT2,303,261 TT2 303,,,C,1,2009,19-Aug,Presence,W,,1,,,1,,,,,,,,,,,,,,,,,,,,,,,1,,,,,,,,,,,,,,,,,,,,1,,,,,,,,,,,,,,,,,,,,1,,,,,,,,,,,30,0,0,0,20,0,0,,,,,,
Veskre,1,261,TT2,303,261 TT2 303,,,C,2,2009,19-Aug,Presence,W,,,1cf,1,,,1,,,,,,,,1,,,,,,,,,,,,S,1,,,,,,,,,,,,,,,,,,,,F,,,,,,,,,,,,,,,,,,,,1,,1,,,,,,,,,10,0,0,0,20,0,0,,,,,,
Veskre,1,261,TT2,303,261 TT2 303,,,C,3,2009,19-Aug,Presence,W,,,,F,,,,,,,,,,,1,,,,,,,,,,,,,,,,,,,,,,,,,,,,,,,,,,,,,,,,,,,,,,,,,,,1,,1,,,,1,,,,,,,15,0,0,0,15,0,0,,,,,,
Veskre,1,261,TT2,303,261 TT2 303,,,C,4,2009,19-Aug,Presence,W,,,,1,,,,,,1,,,,,1,,,,,,,,,,,,,1,,,,,,,,,,,,1,,,,,,,,,S,,,,,,,,,,,,,,,,,,,1,,,,F,,,,,,,5,0,0,0,10,10,0,,,,,,
Veskre,1,261,TT2,303,261 TT2 303,,,C,5,2009,19-Aug,Presence,W,,,,1,,,,,,,,,,,,,,,,,,,,,,,,,,,,,,,,,,,,D,,,,,,,,,,,,,,,,,,,,,,,,,,1,,1,,,,1,,,,,,,5,0,0,0,15,10,0,,,,,,
Veskre,1,261,TT2,303,261 TT2 303,,,C,6,2009,19-Aug,Presence,W,,1,,1,1,,F,,,,,,,,,,,,,,,,,,,,,1,,,,,,,,,,,,,,,,,,,,,,,,,,,,,,,,,,,,,,,,1,,,,,,,,,,,2,0,0,0,20,0,0,,,,,,
Veskre,1,261,TT2,303,261 TT2 303,,,C,7,2009,19-Aug,Presence,W,,1,,F,,,1,,,1,,,,,,,,,,,,,,,,,,,,,,,,,,,,,,,,,,,,,,,,,,,,,,,,,,,,,,,,,,F,,,,,,,,,,,2,0,0,0,20,0,0,,,,,,
Veskre,1,261,TT2,303,261 TT2 303,,,C,8,2009,19-Aug,Presence,W,,1,,1,,,,,,1,,1,,,,,,,,,,,,,,,,1,,,,,,,,,,,,,,,,,,,,F,,,,,,,,,,,,,,,,,,,,F,,,,,,,,,,,15,0,0,0,15,0,0,,,,,,
Veskre,1,261,TT2,303,261 TT2 303,,,C,9,2009,19-Aug,Presence,W,,,,D,,,1,,,1,,,,,,,,,,,,,,,,,,1,,,,,,,,,,,,1,,,,,,,,,1,,,,,,,,,,,,,,,,,,,1,,,,1,,,,,,,15,0,0,0,10,0,0,,,,,,
Veskre,1,261,TT2,303,261 TT2 303,,,C,10,2009,19-Aug,Presence,W,,1,,,,,,,,,,,,,,,,,,,,,,,,,,1,,,,,,,,,,,,,,,,,,,,,,,,,,,,,,,,,,,,,,,,1,,,,1,,,,,,,25,0,0,0,10,0,0,,,,,,
Veskre,1,261,TT2,303,261 TT2 303,,,C,11,2009,19-Aug,Presence,W,,1,,,1,,1,,,,,,,,,,,,,,,,,,,,S,1,,,,,,,,,,,,,1,,,,,,,,,,,,,,,,,,,,,,,,,,,F,,,,,,,,,,,25,0,0,0,10,0,0,,,,,,
Veskre,1,261,TT2,303,261 TT2 303,,,C,12,2009,19-Aug,Presence,W,,,1cf,,F,,F,,,,,,,,1,,,,,,,,,,,,,,,,,,,,,,,,,,,,,,,,,1,1,,,,,,,,,,,,,,,,,,,F,,,,,,,,,,,10,0,0,0,15,0,0,,,,,,
Veskre,1,261,TT2,303,261 TT2 303,,,C,13,2009,19-Aug,Presence,W,,1,,,1,,1,,,,,,,,1,,,,,,,,,,,,,1,,,,,,,,,,,,,,,,,,,,,1,,,,,,,,,,,,,,,,,,,F,,,,1,,,,,,,10,0,0,0,10,0,0,,,,,,
Veskre,1,261,TT2,303,261 TT2 303,,,C,14,2009,19-Aug,Presence,W,,1,,1,1,,1,,,,,,,,,,,,,,,,,,,,,1,,,,,,,,,,,,,,,,,,,,1,1,,,,,,,,,,,,,,,,,,,F,,,,1,,,,,,,15,0,0,0,5,0,0,,,,,,
Veskre,1,261,TT2,303,261 TT2 303,,,C,15,2009,19-Aug,Presence,W,,1,,,S,,,,,,,,,,,,,,,,,,,,,,,1,,,,,,,,,,,,,,,,,,,,,1,,,,,,,,,,,,,,,,,,,1,,,,1,,,,,,,50,0,0,0,5,0,0,,,,,,
Veskre,1,261,TT2,303,261 TT2 303,,,C,16,2009,19-Aug,Presence,W,,1,,,,,1,,,,,,,,,,,,,,,,,,,,,,,,1,,,,,,,,,,1,,,,,,,1,1,,,,,,,,,,,,,,,,,,,1,,,,,,,,,,,5,0,0,0,10,0,0,,,,,,
Veskre,1,261,TT2,303,261 TT2 303,,,C,17,2009,19-Aug,Presence,W,,,,,,,1,,,,,,,,,,,,,,,,,,,,,1,,,,,,,,,,,,,,,,,,,,,F,,,,,,,,,,,,,,,,,,,1,,,,1,,,,,,,10,0,0,0,15,0,0,,,,,,
Veskre,1,261,TT2,303,261 TT2 303,,,C,18,2009,19-Aug,Presence,W,,1,,,1,,1,,,,,,,,,,,,,,,,,,,,,,,,,,,,,,,,,,,,,,,,,,1,,,,,,,,,,,,,,,,,,,1,,,,1,,1,,,,,15,0,0,0,10,0,0,,,,,,
Veskre,1,261,TT2,303,261 TT2 303,,,C,19,2009,19-Aug,Presence,W,,1,,,1,,,,,,,,,,,,,,,,,,,,,,,,,,,,,,,,,,,,,,,,,,,,1,,,,,,,,,,,,,,,,,,,1,,,,,,1,,,,,20,0,0,0,15,0,0,,,,,,
Veskre,1,261,TT2,303,261 TT2 303,,,C,20,2009,19-Aug,Presence,W,,1,,,,,,,,,,1,,,,,,,,,,,,,1,,,,,,,,,,,,,,,,,,,,,,,,1,,,,,,,,,,,,,,,,,,,1,,,,1,,,,,,,35,0,0,0,10,0,0,,,,,,
Veskre,1,261,TT2,303,261 TT2 303,,,C,21,2009,19-Aug,Presence,W,,1,,,,,1,,,,,,,,,,,,,,,,,,,,,1,,,,,,,,,,,,,,,,,,,,F,,,,,,,,,,,,,,,,,,,,1,1,,,,,,,,,,5,0,0,0,5,0,0,,,,,,
Veskre,1,261,TT2,303,261 TT2 303,,,C,22,2009,19-Aug,Presence,W,,1,,,,,,,,,,1,,,,,,,,,,,,,,,,,,,,,,,,,,,,,,,,,,,,1,1,,,,,,,,,,,,,,,,,1,,1,,,,,,1,,,,,5,0,0,0,5,15,0,,,,8,2.5,
Veskre,1,261,TT2,303,261 TT2 303,,,C,23,2009,19-Aug,Presence,W,,1,,,,,,,,,,,,,1,,,,,,,,,,,,,1,,,,,,,,,,,,,,,,,,,,F,,,,,,,,,,,,,,,,,,,,1,,,,,,1,,,,,10,0,0,0,10,2,0,,,,4,,Car fla 1?
Veskre,1,261,TT2,303,261 TT2 303,,,C,24,2009,19-Aug,Presence,W,,1,,,,,,,,,,,,,,,,,,,,,,,1,,,1,,,,,,,,,,,,,,,,,,,,1,1,,,,,,,,,,,,,,,,,,,1,,,,,,1,,,,,20,0,0,0,5,2,0,,,,8,,
Veskre,1,261,TT2,303,261 TT2 303,,,C,25,2009,19-Aug,Presence,W,,1,,,,,1,,,,,,,,,,,,,,,,,,D,,,,,,,,,,,,,,,,,,,,,,,1,,,,,,,,,,,,,,,,,,,,1,,,,,,,,,,,0,0,0,0,0,0,0,,,,3,,
Veskre,1,261,TT2,303,261 TT2 303,,,C,%,2009,19-Aug,Cover,W,,25,1,4,8,,4,,,2,,1,,,1,,,,,,,,,,3,,1,3,,,1,,,,,,,,,5,1,,,,,,,6,9,,,,,,,,,,,,,,,,,1,,18,1,1,,6,,3,,,,,14.36,0,0,0,11.4,1.56,0,95,20,0,5.75,2.5,
,,,,,,,,,,,,,,,,,,,,,,,,,,,,,,,,,,,,,,,,,,,,,,,,,,,,,,,,,,,,,,,,,,,,,,,,,,,,,,,,,,,,,,,,,,,,,,,,,,,,,,,,
Veskre,1,262,TT1,265,262 TT1 265,,,1,1,2009,19-Aug,Presence,W,,1,,,,,,,,,,,,,,,,,,,,1,,,,,,1,,,,,,,,,,,,,,,,,,,,"1,S",F,,,,,,,,,,,,,,,,,,,1,,,,,,,,,,1,30,0,0,0,10,2,0,,,,,,
Veskre,1,262,TT1,265,262 TT1 265,,,1,2,2009,19-Aug,Presence,W,,1,,,,,1,,,,,,,,,,,,,,,1,,,,,,,,,,,,,,,,,,,,,,,,,,1,,,,,,,,,,,,,,,,,,,,1,,,,,,,,,,,20,0,0,0,15,2,0,,,,,,
Veskre,1,262,TT1,265,262 TT1 265,,,1,3,2009,19-Aug,Presence,W,,1,,,,,,,,,,,,,,,,,,,,,,,,,,,,,,,,,,,,,,,,,,,,,,,,,,,,,,,,,,,,,,,,,,F,,,,1,,,,,,,5,0,0,0,5,40,0,,,,,,
Veskre,1,262,TT1,265,262 TT1 265,,,1,4,2009,19-Aug,Presence,W,,1,,,1,,,,,,,,,,,,,,,,,1,,,,,,,1,,,,,,,,,,,,,,,,,,,1,,,,,,,,,,,,,,,,,,1,,1,1,,,1,,1,,,,,15,0,0,0,10,0,0,,,,,,
Veskre,1,262,TT1,265,262 TT1 265,,,1,5,2009,19-Aug,Presence,W,,1,,,,,1,,,,,1,,,,,,,,,,,,,,,,,,,,,,,,,,,,,,,,,,,,1,,,,,,,,,,,,,1,,,,,1,,1,,,,1,,,,,,,20,0,0,0,10,0,0,,,,,,
Veskre,1,262,TT1,265,262 TT1 265,,,1,6,2009,19-Aug,Presence,W,,1,,,,,,,,,,,,,,,,,,,,1,,,,,,1,,,,,,,,,,,,,,,,,,,,1,D,,,,,,,,,,,,,,,,,,,1,,,,,,1,,,,,30,0,0,0,10,0,0,,,,,,
Veskre,1,262,TT1,265,262 TT1 265,,,1,7,2009,19-Aug,Presence,W,,1,,,1,,1,,,,,,,,,,,,,,,1,,,,,,,,,,,,,,,,,,,,,,,,,,F,1,,,,,,,,,,,,,,,,,,,1,,,,,,1,,,,,10,0,0,0,30,0,0,,,,,,
Veskre,1,262,TT1,265,262 TT1 265,,,1,8,2009,19-Aug,Presence,W,,1,,,1,,,,,,,,,,,,,,,,,1,,,,,,S,,,,,,,,,,,,,,,,,,,,,,,,,,,,,,,,,,,,,,,,1,,,,,,,,,,,15,0,0,0,10,5,0,,,,,,
Veskre,1,262,TT1,265,262 TT1 265,,,1,9,2009,19-Aug,Presence,W,,,,,,,1,,,,,1,1,,,,,,,,,,,,,,,1,1,,,,,,,,,,,,,,,,,,,F,1,,,,,,,,,,,,,,,,,1,,1,,,,,,1,,,,,15,0,0,0,15,5,0,,,,,,
Veskre,1,262,TT1,265,262 TT1 265,,,1,10,2009,19-Aug,Presence,W,,,,,,,1,,,,,,,,,,,,,,,,,,,,,1,,,,,,,,,,,,,,,,,,,,1,,,,,,,,,,,,,1,,,,,1,,1,,,,1,,,,,,,15,0,0,0,10,0,0,,,,,,
Veskre,1,262,TT1,265,262 TT1 265,,,1,11,2009,19-Aug,Presence,W,,,,,,,1,,,,,,,,,,,,,,,1,,,,,,1,,,,,,,,,,,,,,,,,,,,1,1,,,,,,,,,,,,,,,,,,,1,,,,,,,,,,,10,0,0,0,15,2,0,,,,,,
Veskre,1,262,TT1,265,262 TT1 265,,,1,12,2009,19-Aug,Presence,W,,1,,,,,,,,,,,,,,,,,,,,1,,,,,,1,,,,,,,,,,,,,,,,,,,,1,,,,,,,,,,,,,,,,,,,,F,,,,,,,,,,,15,0,0,0,10,20,0,,,,,,
Veskre,1,262,TT1,265,262 TT1 265,,,1,13,2009,19-Aug,Presence,W,,1,,,,,1,,,,,,,,,,,,,,,1,,,,,,1,,,,,,,,,,,,,,,,,,,,F,1,,,,,,,,,,,,,,,,,,,1,,,,,,1,,,,,25,0,0,0,10,0,0,,,,,,
Veskre,1,262,TT1,265,262 TT1 265,,,1,14,2009,19-Aug,Presence,W,,,,,,,1,,,,,,,,,,,,,,,1,,,,,,1,,,,,,,,,,,,,,,,,,,,,1,,,,,,,,,,,,,,,,,,,1,,,,,,1,,,,,30,0,0,0,15,0,0,,,,,,
Veskre,1,262,TT1,265,262 TT1 265,,,1,15,2009,19-Aug,Presence,W,,1,,,,,1,,,,1,,,,,,,,,,,,,,,,,,,,,,,,,,,,,,,,,,,,,1,1,,,,,,,,,,,,,,,,,,,F,,,,1,,1,,,,,15,0,0,0,20,0,0,,,,,,
Veskre,1,262,TT1,265,262 TT1 265,,,1,16,2009,19-Aug,Presence,W,,1,,,,,,,,,,,,,,,,,,,,1,,,1,,,,,,,,,,,,,,,,,,,,,,,F,F,,,,,,,,,,,,,,,,,1,,,,,,,,,,,,,10,0,0,0,20,0,0,,,,,,
Veskre,1,262,TT1,265,262 TT1 265,,,1,17,2009,19-Aug,Presence,W,,,,1,,,,,,,,,,,,,,,,,,,,,D,,,1,,,,,,,,,,,,,,,,,,,,"1,S",,,,,,,,,,,,,,,,,,1,,,,,,,,,,,,,30,0,0,0,10,0,0,,,,,,
Veskre,1,262,TT1,265,262 TT1 265,,,1,18,2009,19-Aug,Presence,W,,1,,1,,,,,,,,,,,,,,,,,,,,,,,,,,,,,,,,,,,,,,,,,,,,1,,,,,,,,,,,,,,,,,,1,,1,,,,,,,,,,1,10,0,0,0,10,20,0,,,,,,
Veskre,1,262,TT1,265,262 TT1 265,,,1,19,2009,19-Aug,Presence,W,,1,,,,,,,,,1,,,,,,,,,,,1,,,,,,1,,,,,,,,,,,,,,,,,,,,,,,,,,,,,,,,,,,,,,1,,1,,,,,,,,,,1,15,0,0,0,10,0,0,,,,,,
Veskre,1,262,TT1,265,262 TT1 265,,,1,20,2009,19-Aug,Presence,W,,1,,,,,,,,,1,,,,,,,,,,,1,,,,,,1,,,,,,,,,,,,,,,,,,,,F,,,,,,,,,,,,,,,,,,,,1,,,,,,,,,,,10,0,0,0,25,0,0,,,,,,
Veskre,1,262,TT1,265,262 TT1 265,,,1,21,2009,19-Aug,Presence,W,,1,,,,,,,,,,,,,,,,,,,,1,,,1,,,1,,,,,,,,,,,,,,,,,,,,,1,,,,,,,,,,,,,,,,,,,1,,,,,,,,,,,15,0,0,0,15,0,0,,,,,,
Veskre,1,262,TT1,265,262 TT1 265,,,1,22,2009,19-Aug,Presence,W,,1,,,,,,,,1,,1,,,,,,,,,,,,,D,,,,,,,,,,,,,,,,,,,,,,,"1,S",,,,,,,,,,,,,,,,,,,,,,,,,,1,,,,,10,0,0,0,10,0,0,,,,3,1.5,
Veskre,1,262,TT1,265,262 TT1 265,,,1,23,2009,19-Aug,Presence,W,,1,,1,,,,,,1,,,,,,,,,,,,1,,,,,,,1,1,,,,,,,,,,,,,,,,,,"1,S",,,,,,,,,,,,,,,,,,1,,1,,,,,,,,,,,10,0,0,0,15,15,0,,,,3,,
Veskre,1,262,TT1,265,262 TT1 265,,,1,24,2009,19-Aug,Presence,W,,1,,1,,,,,,,1,,,,,,,,,,,,,,,,,1,,,,,,,,,,,,,,,,,,,,1,,,,,,,,,,,,,,,,,,,,1,,,,,,,,,,,10,0,0,0,15,0,0,,,,4,,
Veskre,1,262,TT1,265,262 TT1 265,,,1,25,2009,19-Aug,Presence,W,,1,,,,,1,,,,,,,,,,,,,,,1,,,,,,1,,,,,,,,,,,,,,,,,,,,F,,,,,,,,,,,,,,,,,,1,,,,,,,,,,,,,10,0,0,0,10,0,0,,,,2,,
Veskre,1,262,TT1,265,262 TT1 265,,,1,%,2009,19-Aug,Cover,W,,10,,2,3,,2,,,2,2,1,1,,,,,,,,,8,,,5,,,3,1,2,,,,,,,,,,,,,,,,,,9,5,,,,,,,,,,,,3,,,,,1,,25,1,,,3,,6,,,,1,16,0,0,0,13.4,4.44,0,85,20,0,3,1.5,
,,,,,,,,,,,,,,,,,,,,,,,,,,,,,,,,,,,,,,,,,,,,,,,,,,,,,,,,,,,,,,,,,,,,,,,,,,,,,,,,,,,,,,,,,,,,,,,,,,,,,,,,
Veskre,1,263,TTC,263,263 TTC,,,2,1,2009,19-Aug,Presence,KK,,1,,1,,,1,,,,,,,,,,,,,,,1,,,,,,1,1,,,,,,,,,,,,,,,,,,,,1,,,,,,,,,,,,,,,,,,,1,,,,1,,,,,,1,30,0,0,0,5,0,0,,,,,,
Veskre,1,263,TTC,263,263 TTC,,,2,2,2009,19-Aug,Presence,KK,,1,1cf,1,,,,,,,,,,,,,,,,,,,,,,,,,,,,,,,,,,,,,,,,,,,,,1,,,,,,,,,,,1,,,,,,,,1,,,,,,1,,,,,20,0,0,0,2,0,0,,,,,,
Veskre,1,263,TTC,263,263 TTC,,,2,3,2009,19-Aug,Presence,KK,,1,,,,,,,,,,,,,,,,,,,,1,,,,,,1,,,,,,,,,,,,1,,,,,,,,,,,,,,,,,,,,1,,,,,,,,1,,,,1,,,,,,,10,0,0,0,5,0,0,,,,,,
Veskre,1,263,TTC,263,263 TTC,,,2,4,2009,19-Aug,Presence,KK,,1,1cf,,1,,,,,,,,,,,,,,,,,,,,1,,S,1,,,1,,,,,,,,,1,,,,,,,,1,,,,,,,,,,,,1,,,,,,,,1,,,,,,,,,,,10,0,0,0,5,0,0,,,,,,
Veskre,1,263,TTC,263,263 TTC,,,2,5,2009,19-Aug,Presence,KK,,1,,,,,1,,,,,,,,,,,,,,,1,,,1,,S,1,,,1,,,,,,,,,,,,,,,,,1,,,,,,,,,,,,,,,,,,1,,1,,,,1,,,,,,,10,0,0,0,5,0,0,,,,,,
Veskre,1,263,TTC,263,263 TTC,,,2,6,2009,19-Aug,Presence,KK,,1,,,,,1,,,,,,,,,,,,,,,1,,,,,,1,,,,,,,,,,1,,,,,,,,,,1,1,,,,,,,,,,,,,,,,,,,1,,,,,,,,,,,5,0,0,0,10,0,0,,,,,,
Veskre,1,263,TTC,263,263 TTC,,,2,7,2009,19-Aug,Presence,KK,,1,,,,,1,,,,,,,,,,,,,,,,,,,,,1,,,,,,,,,,,,,,,,,,,,1,,,,,,,,,,,,1,,,,,,,,1,,,,,,,,,,,20,0,0,0,5,0,0,,,,,,
Veskre,1,263,TTC,263,263 TTC,,,2,8,2009,19-Aug,Presence,KK,,1,,1,,,,,,,,,,,,,,,,,,1,,,,,,1,,,,,,,,,,,,,,,,,,,,F,,,,,,,,,,,,1,,,,,,,,1,,,,1,,,,,,,20,0,0,0,5,0,0,,,,,,
Veskre,1,263,TTC,263,263 TTC,,,2,9,2009,19-Aug,Presence,KK,,1,1cf,,,,1,,,,,,,,,,,,,,,1,,,,,,,,,1,,,,,,,,,,,,,,,,,1,,,,,,,,,,,,1,,,,,,,,1,,,,1,,,,,,,10,0,0,0,5,0,0,,,,,,
Veskre,1,263,TTC,263,263 TTC,,,2,10,2009,19-Aug,Presence,KK,,1,,,,,1,,,,,,,,,,,,,,,,,,,,,,,,,,,,,,,,,,,,,,,,,S,,,,,,,,1,,,,,,,,,,1,,1,,,,1,,,,,,,10,0,0,0,5,0,0,,,,,,
Veskre,1,263,TTC,263,263 TTC,,,2,11,2009,19-Aug,Presence,KK,,1,,1,,,,,,,,,,,,,,,,,,1,,,,,,,,,,,,,,,,,,,,,,,,,,,1,,,,,,,,,,,,,,,,,,,1,,,,1,,,,,,,5,0,0,0,5,0,0,,,,,,
Veskre,1,263,TTC,263,263 TTC,,,2,12,2009,19-Aug,Presence,KK,,1,,1,,,,,,,,,,,,,,,,,,1,,,,,,,,,,,,,,,,,,,,,,,,,,1,1,,,,,,,,,,,,,,,,,1,,1,,,,1,,,,,,,10,0,0,0,5,0,0,,,,,,
Veskre,1,263,TTC,263,263 TTC,,,2,13,2009,19-Aug,Presence,KK,,1,,1,,,,,,,,,,,,,,,,,,1,,,,,,1,,,,,,,,,,,,,,,,,,,,1,1,,,,,,,,,,,1,,,,,,,,1,,,,1,,,,,,,10,0,0,0,5,0,0,,,,,,
Veskre,1,263,TTC,263,263 TTC,,,2,14,2009,19-Aug,Presence,KK,,1,,1,,,,,,,,,,,,,,,,,,,,,1,,,1,,,,,,,,,,,,,,,,,,,,S,,,,,,,,,,,,,,,,,,,,1,,,,1,,1,,,,,5,0,0,0,10,0,0,,,,,,
Veskre,1,263,TTC,263,263 TTC,,,2,15,2009,19-Aug,Presence,KK,,1,,,,,,,,,,,,,,,,,,,,,,,1,,,1,,,,,,,,,,,,1,,,,,,,,,1,,,,,,,F,,,,,,,,,,,,1,,,,,,1,,,,,5,0,0,0,5,0,0,,,,,,
Veskre,1,263,TTC,263,263 TTC,,,2,16,2009,19-Aug,Presence,KK,,1,,,,,F,,,,,,,,,,,,,,,1,,,,,,,,,,,,,,,,,,1,,,,,,,,,1,,,,,,,1,,,,,,,,,,,,1,,,,1,,,,,,,20,0,0,0,10,0,0,,,,,,
Veskre,1,263,TTC,263,263 TTC,,,2,17,2009,19-Aug,Presence,KK,,1,,,,,,,,,,,,,,,,,,,,,,,1,,,,,,,,,,,,,,,1,,,,,,,,,1,,,,,,,,,,,1,,,,,,,,1,,,,1,,,,,,,5,0,0,0,2,0,0,,,,,,
Veskre,1,263,TTC,263,263 TTC,,,2,18,2009,19-Aug,Presence,KK,,1,,,,,,,,,,,,,,,,,,,,1,,,1,,,,,,,,,,,,,,,,,,,,,,,1,1,,,,,,,,,,,,,,,,,,,1,,,,1,,,,,,,20,0,0,0,5,0,0,,,,,,
Veskre,1,263,TTC,263,263 TTC,,,2,19,2009,19-Aug,Presence,KK,,,,,,,,,,,,,1,,,,,,,,,,,,,,,1,,,,,,,,,,,,,,,,,,,,1,1,,,,,,,,,,,,,,,,,,,F,,,,1,,,,,,,20,0,0,0,5,0,0,,,,,,
Veskre,1,263,TTC,263,263 TTC,,,2,20,2009,19-Aug,Presence,KK,,,,,,,,,,,,,,,,,,,,,,1,,,,,,1,,,,,,,,,,,,1,,,,,,,,,1,,,,,,,,,,1,1,,,,,,,,1,,,,,,,,,,,5,0,0,0,5,0,0,,,,,,
Veskre,1,263,TTC,263,263 TTC,,,2,21,2009,19-Aug,Presence,KK,,,,,,,1,,,,,,,,,,,,,,,1,,,,,,,,,,,,,,,,,,1,,,,,,,,,,,,,,,,,,,,,,,,,,,,1,,,,,,1,,,,,2,0,0,0,2,0,0,,,,,,
Veskre,1,263,TTC,263,263 TTC,,,2,22,2009,19-Aug,Presence,KK,,,,,,,1,,,,,,,,,,,,,,,1,,,,,,,,,,,,,,,,,,1,,,,,,,,1,1,,,,,,,,,,,1,,,,,,,,,,,,,,,,,,,2,0,0,0,10,0,0,,,,2,1,
Veskre,1,263,TTC,263,263 TTC,,,2,23,2009,19-Aug,Presence,KK,,1,,,,,,,,,,,,,,,,,,,,1,,,,,,,,,,,,,,,,,,1,,,,,,,,,1,,,,,,,1,,,,1,,,,,,,,1,,,,,,,,,,,20,0,0,0,5,0,0,,,,5,1.5,
Veskre,1,263,TTC,263,263 TTC,,,2,24,2009,19-Aug,Presence,KK,,1,1cf,,,,,,,,,,,,,,,,,,,1,,,1,,,,,,,,,,,,,,,1,,,,,,,,1,,,,,,,,,,,,1,,,,,,,,1,,,,,,,,,,1,20,0,0,0,10,0,0,,,,4,2,
Veskre,1,263,TTC,263,263 TTC,,,2,25,2009,19-Aug,Presence,KK,,1,,,,,,,,,,,,,,,,,,,,1,,,,,,,,,,,,,,,,,,1,,,,,,,,,,,,,,,,,,,,1,,,,,,,,1,,,,,,,,,,,5,0,0,0,2,0,0,,,,4,1,
Veskre,1,263,TTC,263,263 TTC,,,2,%,2009,19-Aug,Cover,KK,,5,2,4,4,,3,,,,,,2,,,,,,,,,3,,,3,,2,4,1,,2,,,,,,,1,,8,,,,,,,,7,8,,,,,,,2,,,3,4,,,,,,2,,8,,,,9,,3,,,,1,11.96,0,0,0,5.52,0,0,85,20,0,3.75,1.375,
,,,,,,,,,,,,,,,,,,,,,,,,,,,,,,,,,,,,,,,,,,,,,,,,,,,,,,,,,,,,,,,,,,,,,,,,,,,,,,,,,,,,,,,,,,,,,,,,,,,,,,,,
Veskre,2,266,TT2,289,266 TT2 289,,,C,1,2009,19-Aug,Presence,KK,,,,,,,,,,1,,,,,,,,1,,,,1,,,,,,1,,,,,,,,,,,,,,,,,,,,1,1,,,,,,,,,,,,,,,,,,,,,,,,,,,,,,20,0,0,0,20,0,0,,,,,,
Veskre,2,266,TT2,289,266 TT2 289,,,C,2,2009,19-Aug,Presence,KK,,1,,,,,,,,F,,,,,,,,,,,,1,,,,,,,,,,,,,,,,1,,1,,,,,,,,F,,,,,,,,,,1,,,,,,,,,,,,,,,,,1,,,,10,0,0,0,10,0,0,,,,,,
Veskre,2,266,TT2,289,266 TT2 289,,,C,3,2009,19-Aug,Presence,KK,,1,,,,,,,,1,,,,,,,,,,,,1,,,,,,1,,,,,,,,,,F,,1,,,,,,,,,,,,,,,,,,,,,,,,,,,,,,,,,,,,,,,20,0,0,0,30,0,0,,,,,,
Veskre,2,266,TT2,289,266 TT2 289,,,C,4,2009,19-Aug,Presence,KK,,1,,,,,,,,1,,,,,,,,,,,,1,,,,,S,1,,,,,,,,,,1,,1,,,,,,,,1,1,,,,,,,,,,,,,,,,,,,,,,,,,,,,,,40,0,0,0,0,0,0,,,,,,
Veskre,2,266,TT2,289,266 TT2 289,,,C,5,2009,19-Aug,Presence,KK,,1,,,,,,,,,,,,,,,,1,,,,1,,,,,,,,,,,,,,,,,,,,,,,,,,,,,,,,,,,,,,,,,,,,,,,,,,1,,,,,,,30,0,0,0,0,0,0,,,,,,
Veskre,2,266,TT2,289,266 TT2 289,,,C,6,2009,19-Aug,Presence,KK,,,,,,,,,,1,,,,,,,,,,,,,,,,,,1,,,,,,,,,,,,,,,,,,,,,,,,,,,,,,,,,,,,,,,,,,,,,,,,,,,20,0,0,0,10,0,0,,,,,,
Veskre,2,266,TT2,289,266 TT2 289,,,C,7,2009,19-Aug,Presence,KK,,,,,,,1,,,F,,,,,,,,1,,,,,,,,,,,,,,,,,,,,,,,,,,,,,,F,,,,,,,,,,1,,,,,,,,,,,,,,,,,,,,,20,0,0,0,10,0,0,,,,,,
Veskre,2,266,TT2,289,266 TT2 289,,,C,8,2009,19-Aug,Presence,KK,,1,,,,,,,,1,,,,,,,,1,,,,1,,,,,,1,,,,,,,,,,,,,,,,,,,,1,1,,,,,,,,,1,,,,,,,,,,,,,,,,,,,,,40,0,0,0,5,0,0,,,,,,
Veskre,2,266,TT2,289,266 TT2 289,,,C,9,2009,19-Aug,Presence,KK,,1,,,,,,,,1,,,,,,,,,,,,1,,,,,SF,1,,,,,,,,,,,,1,,,,,,,,1,1,,,,,,,,,,,,,,,,,,,,,,,1,,,,,,,30,0,0,0,10,0,0,,,,,,1:motsatte blad (camp aktig)
Veskre,2,266,TT2,289,266 TT2 289,,,C,10,2009,19-Aug,Presence,KK,,1,,,,,,,,,,,,,,,,1,,,,1,,,,,SF,,,,,,,,,,,,,1,,,,,,,,1,,,,,,,,,,,,,,,,,,,,,,,,1,,1,,,,,20,0,0,0,0,0,0,,,,,,
Veskre,2,266,TT2,289,266 TT2 289,,,C,11,2009,19-Aug,Presence,KK,,D,,,,,,,,1,,,,,,,,,,,,,,,,,,,,,,,,,,,,,,,,,,,,,,1,,,,,,,,,,,,,,,,,,,,,,,,,,,,,,,10,0,0,0,5,0,0,,,,,,
Veskre,2,266,TT2,289,266 TT2 289,,,C,12,2009,19-Aug,Presence,KK,,1,,,,,,,,F,,,,,,,,,,,,1,,,,,,1,,,,,,,,,,,,1,,,,,,,,1,1,,,,,,,,,,,,,,,,,,,,,,,,,,,,,,10,0,0,0,20,0,0,,,,,,
Veskre,2,266,TT2,289,266 TT2 289,,,C,13,2009,19-Aug,Presence,KK,,,,,,,,,,1,,,,,,,,,,,,1,,,,,SF,,,,,,,,,,,,,,,,,,,,,1,1,,,,,,,,,,,,,,,,,,,,,,,,,,,,,,30,0,0,0,5,0,0,,,,,,
Veskre,2,266,TT2,289,266 TT2 289,,,C,14,2009,19-Aug,Presence,KK,,1,,,,,,,,,,,,,,,,1,,,,1,,,,,SF,1,,,,,,,,,,,,,,,,,,,,1,1,,,,,,,,,,,,,,,,,,,,,,,,,1,,,,,30,0,0,0,10,0,0,,,,,,
Veskre,2,266,TT2,289,266 TT2 289,,,C,15,2009,19-Aug,Presence,KK,,,,,,,F,,,,,,,,,,,1,,,,1,,,,,SF,1,,,,,,,,,,,,,,,,,,,,F,,,,,,,,,,,,,,,,,,,,,,,,,,,,,,,50,0,0,0,5,0,0,,,,,,
Veskre,2,266,TT2,289,266 TT2 289,,,C,16,2009,19-Aug,Presence,KK,,,,,,,,,,1,,,,,,,,,,,,1,,,,,,,,,,,,,,,,,,,,,,,,,,1,,,,,,,,,,,,,,,,,,,,1,,,,,,,,,,,5,0,0,0,10,0,0,,,,,,
Veskre,2,266,TT2,289,266 TT2 289,,,C,17,2009,19-Aug,Presence,KK,,1,,,,,1,,,1,,,,,,,,1,,,,1,,,,,,1,,,,,,,,,,,,1,,,,,,,,F,,,,,,,,,,,,,,,,1,,,,,,,,,,,,,,,30,0,0,0,5,0,0,,,,,,
Veskre,2,266,TT2,289,266 TT2 289,,,C,18,2009,19-Aug,Presence,KK,,1,,,,,1,,,,,,,,,,,,,,,1,,,,,,1,,,,,,,,,,1,,,,,,,,,,1,,,,,,,,,,1,,,,,,,,,,,,,,,,,,,,,30,0,0,0,10,0,0,,,,,,
Veskre,2,266,TT2,289,266 TT2 289,,,C,19,2009,19-Aug,Presence,KK,,1,,1,,,1,,,,,,,,,,,1,,,,,,,,,SF,1,,,,,,,,,,,,,,,,,,,,1,,,,,,,,,,,,,,,,,,,,,,,,,,,,,,,20,0,0,0,2,0,0,,,,,,
Veskre,2,266,TT2,289,266 TT2 289,,,C,20,2009,19-Aug,Presence,KK,,,,,,,1,,,1,,,,,,,,,,,,1,,,,,SF,1,,,,,,,,,,,,,,,,,,,,1,,,,,,,,,,,,,,,,,,,,,,,,,,1,,,,,20,0,0,0,10,0,0,,,,,,
Veskre,2,266,TT2,289,266 TT2 289,,,C,21,2009,19-Aug,Presence,KK,,1,,,,,,,,1,,,,,,,,,,,,,,,,,S,,,,,,,,,,,,,,,,,,,,,1,,,,,,,,,,,,,,,,,,,,,,,,,,,,,,,5,0,0,0,10,0,0,,,,,,
Veskre,2,266,TT2,289,266 TT2 289,,,C,22,2009,19-Aug,Presence,KK,,1,,,,,1,,,1,,,,,,,,1,,,,,,,,,,,,,,,,,,,,F,,,,,,,,,,F,,,,,,,,,,,,,,,,,,,,,,,,,,,,,,,10,0,0,0,10,0,0,,,,5,3,
Veskre,2,266,TT2,289,266 TT2 289,,,C,23,2009,19-Aug,Presence,KK,,1,,,,,1,,,1,,,,,,,,,,,,,,,,,,,,,,,,,,,,,,,,,,,,,,1,1,,,,,,,,,1,,,,,,,,,,,,,,,,,,,,,20,0,0,0,10,0,0,,,,6,,
Veskre,2,266,TT2,289,266 TT2 289,,,C,24,2009,19-Aug,Presence,KK,,1,,1,,,,,,1,,,,,,,,,,,,,,,1,,,1,,,,,,,,,,,,,,,,,,,,1,,,,,,,,,,,,,,,,,,,,1,,,,,,,,,,,20,0,0,0,10,0,0,,,,7,,
Veskre,2,266,TT2,289,266 TT2 289,,,C,25,2009,19-Aug,Presence,KK,,1,,,,,,,,1,,1,,,,,,,,,,,,,1,,,,,,,,,,,,,,,1,,1,,,,,,F,,,,,,,,,,,,,,,,,,,,,,,,,,1,,,,,0,0,0,0,0,0,0,,,,6,,
Veskre,2,266,TT2,289,266 TT2 289,,,C,%,2009,19-Aug,Cover,KK,,4,,2,,,5,,,10,,1,,,,,,4,,,,8,,,2,,4,3,,,,,,,,,,2,,2,,2,,,,,,8,5,,,,,,,,,4,,,,,,1,,,,2,,,,4,,3,1,,,,21.6,0,0,0,8.68,0,0,85,20,0,6,3,2:motsatte blad (camp aktig)
,,,,,,,,,,,,,,,,,,,,,,,,,,,,,,,,,,,,,,,,,,,,,,,,,,,,,,,,,,,,,,,,,,,,,,,,,,,,,,,,,,,,,,,,,,,,,,,,,,,,,,,,
Veskre,2,267,TT1,548,267 TT1 548,,,1,1,2009,20-Aug,Presence,KK,,,,,,,,,,F,,,,,,,,,,,,,,,,,,,,,,,,,,,,,,,,,,,,,,1,,,,,,,,,,,,,,,,,,,,,,,,1,,1,1,,,,20,0,0,0,10,0,0,,,,,,
Veskre,2,267,TT1,548,267 TT1 548,,,1,2,2009,20-Aug,Presence,KK,,1,,1,,,1,,,F,,,,,,,,1,,,,,,,,S,,1,,,,,,,1,,,,,,,,,,,,,,,,,,,,,,,,,,,,,,,,,1,,,,1,,,,,,,10,0,0,0,5,0,0,,,,,,
Veskre,2,267,TT1,548,267 TT1 548,,,1,3,2009,20-Aug,Presence,KK,,,,,1,,,,,1,,,,,,,,1,,,,,,,1,,,,,,,,,,1,,,,,,,,,,,,,1,,,,,,,,,,,,1,,,,,,,,,,,,,,,,,,,40,0,0,0,10,0,0,,,,,,
Veskre,2,267,TT1,548,267 TT1 548,,,1,4,2009,20-Aug,Presence,KK,,,,,1,,,,,,,,,,,,,1,,,,,,,1,,,1,,,,,,,,,,,,,,,,,,,,1,1,,,,,,,,,,,,,,,,,,,,,,,1,,,,,,,20,0,0,0,5,0,0,,,,,,
Veskre,2,267,TT1,548,267 TT1 548,,,1,5,2009,20-Aug,Presence,KK,,1,,,,,,,,1,,,,,,,,1,,,,,,,1,SF,,1,,,,,,,1,,,,,,,,,,,,,1,,,,,,,,,,,,,,,,,,,,,,,,1,,,,,,,20,0,0,0,10,0,0,,,,,,
Veskre,2,267,TT1,548,267 TT1 548,,,1,6,2009,20-Aug,Presence,KK,,1,,,,,,,,1,,,,,,,,1,,,,,,,,,,,,,,,,,1,,,,,,,,,,,,,1,,,,,,,,,,,,,,,,,,,,,,,,1,,,,,,,30,0,0,0,5,0,0,,,,,,
Veskre,2,267,TT1,548,267 TT1 548,,,1,7,2009,20-Aug,Presence,KK,,,,,,,,,,,,,,,,,,1,,,,,,,,,,,,,,,,,1,,,,,,,,,,,,,,,,,,,,,,,,,,,,,,,,,1,,,,,,,,,,,15,0,0,0,5,0,0,,,,,,
Veskre,2,267,TT1,548,267 TT1 548,,,1,8,2009,20-Aug,Presence,KK,,,,,D,,,,,,,,,,,,,1,,,,,,,,,,1,,,,,,,1,,,,,,,,,,,,,,,,,,,,,,,,,1,,,,,,,,1,,,,,,,,,,,20,0,0,0,20,0,0,,,,,,
Veskre,2,267,TT1,548,267 TT1 548,,,1,9,2009,20-Aug,Presence,KK,,1,,,1,,,,,,,,,,,1,,1,,,,,,,,,,1,,,,,,,1,,,,,,,,,,,,,,1,,,,,,,,,,,,,,,,,,,,,S,,,,1,,,,,30,0,0,0,10,0,0,,,,,,
Veskre,2,267,TT1,548,267 TT1 548,,,1,10,2009,20-Aug,Presence,KK,,1,,,,,,,,,,,,,,,,,,,,,,,,S,,1,,,,,,,1,,,,,,,,,,,,,1,,,,,,,,,,,,,,,,,,,,,,,,1,,1,,,,,20,0,0,0,5,0,0,,,,,,
Veskre,2,267,TT1,548,267 TT1 548,,,1,11,2009,20-Aug,Presence,KK,,,,,1,,,,,,,,,,,,,,,,,,,,,SF,,1,,,,,,,,,,,,,,,,,,,,1,,,,,,,,,,,,S,,,,,,,,,,,,1,,,,,,,40,0,0,0,2,0,0,,,,,,
Veskre,2,267,TT1,548,267 TT1 548,,,1,12,2009,20-Aug,Presence,KK,,,,,1,,,,,,,,,,,,,1,,,,,,,,S,,1,,,,,,,1,,,,,,,,,,,,,,,,,,,,,,,,,S,,,,,,,,1,,,,1,,,,,,,30,0,0,0,10,0,0,,,,,,
Veskre,2,267,TT1,548,267 TT1 548,,,1,13,2009,20-Aug,Presence,KK,,,,,,,,,,,,,,,,,,1,,,,,,,,,,1,,,,,,,,,,,,,,,,,,,,F,1,,,,,,,,,,,S,,,,,,,,,,,,1,,,,,,,20,0,0,0,10,0,0,,,,,,
Veskre,2,267,TT1,548,267 TT1 548,,,1,14,2009,20-Aug,Presence,KK,,1,,,1,,1,,,,,,,,,1,,,,,,,,,,,,1,,,,,,,F,,,,,,,,,,,,,1,1,,,,,,,,,,,,,,,,,,,,,,,1,,,,,,,20,0,0,0,5,0,0,,,,,,
Veskre,2,267,TT1,548,267 TT1 548,,,1,15,2009,20-Aug,Presence,KK,,1,,,,,,,,,,,,,,1,,,,,,,,,1,,,1,,,,,,,,,,,,,,,,,,,,1,,,,,,,,,,,,,,,,,,,,,,,,1,,1,,,,,30,0,0,0,10,0,0,,,,,,
Veskre,2,267,TT1,548,267 TT1 548,,,1,16,2009,20-Aug,Presence,KK,,,,,,,,,,1,,,,,,,,1,,,,,,,,SF,,1,,,,,,,,,,,,1,,,,,,,,,,,,,,,,,,,,,,,,,,,,,,,,,,,,,,,60,0,0,0,10,0,0,,,,,,
Veskre,2,267,TT1,548,267 TT1 548,,,1,17,2009,20-Aug,Presence,KK,,1,,,,,,,,,,,,,,1,,,,,,,,,,,,1,,,,,,,,,,,,,,,,,,,,,,,,,,,,,,,,,,,,,,,,,,,,,,,,,,,40,0,0,0,10,0,0,,,,,,
Veskre,2,267,TT1,548,267 TT1 548,,,1,18,2009,20-Aug,Presence,KK,,1,,,,,,,,,,,,,,1,,,,,,,,,,,,1,,,,,,,,,,,,,,,,,,,,1,1,,,,,,,,,,,,,,,,,,,,,,,1,,,,,,,40,0,0,0,10,0,0,,,,,,
Veskre,2,267,TT1,548,267 TT1 548,,,1,19,2009,20-Aug,Presence,KK,,,,,1,,,,,,,,,,,F,,,,,,,,,,,,1,,,,,,,1,,,,,,,,,,,,,F,1,,,,,,,,,,,,,,,,,,,,,,,,,,,,,,20,0,0,0,5,0,0,,,,,,
Veskre,2,267,TT1,548,267 TT1 548,,,1,20,2009,20-Aug,Presence,KK,,,,,1,,,,,,,,,,,1,,,,,,,,,,,,1,,,,,,,1,,,,,,,,,,,,,,,,,,,,,,,,,,,,,,,,,,,,,,,,,,,,20,0,0,0,5,0,0,,,,,,
Veskre,2,267,TT1,548,267 TT1 548,,,1,21,2009,20-Aug,Presence,KK,,,,,,,,,,1,,,,,,,,,,,,,,,,SF,,,,,,,,,,,,,,D,,,,,,,,,,,,,,,,,,,,,,,,,,,,,,,,,,,,,,,10,0,0,0,20,0,0,,,,,,
Veskre,2,267,TT1,548,267 TT1 548,,,1,22,2009,20-Aug,Presence,KK,,,,,,,,,,F,,,,,,1,,,,,,,,,1,SF,,1,,,,,,,,,,,,1,,,,,,,,1,,,,,,,,,,,,,,,,,,,,,,,,,,,,,,,10,0,0,0,20,0,0,,,,5,2,
Veskre,2,267,TT1,548,267 TT1 548,,,1,23,2009,20-Aug,Presence,KK,,1,,,,,1,,,1,,,,,,1,,,,,,,,,,,,1,,,,,,,,,,,,,,,,,,,,1,,,,,,,,,,,,,,,,,,,,,,,,,,,,,,,40,0,0,0,5,0,0,,,,3,2.5,
Veskre,2,267,TT1,548,267 TT1 548,,,1,24,2009,20-Aug,Presence,KK,,,,,,,,,,,,,,,,1,,,,,,,,,,,,1,,,,,,,F,,,,,,,,,,,,,1,,,,,,,,,,,,,,,,,,,,,,,,1,,,,,,,20,0,0,0,5,0,0,,,,5,3,
Veskre,2,267,TT1,548,267 TT1 548,,,1,25,2009,20-Aug,Presence,KK,,1,,,1,,,,,,,,,,,,,1,,,,,,,,SF,,1,,,,,,,1,,,,,,,,,,,,,F,1,,,,,,,,,,,,,,,,,,,,,,,1,,1,,,,,20,0,0,0,10,0,0,,,,4,2,
Veskre,2,267,TT1,548,267 TT1 548,,,1,%,2009,20-Aug,Cover,KK,,5,,1,20,,2,,,8,,,,,,6,,5,,,,,,,3,4,,3,,,,,,,4,,,,,5,,,,,,,,8,7,,,,,,,,,,,2,,,,,,,,4,,1,,9,,5,2,,,,25.8,0,0,0,8.88,0,0,70,40,0,4.25,2.375,
,,,,,,,,,,,,,,,,,,,,,,,,,,,,,,,,,,,,,,,,,,,,,,,,,,,,,,,,,,,,,,,,,,,,,,,,,,,,,,,,,,,,,,,,,,,,,,,,,,,,,,,,
Veskre,2,270,TTC,270,270 TTC,,,4,1,2009,19-Aug,Presence,W,,1,,,1,,,,,1,,,,,,,,,,,,,,,,,,,,,,,,,1,,,1,,,,,,,,,,1,1,,,,,,,,,,,,,,,,,,,,,,,,,,,,,,15,0,0,0,5,0,0,,,,,,
Veskre,2,270,TTC,270,270 TTC,,,4,2,2009,19-Aug,Presence,W,,,,,1,,1,,,,,,,,,,,,,,,,,,,,S,,,,,,,,,,,,,,,,,,,,,1,1,,,,,,,,,,,,,,,,,,,,,,,1,,1,,,,,10,0,0,0,10,0,0,,,,,,
Veskre,2,270,TTC,270,270 TTC,,,4,3,2009,19-Aug,Presence,W,,1,,,,,,,,,,,,,,,1,,,,,,,,,,,,,,,,,,,,,,,,,,,,,,,1,1,,,,,,,,,,,1,,,,,,1,,,,,,,,1,,,,,30,0,0,0,2,0,0,,,,,,
Veskre,2,270,TTC,270,270 TTC,,,4,4,2009,19-Aug,Presence,W,,,,,,,,,,1,,,,,,,1,,,,,,,,,,,,,,,,,,,,,,,,,,,,,,,1,F,,,,,,,,,,,1,,,,,,1,,,,,,,,,,,,,30,0,0,0,3,0,0,,,,,,
Veskre,2,270,TTC,270,270 TTC,,,4,5,2009,19-Aug,Presence,W,,1,,,,,,,,1,,,,,,1,,,,,,,,,,,,1,,,,,,,1,,,,,,,,,,,,,1,,,,,,,,,,,,F,,,,,,,,,,,,,,1,1,,,,25,0,0,0,2,0,0,,,,,,
Veskre,2,270,TTC,270,270 TTC,,,4,6,2009,19-Aug,Presence,W,,,,,,,,,,,,,,,,1,,,1,,,,,,,,,,,,,,,,1,,,,,,,,,,,,,1,1,,,,,,,,,,,,,,,,,1,,,,,,,,1,,,,,10,0,0,0,2,0,0,,,,,,
Veskre,2,270,TTC,270,270 TTC,,,4,7,2009,19-Aug,Presence,W,,1,,,,,,,,1,,,,,,1,1,,,,,,,,,,,,,,,,,,1,,,1,,1,,,,,,,,1,1,,,,,,,,,,,,,,,,,1,,,,,,,,1,,,,,20,0,0,0,2,0,0,,,,,,
Veskre,2,270,TTC,270,270 TTC,,,4,8,2009,19-Aug,Presence,W,,,,,,,,,,1,,,,,,1,1,,,,,,,1,,,,1,,,,,,,,,,,,1,,,,,,,,1,,,,,,,,,,,,1,,,,,,1,,,,,,1,,1,,,,,20,0,0,0,5,0,0,,,,,,
Veskre,2,270,TTC,270,270 TTC,,,4,9,2009,19-Aug,Presence,W,,,,,,,,,,1,,,,,,,,1,,,,,,1,,,,1,,,,,,,1,,,,,,,,,,,,,1,1,,,,,,,,,,,1,,,,,,1,,,,,,,,,,,,,20,0,0,0,5,0,0,,,,,,
Veskre,2,270,TTC,270,270 TTC,,,4,10,2009,19-Aug,Presence,W,,,,,1,,,,,1,,1,,,,,,1,,,,,,,,,,1,,,,,,,1,,,,,,,,,,,,,1,,,,,,,,,,,,1,,,,,,,,,,,,1,,1,,,,,15,0,0,0,2,0,0,,,,,,
Veskre,2,270,TTC,270,270 TTC,,,4,11,2009,19-Aug,Presence,W,,1,,,,,,,,,,,1,,,,,,1,,,,,,,,S,,,,,,,,,,,,,,,,,,,,,1,1,,,,,,,,,,,,,,,,,1,,,,,,1,,,,,,,20,0,0,0,2,0,0,,,,,,
Veskre,2,270,TTC,270,270 TTC,,,4,12,2009,19-Aug,Presence,W,,1,,,,,,,,,,,,,,,,,,,,,,,,,,,,,,,,,,,,,,1,,,,,,,,1,,,,,,,,,,,1,,,,,,,1,,,,,,1,,1,,,,,8,0,0,0,3,0,0,,,,,,
Veskre,2,270,TTC,270,270 TTC,,,4,13,2009,19-Aug,Presence,W,,,,,,,,,,1,,,,,,1,,,,,,,,1,,,,1,,,,,,,,,,,,1,,,,,,,,1,,,,,,,,,,,,1,,,,,,1,,,,,,1,,,,,,,5,0,0,0,5,0,0,,,,,,
Veskre,2,270,TTC,270,270 TTC,,,4,14,2009,19-Aug,Presence,W,,1,,1,,,,,,1,,,,,,,,,,,,,,1,,,,1,,,,,,,,,,,,,,,,,,,,1,1,,,,,,,,,,,1,,,,,,1,,,,,,,,,,,,,15,0,0,0,10,0,0,,,,,,
Veskre,2,270,TTC,270,270 TTC,,,4,15,2009,19-Aug,Presence,W,,1,,,1,,,,,1,,,,1,,,,1,,,,,,,,,,1,,,,,,,1,,,,,,,,,,,,,1,,,,1,,,,,,,,1,,,,,,,,,,,,1,,1,,,,,10,0,0,0,10,0,0,,,,,,
Veskre,2,270,TTC,270,270 TTC,,,4,16,2009,19-Aug,Presence,W,,,,,,,,,,,,,1,,,,,,1,,,,,,,,,1,,,,,,,1,,,,,,,,,,,,,,F,,,,,,,,,,,,,,,,,1,,,,,,,,,,,,,15,0,0,0,5,0,0,,,,,,
Veskre,2,270,TTC,270,270 TTC,,,4,17,2009,19-Aug,Presence,W,,,,,,,,,,1,,,1,,,,,,,,,,,,,,,,,,,,,,1,,,,,,,,,,,,,1,1,,,,,,,,,,,,,,,,,1,,,,,,1,,1,,,,,10,0,0,0,2,0,0,,,,,,
Veskre,2,270,TTC,270,270 TTC,,,4,18,2009,19-Aug,Presence,W,,,,,,,,,,1,,,1,,,,1,,,,,,,,,,,,,,,,,,,,,,,,,,,,,,,1,,,,,,,,,,,,,,,,,,1,,,,,,1,,1,,,,,10,0,0,0,10,0,0,,,,,,
Veskre,2,270,TTC,270,270 TTC,,,4,19,2009,19-Aug,Presence,W,,,,,,,,,,,,,,,,,,,,,,,,1,,,,,,,,,,,,,,,,,,,,,,,,1,,,,,,,,,,,,,,,,,,1,,,,,,1,,,,,,,30,0,0,0,5,0,0,,,,,,
Veskre,2,270,TTC,270,270 TTC,,,4,20,2009,19-Aug,Presence,W,,1,,,1,,1,,,,,,,,,,,,,,,,,,1,,,,,,,,,,,,,,,,,,,,,,,1,,,,,,,,,,,,,,,,,,1,,,,,,1,,,,,,,15,0,0,0,5,0,0,,,,,,
Veskre,2,270,TTC,270,270 TTC,,,4,21,2009,19-Aug,Presence,W,,,,,,,,,,,,,,,,,,,1,,,,,,,,SF,1,,,,,,,1,,,,,,,,,,,,,1,1,,,,,,,,,,,,,,,,,1,,,,,,,,,,,,,10,0,0,0,10,0,0,,,,,,
Veskre,2,270,TTC,270,270 TTC,,,4,22,2009,19-Aug,Presence,W,,,,,,,,,,1,1,,,,,,,1,,,,,,,,,,1,,,,,,,1,,,,,,,,,,,,,1,,,,,,,,,,,,,,,,,,1,,,,,,1,,1,,,,,20,0,0,0,5,0,0,,,,4,1,
Veskre,2,270,TTC,270,270 TTC,,,4,23,2009,19-Aug,Presence,W,,,,,,,,,,,1,,,,,,1,,,,,,,,,,,1,,,,,,,,,,,,,,,,,,,,1,,,,,,,,,,,,,,,,,,1,,,,,,1,,1,,,,,10,0,0,0,20,0,0,,,,5,1,
Veskre,2,270,TTC,270,270 TTC,,,4,24,2009,19-Aug,Presence,W,,,,,,1,,,,1,1,,,,,,1,,,,,,,,1,,,1,,,,,,,1,,,,,,,,,,,,,,,,,,,,,,,,,,,,,,,1,,,,,,,,1,,,,,20,0,0,0,10,0,0,,,,2,2,
Veskre,2,270,TTC,270,270 TTC,,,4,25,2009,19-Aug,Presence,W,,,,,1,1,1,,,1,,,,1,,,,,,,,,,,1,,,1,,,,,,,,,,,,,,,,,,,,,1,,,,,F,,,,,,,,,,,,,,,,,,,,,,,,,0,0,0,0,0,0,0,,,,3,2,
Veskre,2,270,TTC,270,270 TTC,,,4,%,2009,19-Aug,Cover,W,,3,,2,10,4,2,,,6,4,2,3,3,,3,4,3,4,,,,,10,2,,3,5,,,,,,,4,,,2,,2,,,,,,,,7,8,,,1,,2,,,,,2,4,,,,,,6,,,,,,6,,5,1,,,,15.72,0,0,0,5.6,0,0,75,16,0,3.5,1.5,
,,,,,,,,,,,,,,,,,,,,,,,,,,,,,,,,,,,,,,,,,,,,,,,,,,,,,,,,,,,,,,,,,,,,,,,,,,,,,,,,,,,,,,,,,,,,,,,,,,,,,,,,
Veskre,3,271,TTC,271,271 TTC,,,C,1,2009,19-Aug,Presence,KK,,,,,,,1,,,,,,,,,,,1,,,,,,,1,,,,,,,,,,,,,,,,,,,,,,,1,1,,,,,,,,,,,,,,,,,1,,1,,,,,,,,,,,5,0,0,0,5,0,0,,,,,,
Veskre,3,271,TTC,271,271 TTC,,,C,2,2009,19-Aug,Presence,KK,,1,,,,,,,,,,,1,,,,,1,,,,,,,1,,,1,,,,,,,,,,,,,,,,,,,,1,1,,,,,,,,,,,,,,,1,,,,1,,,,,,,,,,,5,0,0,0,5,0,0,,,,,,
Veskre,3,271,TTC,271,271 TTC,,,C,3,2009,19-Aug,Presence,KK,,1,1cf,,,,,,,,,,1,,,,,,,,,,,,,,,1,,,,,,,1,,,,,,,,,,,,,,1,,,,,,,,,,,,,,,,,1,,1,,,,,,,,,,,10,0,0,0,5,2,0,,,,,,
Veskre,3,271,TTC,271,271 TTC,,,C,4,2009,19-Aug,Presence,KK,,1,,,,,,,,,,,,,,,,,,,,,,,1,,,,,,,,,,1,,,,,,,,,,,,,,1,,,,,,,,,,,,,,,,,,,1,,,,,,,,,,,10,0,0,0,2,2,0,,,,,,
Veskre,3,271,TTC,271,271 TTC,,,C,5,2009,19-Aug,Presence,KK,,1,,,1,,,,,1,,,,,,,,,,,,,,,1,,,,,,,,,,,,,,,,,,,,,,,,1,,,,,,,,,,,,,,,,,,,,,,,,,,,,,,5,0,0,0,2,20,0,,,,,,
Veskre,3,271,TTC,271,271 TTC,,,C,6,2009,19-Aug,Presence,KK,,1,,,,,,,,,,,,,,,,1,,,,,,,1,,,1,,,1,,,,1,,,,,,,,,,,,,,1,,,,,,,,,,,,,,,,,,,1,,,,,,,1,,,,10,0,0,0,0,10,0,,,,,,
Veskre,3,271,TTC,271,271 TTC,,,C,7,2009,19-Aug,Presence,KK,,1,,,,,,,,1,,,,,,,,,,,,,,,,,,1,,,,,,,1,,,,,,,,,,,,,,1,,,,,,,,1,,,,,1,,,,,,1,,,,,,,,,,,5,0,0,0,5,5,0,,,,,,
Veskre,3,271,TTC,271,271 TTC,,,C,8,2009,19-Aug,Presence,KK,,1,,,,,,,,1,,,,,,,,,,,,1,,,,,,,,,1,,,,F,,,,,,1,,,,,,,,1,,,1,,,,,,,,,,,,,,,,1,,,,,,,,,,,10,0,0,0,5,0,0,,,,,,
Veskre,3,271,TTC,271,271 TTC,,,C,9,2009,19-Aug,Presence,KK,,1,,,,,,,,1,,,,,,,,,,,,,,,1,,,1,,,1,,,,1,,,,,1,,,,,,,,,1,,,,,,,,,,,,,,,,,,,1,,,,,,,,,,,10,0,0,0,10,0,0,,,,,,
Veskre,3,271,TTC,271,271 TTC,,,C,10,2009,19-Aug,Presence,KK,,1,,,,,,,,,,,1,,,,,,,,,,,,1,,,,,,1,,,,1,,,,,,,,,,,,,,1,,,,,,,,,,,,,,,1,,,,1,,,,,,,,,,,5,0,0,0,5,10,0,,,,,,
Veskre,3,271,TTC,271,271 TTC,,,C,11,2009,19-Aug,Presence,KK,,1,,,,,,,,,,,,,,,,,,,,,,,,,,,,,,,,,F,,,,,,,,,,,,,S,1,,,,,,,,,,,,,,,,,,,1,,,,,,,,,,,5,0,0,0,0,0,0,,,,,,
Veskre,3,271,TTC,271,271 TTC,,,C,12,2009,19-Aug,Presence,KK,,1,,,,,,,,1,,,,,,,,1,,,,,,,1,,,,,,,,,,1,,,,,,,,,,,,,1,1,,,,,,,,1,,,,,,,,,,,1,,,,,,,,,,,10,0,0,0,2,0,0,,,,,,
Veskre,3,271,TTC,271,271 TTC,,,C,13,2009,19-Aug,Presence,KK,,1,,,,,,,,,,,,,,,,,,,,,,,1,,,,,,,,,,F,,,,,,1,,,,,,,,1,,,,,,,,,,,,,,,,,,,1,,,,,,,,,,,2,0,0,0,5,5,0,,,,,,
Veskre,3,271,TTC,271,271 TTC,,,C,14,2009,19-Aug,Presence,KK,,1,,,1,,,,,1,,,1,,,,,,,,,,,,1,,,,,,,,,,1,,,,,,1,,,,,,,,1,,,,,,,,,,,,,,,,,,,1,,,,,,,1,,,,20,0,0,0,2,10,0,,,,,,
Veskre,3,271,TTC,271,271 TTC,,,C,15,2009,19-Aug,Presence,KK,,1,,,,,,,,1,,,,,,,,,,,,1,,,1,,,1,,,1,,,,1,,,,,,,,,,,,,,1,,,,,,,,,,,,,,,,,,,1,,,,,,,1,,,,5,0,0,0,10,0,0,,,,,,
Veskre,3,271,TTC,271,271 TTC,,,C,16,2009,19-Aug,Presence,KK,,1,,,,,,,,,,,,,,,,,,,,,,,,,,1,,,,,,,F,,,,,,,,,,,,,,1,,1,,,,,,,,,,,,,,,,,1,,,,,,,,,,,5,0,0,0,0,20,0,,,,,,
Veskre,3,271,TTC,271,271 TTC,,,C,17,2009,19-Aug,Presence,KK,,1,,,,,,,,1,,,,,,,,,,,,,,,1,,,1,,,,,,,1,,,,,,,,,,,,,,1,,,,,,,,,,,,,,,,,,,1,,,,,,,,,,,5,0,0,0,5,0,0,,,,,,
Veskre,3,271,TTC,271,271 TTC,,,C,18,2009,19-Aug,Presence,KK,,1,,,,,,,,1,,,,,,,,,,,,,,,1,,,,,,,,,,1,,,,,,1,,,,,,,1,1,,S,,,,,,,,,,,,,,,,,1,,,,,,,,,,,5,0,0,0,5,10,0,,,,,,
Veskre,3,271,TTC,271,271 TTC,,,C,19,2009,19-Aug,Presence,KK,,,,,,,,,,,,,,,,,,,,,,1,,,1,,S,,,,,,,,1,,,,,,1,,,,1,,,1,1,,,,,,,,,,,,,,,,,,,1,,,,,,,,,,,2,0,0,0,5,5,0,,,,,,
Veskre,3,271,TTC,271,271 TTC,,,C,20,2009,19-Aug,Presence,KK,,1,,1,,,,,,,,,,,,,,,,,,,,,,,,1,,,1,,,,1,,,,,,,,,,,,,1,1,,,,,,,,,,,,,,,1,,,,1,,,,,,,,,,,5,0,0,0,10,0,0,,,,,,
Veskre,3,271,TTC,271,271 TTC,,,C,21,2009,19-Aug,Presence,KK,,,,,,,,,,,,,,,,,,1,,,,,,,,,,1,,,1,,,,1,,,,,,,,,,,,,1,1,,,,,,,,,,,,,,,,,1,,1,,,,,,,,,,,20,0,0,0,10,0,0,,,,,,
Veskre,3,271,TTC,271,271 TTC,,,C,22,2009,19-Aug,Presence,KK,,,,,,,,,,,,,,,,,,,,,,,,,1,,,1,,,,,,,F,,,,,,,,,,,,,,1,,,,,,,,,,,,,,,,,,,1,,,,,,,,,,,20,0,0,0,5,0,0,,,,2,1.5,
Veskre,3,271,TTC,271,271 TTC,,,C,23,2009,19-Aug,Presence,KK,,1,,,,,,,,,,,,,,,,1,,,,,,,1,,,1,,,,,,,1,,,,,,1,,,,,,,1,1,,,,,,,,,,,,,,,1,,,,1,,,,,,,,,,,10,0,0,0,5,0,0,,,,3,,
Veskre,3,271,TTC,271,271 TTC,,,C,24,2009,19-Aug,Presence,KK,,1,,,,,,,,,,,,,,,,,,,,,,,1,,,1,,,1,,,,,,,,,,1,,,,,,,1,1,,,,,,,,,,,,,,,,,,,1,,,,,,,1,,,,2,0,0,0,5,0,0,,,,4,,
Veskre,3,271,TTC,271,271 TTC,,,C,25,2009,19-Aug,Presence,KK,,1,,,,,,,,,1,,,,,,,,,,,,,,1,,,1,,,1,,,,1,,,,,,,,,,,,,,1,,,,,,,,1,,,,,,,,,,,1,,,,,,,,,,,10,0,0,0,10,10,0,,,,4,,
Veskre,3,271,TTC,271,271 TTC,,,C,%,2009,19-Aug,Cover,KK,,6,3,1,2,,1,,,4,1,,2,,,,,5,,,,3,,,6,,2,2,,,5,,,,8,,,,,1,4,,,,2,,,5,10,,2,1,,,,,1,,,,,1,,4,,1,,20,,,,,,,3,,,,8.04,0,0,0,4.92,4.36,0,85,8,0,3.25,1.5,
,,,,,,,,,,,,,,,,,,,,,,,,,,,,,,,,,,,,,,,,,,,,,,,,,,,,,,,,,,,,,,,,,,,,,,,,,,,,,,,,,,,,,,,,,,,,,,,,,,,,,,,,
Veskre,3,272,TT1,275,272 TT1 275,,,1,1,2009,19-Aug,Presence,KK,,1,,,,,,,,,,,,,,1,,,,,,,,,,,,1,,,1,,,,1,,,,,,,,,,,,,S,1,,,,,,,,,,,,,,,,,,,1,,,,,,,,,,,2,0,0,0,5,5,0,,,,,,
Veskre,3,272,TT1,275,272 TT1 275,,,1,2,2009,19-Aug,Presence,KK,,1,,,,,,,,1,,,,,,1,1,,,1,,,,,1,,,,,,1,,,,,,,,,1,,,,,,,,,,,,,,,,,,,,,,,,,,,,1,,,,,,,,,,,5,0,0,0,5,0,0,,,,,,
Veskre,3,272,TT1,275,272 TT1 275,,,1,3,2009,19-Aug,Presence,KK,,1,,,,,,,,1,,,,,,,,,,,,,,,1,,,,,,1,,,,,,,,,,,,,,,,,,1,,,,,,,,,,,,,,,,,,,1,,,,,,,,,,,2,0,0,0,2,0,0,,,,,,
Veskre,3,272,TT1,275,272 TT1 275,,,1,4,2009,19-Aug,Presence,KK,,1,,,,,,,,1,,,,,,1,,,,1,,,,,,,,,,,1,,1,,,,,,,,,,,,,,,,1,,,,,,,,,,,,,,,,,,,1,,,,,,,,,,,10,0,0,0,10,2,0,,,,,,
Veskre,3,272,TT1,275,272 TT1 275,,,1,5,2009,19-Aug,Presence,KK,,,,,,,,,,,,,,,,,,1,,1,,,,,,,,,,,,,,,,,,,,,,,,,,,1,S,1,,,,,,,,,,,,,,,,,,,1,,,,,,,,,,,2,0,0,0,10,10,0,,,,,,
Veskre,3,272,TT1,275,272 TT1 275,,,1,6,2009,19-Aug,Presence,KK,,,,,,,,,,,,,,,,1,1,,,,,,,,1,,,,,,1,,,,,,,,,1,,,,,,,,,1,,,,,,,,,,,,,,,,,,,1,,,,,,,,,,,0,0,0,0,10,0,0,,,,,,
Veskre,3,272,TT1,275,272 TT1 275,,,1,7,2009,19-Aug,Presence,KK,,1,,,,,,,,,,,,,,1,,,,1,,,,,,,,,,,1,,1,,,,,,,1,,,,,,,,,,,,,,,,,,,,,,,,,,,,1,,,,,,,,,,,2,0,0,0,5,10,0,,,,,,
Veskre,3,272,TT1,275,272 TT1 275,,,1,8,2009,19-Aug,Presence,KK,,1,,,,,,,,,,,,,,,,,,,,,,,,,,,,,1,,,,,,,,,1,,,,,,,,,1,,,,,,,,,,,,,,,,,,,1,,,,,,,,,,,2,0,0,0,10,0,0,,,,,,
Veskre,3,272,TT1,275,272 TT1 275,,,1,9,2009,19-Aug,Presence,KK,,1,,,,,,,,,,,,,,1,,,,,,,,,,,,,,,1,,,,,,,,,1,,,,,,,,S,1,,,,,,,,,,,,,,,,,,,1,,,,,,,,,,,20,0,0,0,5,5,0,,,,,,
Veskre,3,272,TT1,275,272 TT1 275,,,1,10,2009,19-Aug,Presence,KK,,1,,,,,,,,1,,,,,,,,,,,,,,,,,,,,,1,,,,,,,,,,,,,,,,,1,1,,,,,,,,,,,,,,,,,,,1,,,,,,,,,,,10,0,0,0,2,20,0,,,,,,
Veskre,3,272,TT1,275,272 TT1 275,,,1,11,2009,19-Aug,Presence,KK,,1,,,,,,,,,,,,,,1,,,,,,,,,1,,,,,,1,,,,,,,,,1,,,,,,,,1,1,,,,,,,,,,,,,,,,,,,,,,,,,,,,,,2,0,0,0,5,0,0,,,,,,
Veskre,3,272,TT1,275,272 TT1 275,,,1,12,2009,19-Aug,Presence,KK,,1,,,,,,,,,,,,,,1,1,,,1,,,,,1,,,,,,1,,,,,,,,,1,,,,,,,,1,1,,,1,,,,,,,,,,,,,,,,1,,,,,,,,,,,0,0,0,0,10,0,0,,,,,,
Veskre,3,272,TT1,275,272 TT1 275,,,1,13,2009,19-Aug,Presence,KK,,1,,,,,,,,,,,,,,1,1,,,,,,,,,,,,,,1,,,,,,,,,1,,,,,,,,1,1,,,,,,,,,,,,,,,,,,,1,,,,,,,,,,,5,0,0,0,5,5,0,,,,,,
Veskre,3,272,TT1,275,272 TT1 275,,,1,14,2009,19-Aug,Presence,KK,,1,,,,,,,,,,,,,,,1,1,,,,,,,,,,,,,1,,,,,,,,,1,,,,,,,,1,1,,,,,,,,,,,,,,,,,,,1,,,,,,,,,,,2,0,0,0,5,0,0,,,,,,
Veskre,3,272,TT1,275,272 TT1 275,,,1,15,2009,19-Aug,Presence,KK,,1,,,,,,,,1,,,,,,,,1,1,,,,,,,,,1,,,1,,,,1,,,,,1,,,,,,,,1,1,,,,,,,,,,1,,,,,,,,,1,,,,,,,,,,,5,0,0,0,2,0,0,,,,,,
Veskre,3,272,TT1,275,272 TT1 275,,,1,16,2009,19-Aug,Presence,KK,,1,,,,,,,,,,,,,,1,,,,1,,,,,,,,1,,,1,,,,1,,,,,1,,,,,,,,1,1,,,,,,,,,,,,,,,1,,,,1,,,,,,,,,,,10,0,0,0,10,0,0,,,,,,
Veskre,3,272,TT1,275,272 TT1 275,,,1,17,2009,19-Aug,Presence,KK,,1,,,,,,,,,,,,,,,,,,,,,,,,,,1,,,1,,1,,,,,,,,,,,,,,,,1,,,,,,,,,,,,,,,,,,,1,,,,,,,,,,,5,0,0,0,10,5,0,,,,,,
Veskre,3,272,TT1,275,272 TT1 275,,,1,18,2009,19-Aug,Presence,KK,,1,,,,,,,,,,,,,,,,,,1,,,,,,,,,,,,,,,,,,,,1,,,,,,,,,1,,,,,,,,,,,,,,,,,,,1,,,,,,,,,,,2,0,0,0,10,5,0,,,,,,
Veskre,3,272,TT1,275,272 TT1 275,,,1,19,2009,19-Aug,Presence,KK,,1,,,,,,,,,,,,,,1,1,1,,1,,,,,,,,,,,1,,,,,,,,,,,,,,,,,,1,,,,,,,,,,,,,,,,,,,1,,,,,,,,,,,2,0,0,0,10,5,0,,,,,,
Veskre,3,272,TT1,275,272 TT1 275,,,1,20,2009,19-Aug,Presence,KK,,1,,,,,,,,1,,,,,,,,,,1,,,,,1,,,,,,1,,,,F,,,,,1,,,,,,,,1,1,,,,,,,,,,,,,,,,,,,1,,,,,,,,,,,0,0,0,0,5,5,0,,,,,,
Veskre,3,272,TT1,275,272 TT1 275,,,1,21,2009,19-Aug,Presence,KK,,1,,,,,,,,,,,,,,,,1,,1,,,,,,,,,,,1,,,,,,,,,,,,,,,,,S,1,,,,,,,,,,,,,,,,,,,1,,,,1,,,,,,,5,0,0,0,5,0,0,,,,,,
Veskre,3,272,TT1,275,272 TT1 275,,,1,22,2009,19-Aug,Presence,KK,,1,,,,,,,,1,,,,,,1,,1,,,,,,,1,,,,,,1,,,,F,,,,,,,,,,,,,,1,,,,,,,,,,,,,,,,,,,1,,,,,,,,,,,0,0,0,0,5,5,0,,,,1,0.5,
Veskre,3,272,TT1,275,272 TT1 275,,,1,23,2009,19-Aug,Presence,KK,,1,,,,,,,,,,,,,,F,,,,1,,,,,1,,SF,,,,,,,,1,,,,,,,,,,,,,1,1,,,,,,,,,,,,,,,,,,,1,,,,,,,,,,,5,0,0,0,10,2,0,,,,3,,
Veskre,3,272,TT1,275,272 TT1 275,,,1,24,2009,19-Aug,Presence,KK,,1,,,,,,,,,,,,,,1,,1,,,,,,,1,,,1,,,,,,,,,,,,,,,,,,,,,1,,,,,,,,,,,,,,,,,,,1,,,,,,,,,,,0,0,0,0,5,2,0,,,,4,,
Veskre,3,272,TT1,275,272 TT1 275,,,1,25,2009,19-Aug,Presence,KK,,1,,,,,,,,,,,,,,1,,1,,,,,,,1,,SF,,,,1,,1,,,,,,,,,,,,,,,,1,,,,,,,,,,,,,,,,,,,1,,,,,,,,,,,2,0,0,0,5,0,0,,,,5,,
Veskre,3,272,TT1,275,272 TT1 275,,,1,%,2009,19-Aug,Cover,KK,,12,,,,,,,,4,,,,,,8,3,4,1,4,,,,,6,,2,2,,,10,,4,,5,,,,,6,,,,,,,1,4,9,,,1,,,,,,,1,,,,,2,,,,7,,,,2,,,,,,,4,0,0,0,6.64,3.44,0,75,4,0,3.25,0.5,
,,,,,,,,,,,,,,,,,,,,,,,,,,,,,,,,,,,,,,,,,,,,,,,,,,,,,,,,,,,,,,,,,,,,,,,,,,,,,,,,,,,,,,,,,,,,,,,,,,,,,,,,
Veskre,3,273,TT2,295,273 TT2 295,,,2,1,2009,19-Aug,Presence,KK,,,,,,,,,,,,,1,,,,1,,,,,,,,1,,,1,,,,,,,1,,,,,,,,,,,,,1,1,,,,,,,,,,,,,,,,,1,,1,,,,,,,1,,,,5,0,0,0,10,0,0,,,,,,
Veskre,3,273,TT2,295,273 TT2 295,,,2,2,2009,19-Aug,Presence,KK,,1,1cf,,,,,,,,,,,,,,1,,,,,,,,,,,,,,,,,,1,,,,,,,,,,,,,,1,,,,,,,,,,,,,,,1,,,,1,,,,,,,,,,,5,0,0,0,0,0,0,,,,,,
Veskre,3,273,TT2,295,273 TT2 295,,,2,3,2009,19-Aug,Presence,KK,,1,,,,,,,,,,,,,,,,,,,,,,,,,,,,,1,,,,F,,,,,,,,,,,,,1,1,,,,,,,,,,,,,,,1,,,,F,,,,,,,,,,,2,0,0,0,2,5,0,,,,,,
Veskre,3,273,TT2,295,273 TT2 295,,,2,4,2009,19-Aug,Presence,KK,,1,,,,,,,,,,,,,,,1,,,,,,,,1,,,,,,1,,,,F,,,,,,,,,,,,,1,,,,,,,,,,,,,,,,,,,,1,,,,,,,1,,,,0,0,0,0,2,0,0,,,,,,
Veskre,3,273,TT2,295,273 TT2 295,,,2,5,2009,19-Aug,Presence,KK,,,,,,,,,,,,,,,,1,1,,,,,,,,1,,,1,,,,,,,F,,,,,,,,,,,,,1,,,,,,,,,,,,,,,,,,,,1,,,,,,,,,,,2,0,0,0,0,2,0,,,,,,
Veskre,3,273,TT2,295,273 TT2 295,,,2,6,2009,19-Aug,Presence,KK,,1,,,1,,,,,,,,,,,,,,,,,,,,1,,,1,,,1,,,,1,,,,,,,,,,,,,1,1,,,,,,,,,,1,,,,,,,1,,1,,,,,,,,,,,0,0,0,0,10,0,0,,,,,,
Veskre,3,273,TT2,295,273 TT2 295,,,2,7,2009,19-Aug,Presence,KK,,1,,,,,1,,,,,,,,,,,,,,,,,,,,,,,,1,,,,F,,,,,,,,,,,,,1,,,,,,,,,,,,,,,,1,,,,1,,,,,,,,,,,2,0,0,0,0,5,0,,,,,,
Veskre,3,273,TT2,295,273 TT2 295,,,2,8,2009,19-Aug,Presence,KK,,1,,,,1,,,,,,,,,,,,,1,,,,,,1,,,,,,1,,,,1,,,,,,,,,,,,,1,1,,,,,,,,,,,,,,,1,,1,,1,,,,,,,,,,,5,0,0,0,2,0,0,,,,,,
Veskre,3,273,TT2,295,273 TT2 295,,,2,9,2009,19-Aug,Presence,KK,,1,,,,1,,,,,,,,,,,1,,1,,,,,,,,,1,,,1,,,,1,,,,,,,,,,,,,1,1,,,,,,,,,,,,,,,,,1,,1,,,,,,,,,,,2,0,0,0,0,0,0,,,,,,
Veskre,3,273,TT2,295,273 TT2 295,,,2,10,2009,19-Aug,Presence,KK,,1,,,,1,,,,,,,,,,,1,,1,,,,,,1,,,1,,,1,,,,F,,,,,,,,,,,,,1,1,,,,,,,,,,,,,,,1,,1,,1,,,,,,,,,,,2,0,0,0,0,0,0,,,,,,
Veskre,3,273,TT2,295,273 TT2 295,,,2,11,2009,19-Aug,Presence,KK,,1,,,,1,,,,,,,,,,,,1,,,,,,,,,,1,,,1,,,,1,,,,,,,,,,,,,1,1,,,,,,,,,,,,,,,,,,,1,,,,,,,1,,,,5,0,0,0,0,0,0,,,,,,
Veskre,3,273,TT2,295,273 TT2 295,,,2,12,2009,19-Aug,Presence,KK,,1,,,,,,,,,,,,,,,1,,,,,,,,1,,,1,,,1,,,,,,,,,,,,,,,,,,1,,,,,,,,,,,,,,,,,1,,1,,,,,,,,,,,5,0,0,0,0,0,0,,,,,,
Veskre,3,273,TT2,295,273 TT2 295,,,2,13,2009,19-Aug,Presence,KK,,1,,,,1,,,,,,,,,,,1,,1,,,,,,1,,,1,,,1,,,,,,,,,,,,,,,,,1,1,,,,,,,,,,,,,,,1,,,,1,,,,,,,,,,,2,0,0,0,0,0,0,,,,,,
Veskre,3,273,TT2,295,273 TT2 295,,,2,14,2009,19-Aug,Presence,KK,,1,,,,1,,,,,,,,,,,1,,1,,,,,,,,,1,,,1,,,,1,,,,,,,,,,,,,1,1,,,,,,,,,,,,,,,1,,1,,1,,,,,,,1,,,,0,0,0,0,0,0,0,,,,,,
Veskre,3,273,TT2,295,273 TT2 295,,,2,15,2009,19-Aug,Presence,KK,,1,,,1,,,,,,,,,,,,1,,,,,,,,1,,,1,,,,,,,1,,,,,,,,,,,,,,1,,,1,,,,,,,,,,,,1,,1,,1,,,,,,,,,,,2,0,0,0,0,0,0,,,,,,
Veskre,3,273,TT2,295,273 TT2 295,,,2,16,2009,19-Aug,Presence,KK,,1,,,,,,,,,,,,,,,1,1,,,,,,,,,,1,,,1,,,,,,,,,1,,,,,,,,1,1,,,,,,,,,,,,,,,,,,,1,,,,,,,,,,,5,0,0,0,5,0,0,,,,,,
Veskre,3,273,TT2,295,273 TT2 295,,,2,17,2009,19-Aug,Presence,KK,,1,,,,,,,,,,,,1,,,1,1,1,,,,,,1,,,1,,,1,,,,F,,,,,1,,,,,,,,,1,,,,,,,,,,,,,,,,,,,1,,,,,,,,,,,2,0,0,0,5,0,0,,,,,,
Veskre,3,273,TT2,295,273 TT2 295,,,2,18,2009,19-Aug,Presence,KK,,1,,,1,,,,,,,,,,,,1,,1,,,,,,,,,1,,,1,,,,F,,,,,1,,,,,,,,1,1,,,,,,,,,,,,,,,,,1,,1,,,,,,,,,,,2,0,0,0,2,0,0,,,,,,
Veskre,3,273,TT2,295,273 TT2 295,,,2,19,2009,19-Aug,Presence,KK,,1,,,,,,,,,,,,,,,1,,,,,,,,,,,,,,1,,,,1,,,,,,,,,,,,,1,1,,,,,,,,,,,,,,,,,,,1,,,,,,,,,,,5,0,0,0,5,20,0,,,,,,
Veskre,3,273,TT2,295,273 TT2 295,,,2,20,2009,19-Aug,Presence,KK,,1,,,,,,,,,,,,,,,1,,,,,,,,,,,1,,,,,,,1,,,1,,,,,,,,,,1,,,,,,,,,,,,,,,,1,,,,1,,,,,,,,,,,5,0,0,0,10,20,0,,,,,,
Veskre,3,273,TT2,295,273 TT2 295,,,2,21,2009,19-Aug,Presence,KK,,1,,,,,,,,,,,,,,,1,,,,,,,,,,SF,1,,,1,,,,1,,,,,1,,,,,,,,1,1,,,,,,,,,,,,,,,1,,,,1,,,,,,,1,,,,5,0,0,0,5,0,0,,,,,,
Veskre,3,273,TT2,295,273 TT2 295,,,2,22,2009,19-Aug,Presence,KK,,1,,,1,,,,,,,,,1,,,1,1,,,,,,,,,,,,,1,,,,1,,,,,1,,,,,,,,1,1,,,,,,,,,,,,,,,1,,,,1,,,,,,,,,,,5,0,0,0,10,0,0,,,,4,0.5,
Veskre,3,273,TT2,295,273 TT2 295,,,2,23,2009,19-Aug,Presence,KK,,1,,,1,,,,,,,,1,,,,,,1,,,,,,,,,,,,1,,,,1,,,,,1,,,,,,,,,1,,,,,,,,,,,,,,,,,1,,1,,,,,,1,1,,,,5,0,0,0,5,0,0,,,,2,,
Veskre,3,273,TT2,295,273 TT2 295,,,2,24,2009,19-Aug,Presence,KK,,1,,,,,,,,,,,,,,,,,1,,,,,,,,,1,,,,,,,1,,,,,,,,,,,,,1,1,,,,,,,,,,,,,,,,,,,1,,,,,,,,,,,5,0,0,0,20,0,0,,,,4,,
Veskre,3,273,TT2,295,273 TT2 295,,,2,25,2009,19-Aug,Presence,KK,,1,,,,,,,,,,,,,,,1,,,,,,,,,,,1,,,1,,,,,,,,,,,,,,,,,,1,,,,,,,,,,,,,,,,,,,1,,,,,,,,,,,2,0,0,0,2,0,0,,,,2,,
Veskre,3,273,TT2,295,273 TT2 295,,,2,%,2009,19-Aug,Cover,KK,,8,1,,3,5,1,,,,,,1,2,,2,6,4,5,,,,,,9,,1,4,,,8,,,,9,,,1,,6,,,,,,,,4,10,,,1,,,,,,,2,,,,,12,,3,,12,,,,,,1,3,,,,3.2,0,0,0,3.8,2.08,0,95,3,0,3,0.5,
,,,,,,,,,,,,,,,,,,,,,,,,,,,,,,,,,,,,,,,,,,,,,,,,,,,,,,,,,,,,,,,,,,,,,,,,,,,,,,,,,,,,,,,,,,,,,,,,,,,,,,,,
Veskre,4,276,TT1,278,276 TT1 278,,,C,1,2009,19-Aug,Presence,W,,,,,,,,,,,,,,,,,F,,,,,,,,,,,,,,1,,,,F,,,,,F,,,,,,,,1,1,,,,,,,,,,,,,,,,1,,,,,,,,,1,,,,1,40,0,0,0,3,0,0,,,,,,
Veskre,4,276,TT1,278,276 TT1 278,,,C,2,2009,19-Aug,Presence,W,,1,,,,,,,,,,,,,,,,S,,,,,,,,,,,,,,,,,F,,,,,1,,,,,,,,1,1,,,,,,,,,,,,,,,,1,,,1,,,,,,,,,,,50,0,0,0,2,0,0,,,,,,
Veskre,4,276,TT1,278,276 TT1 278,,,C,3,2009,19-Aug,Presence,W,,,,,,,1,,,,,,,,,,,,,,,,,,,,,,,,,,,,1,,,,,DF,,,,,,,,1,1,,,,,,,,,,,,,,,,1,,,1,,,,,,,,,,,2,0,0,0,30,0,0,,,,,,
Veskre,4,276,TT1,278,276 TT1 278,,,C,4,2009,19-Aug,Presence,W,,,,,,,1,,,,,,,,,,,1,,,,,,,,,,1,,,,,,,1,,,,,1,,,,,,,,1,1,,,,,,,,,,,,,,,,1,,,1,,1,,,,,,,,,50,0,0,0,0,0,0,,,,,,
Veskre,4,276,TT1,278,276 TT1 278,,,C,5,2009,19-Aug,Presence,W,,1,,,,,,,,,,,,,1,,,,1,,,,,,,,,1,,,,,,,F,,,,,,,,,,,,,S,1,,,,,,,,,,,,,,,,1,,,,,,,,,,,,,,45,0,0,0,0,0,0,,,,,,
Veskre,4,276,TT1,278,276 TT1 278,,,C,6,2009,19-Aug,Presence,W,,1,,,,,,,,,,,,,,1,1,,,,,,,,1,,,,,,,,,,S,,,,,1,,,,,,,,1,1,,,,,,,,,,,,,,,,,,,,,,,,,,1,,,,20,0,0,0,10,0,0,,,,,,
Veskre,4,276,TT1,278,276 TT1 278,,,C,7,2009,19-Aug,Presence,W,,1,,,,,,,,,,,,,,1,,,,,,,,,,,,1,,,,,,,1,,,,,1,,,,,,,,1,1,,,,,,,,,,,,,,,,1,,,1,,,,,,1,,,,,15,0,0,0,15,0,0,,,,,,
Veskre,4,276,TT1,278,276 TT1 278,,,C,8,2009,19-Aug,Presence,W,,1,,,,,,,,,,,,,,,,,,,,,,,1,,,,,,,,,,1,,,,,1,,,,,,,,1,1,,,,,,,,,,,,,,,,1,,,,,,,,,,,,,,30,0,0,0,0,0,0,,,,,,
Veskre,4,276,TT1,278,276 TT1 278,,,C,9,2009,19-Aug,Presence,W,,1,,,,,1,,,,,,,,,,,1,,,,,,,,,,1,,,,,,,F,,,,,,,,,,,,,1,1,,,,,,,,,,,,,,,,1,,,,,,,,,,,,,,50,0,0,0,2,0,0,,,,,,
Veskre,4,276,TT1,278,276 TT1 278,,,C,10,2009,19-Aug,Presence,W,,,,,,,1,,,,,,,,,,,1,1,,,,,,,,,1,,,,,,,F,,,,,,,,,,,,,1,1,,,,,,,,,,,,,,,,1,,,1,,,,,,1,,,,,60,0,0,0,2,0,0,,,,,,
Veskre,4,276,TT1,278,276 TT1 278,,,C,11,2009,19-Aug,Presence,W,,1,,,,,,,,,,,,,,,,1,,,,,,,,,,,,,,,,,F,,,,,F,,,,,,,,1,1,,,,,,,,,,,,,,,,1,,,,,,,,,1,,,,1,15,0,0,0,5,0,0,,,,,,
Veskre,4,276,TT1,278,276 TT1 278,,,C,12,2009,19-Aug,Presence,W,,,,,,,,,,,,,,,1,,1,,,,,,,,1,,,,,,,,,,F,,,,,1,,,,,,,,1,,,,,,,,,,,,,,,,,,,,,,,,,,,,,,,10,0,0,0,10,0,0,,,,,,
Veskre,4,276,TT1,278,276 TT1 278,,,C,13,2009,19-Aug,Presence,W,,1,,,,,,,,,,,,,F,,,,,,,,,,1,,,1,,,,,,,F,,,,,,,,1,,,,,F,,,,,,,,,,,,,,,,,1,,,,,,,,,,1,,,,30,0,0,0,10,0,0,,,,,,
Veskre,4,276,TT1,278,276 TT1 278,,,C,14,2009,19-Aug,Presence,W,,1,,,,,,,,,,,,,,,,,1,,,,,,,,,1,,,,,,,F,,,,,,,,,,,,,S,1,,,,,,,,,,,,,,,,1,,,,,,,,,,,,,,15,0,0,0,5,0,0,,,,,,
Veskre,4,276,TT1,278,276 TT1 278,,,C,15,2009,19-Aug,Presence,W,,,,,,,,,,,,,,,,,,1,1,,,,,,,,,,,,,,,,F,,,1,,,,,,,,,,1,1,,,,,,,,,,,,,,,1,1,,,,,,,,,,,,,,20,0,0,0,0,0,0,,,,,,
Veskre,4,276,TT1,278,276 TT1 278,,,C,16,2009,19-Aug,Presence,W,,1,,,,,,,,,,,,,,,,,,,,,,,,,,,,,,,,,F,,,,,1,,,,,,,,,1,,,,,,,,,,,,,,,,1,,,,,,,,,,,,,,15,0,0,0,0,0,0,,,,,,
Veskre,4,276,TT1,278,276 TT1 278,,,C,17,2009,19-Aug,Presence,W,,1,,,,,,,,,,,,,1,,1,,,,,,,,,,,,,,,,,,F,,,,,1,,,,,,,,1,1,,,,,,,,,,,,,,,,1,,,,,,,,,,,,,,10,0,0,0,0,0,0,,,,,,
Veskre,4,276,TT1,278,276 TT1 278,,,C,18,2009,19-Aug,Presence,W,,,,,,,,,,,,,,,1,,1,,,,,,,,,,,S,,,,,,,F,,,,,,,,,,,,,1,1,,,,,,,,,,,,,,,,1,,,,,,,,,1,,,,,40,0,0,0,0,0,0,,,,,,
Veskre,4,276,TT1,278,276 TT1 278,,,C,19,2009,19-Aug,Presence,W,,1,,,,,,,,,,,,,,,,1,,,,,,,,,,,,,,,,,1,,,,,1,,,,,,,,1,1,,,,,,,,,,,,,,,,1,,,1,,,,,,,,,,,20,0,0,0,10,0,0,,,,,,
Veskre,4,276,TT1,278,276 TT1 278,,,C,20,2009,19-Aug,Presence,W,,,,,,,,,,,,,,,,,,,,,,,,,,,,,,,,,,,1,,,,,1,,,,,,,,1,1,,,,,,,,,,,,,,,,1,,,1,,,,,,1,,,,,15,0,0,0,10,0,0,,,,,,
Veskre,4,276,TT1,278,276 TT1 278,,,C,21,2009,19-Aug,Presence,W,,1,,,,,,,,,,,,,,,1,,,,,,,,,,,,,,1,,,,1,,,,,1,,,,,,,,,1,,,,,,,,,,,,,,,,1,,,,,,,,,,,,,,10,0,0,0,10,0,0,,,,,,
Veskre,4,276,TT1,278,276 TT1 278,,,C,22,2009,19-Aug,Presence,W,,1,,,,,,,,,,,,,,,1,,,,,,,,,,,,,,,,,,1,,,,,1,,,,,,,,,1,,,,,,,,,,,,,,,,1,,,,,,,,,,,,,,60,0,0,0,5,0,0,,,,5,2.5,
Veskre,4,276,TT1,278,276 TT1 278,,,C,23,2009,19-Aug,Presence,W,,1,,,,,,,,1,,,,,,1,1,,,,,,,,,,,1,,,,,,,F,,,,,1,,,,,,,,,D,,,,,,,,,,,,,,,,1,,,1,,,,,,,,,,,15,0,0,0,0,0,0,,,,3,,
Veskre,4,276,TT1,278,276 TT1 278,,,C,24,2009,19-Aug,Presence,W,,,,,,,1,,,,,,,,,,,,,,,,,,,,,,,,,,,,1,,,,,1,,,,,,,,1,1,,,,,,,,,,,,,,,,1,,,,,,,,,,,,,,60,0,0,0,0,0,0,,,,5,,
Veskre,4,276,TT1,278,276 TT1 278,,,C,25,2009,19-Aug,Presence,W,,,,,,,,,,,,,,,F,,,,,,,,,,,,,,,,,,,,1,,,,,D,,,,,,,,1,,,,,,,,,,,,,,,,,1,,,,,,,,,1,,,,,0,0,0,0,0,0,0,,,,2,,
Veskre,4,276,TT1,278,276 TT1 278,,,C,%,2009,19-Aug,Cover,W,,6,,,,,2,,,1,,,,,2,1,2,2,2,,,,,,1,,,3,,,2,,,,10,,,1,,8,,,1,,,,,8,12,,,,,,,,,,,,,,,2,4,,,2,,1,,,,3,1,,,1,27.88,0,0,0,5.16,0,0,80,30,0,3.75,2.5,
,,,,,,,,,,,,,,,,,,,,,,,,,,,,,,,,,,,,,,,,,,,,,,,,,,,,,,,,,,,,,,,,,,,,,,,,,,,,,,,,,,,,,,,,,,,,,,,,,,,,,,,,
Veskre,4,277,TT2,551,277 TT2 551,,,1,1,2009,19-Aug,Presence,W,,1,,,,,,,,,,,,F,,,,,,,,,,,,,,,,,,,,,1,,,,,,,,,,,,,F,1,,,,,,,,,,,,,,,,,,,1,,,,,,,,,,,5,0,0,0,15,0,0,,,,,,
Veskre,4,277,TT2,551,277 TT2 551,,,1,2,2009,19-Aug,Presence,W,,1,,,,,,,,,,,,F,,1,,,,,,,,,,,,S,,,1,,,,F,,,,,,,,,,,,,1,,,,,,,,,,,,,,,,,,,,1,,,,,,,,,,1,20,0,0,0,10,10,0,,,,,,
Veskre,4,277,TT2,551,277 TT2 551,,,1,3,2009,19-Aug,Presence,W,,,,,,,,,,,,,,,,1,,,,,,,,1,,,,1,,,1,,,,1,,,,,,,,,,,,,1,1,,,,,,,,,,,,,,,,,,,1,,,,,,,,,,,10,0,0,0,5,2,0,,,,,,
Veskre,4,277,TT2,551,277 TT2 551,,,1,4,2009,19-Aug,Presence,W,,1,,,,,,,,,,,,F,,,1,,,,,,,,,,,1,,,,,,,1,,,,,,,,,,,,,1,1,,,,,,,,,,,,,,,,,,,1,,,,,,1,,,,,40,0,0,0,5,0,0,,,,,,
Veskre,4,277,TT2,551,277 TT2 551,,,1,5,2009,19-Aug,Presence,W,,,,,,,,,,,,,,,,1,1,S,,,,,,,1,,,,,,1,,,,F,,,,,,,,,,,,,1,1,,,,,,,,,,,,,,,,,,,,,,,,F,1,,,,,10,0,0,0,20,0,0,,,,,,
Veskre,4,277,TT2,551,277 TT2 551,,,1,6,2009,19-Aug,Presence,W,,1,,,,,,,,,,,,F,,,,,,,,,,,,,,,1,,1,,,,1,,,,,,,,,,,,,1,1,,,,,,,,,,,,,,,,,,,1,,,,,,,,,,,10,0,0,0,20,10,0,,,,,,
Veskre,4,277,TT2,551,277 TT2 551,,,1,7,2009,19-Aug,Presence,W,,1,,,,,,,,,,,,,,,1,1,,,,,,,,,,,,,,,,,1,,,,,1,,,,,,,,,1,,,,,,,,,,,,,,,,,,,,,,,,,,,,,,5,0,0,0,20,0,0,,,,,,
Veskre,4,277,TT2,551,277 TT2 551,,,1,8,2009,19-Aug,Presence,W,,1,,,,,,,,,,,,1,,,1,,,,,,,,,,,,,,,,,,1,,,,,,,,,,,,,1,1,,,,,,,,,,,,,,,,,,,,,,,,,,,,,,15,0,0,0,5,0,0,,,,,,
Veskre,4,277,TT2,551,277 TT2 551,,,1,9,2009,19-Aug,Presence,W,,1,,1,,,,,,,,,,F,,,,,,,,,,,,,,,,,,,,,1,,,,,,,,,,,,,1,1,,,,,,,,,,,,,,,,,,,,,,,,,,,,,,45,0,0,0,5,0,0,,,,,,
Veskre,4,277,TT2,551,277 TT2 551,,,1,10,2009,19-Aug,Presence,W,,1,,1,,,,,,,,,,1,,1,,1,,,,,,,1,,,,,,,,,,1,,,,,,,,,,,,,1,,,,,,,,,,,,,,,,,,,,1,,,,,,1,,,,,20,0,0,0,20,5,0,,,,,,
Veskre,4,277,TT2,551,277 TT2 551,,,1,11,2009,19-Aug,Presence,W,,1,,,,,,,,,,,,F,,,,1,,,,,,,,,,,,,1,,,,F,,,,,,,,,,,,,1,1,,,,,,,,,,,,,,,,,,,1,,,,,,,,,,,15,0,0,0,15,10,0,,,,,,
Veskre,4,277,TT2,551,277 TT2 551,,,1,12,2009,19-Aug,Presence,W,,1,,,,,,,,,,,,F,,,,1,,,,,,,,,,,,,1,,,,F,,,,,1,,,,,,,,,1,,,,,,,1,,,,,,,,,,,,,,,,,,,,,,,15,0,0,0,15,5,0,,,,,,
Veskre,4,277,TT2,551,277 TT2 551,,,1,13,2009,19-Aug,Presence,W,,1,,,,,,,,,,,,F,,,,1,,,,,,,,,,,,,,,,,F,,,,,,,,,,,,,1,1,,,,,,,,,,,,,,,,,,,,,,,,,,,,,,10,0,0,0,20,0,0,,,,,,
Veskre,4,277,TT2,551,277 TT2 551,,,1,14,2009,19-Aug,Presence,W,,1,,,S,,,,,,,,,,,,,,,,,,,,,,,1,,,,,,,1,,,1,,,,,,,,,,1,1,,,,,,,,,,,,,,,,,,,,,,,,,,,,,,15,0,0,0,15,10,0,,,,,,
Veskre,4,277,TT2,551,277 TT2 551,,,1,15,2009,19-Aug,Presence,W,,,,,,,,,,,,,,1,,,,,,,,,,,,,,,,,,,,,1,,,,,,,,,,,,,1,,,,,,,,,,,,,,,,,,,,,,,,,,,,,,,10,0,0,0,10,20,0,,,,,,
Veskre,4,277,TT2,551,277 TT2 551,,,1,16,2009,19-Aug,Presence,W,,1,,,,,,,,,,,,1,,,,,,,,,,,,,,,,,D,,,,1,,,,,,,,,,,,,,1,,,,,,,,,,,,,,,,,,,,,,,,,,,,,,5,0,0,0,10,0,0,,,,,,
Veskre,4,277,TT2,551,277 TT2 551,,,1,17,2009,19-Aug,Presence,W,,1,,,,,,,,,,,,1,,,,,,,,,,,,,,,,,1,,,,1,,,,,1,,,,,,,,1,1,,,,,,,,,,,,,,,,,,,,,,,,,,,,,,15,0,0,0,10,0,0,,,,,,
Veskre,4,277,TT2,551,277 TT2 551,,,1,18,2009,19-Aug,Presence,W,,1,,,,,,,,,,,,1,,,,,,,,,,,,,,,,,,,,,1,,,,,,,,,,,,,1,F,,,,,,,,,,,,,,,,,,,,,,,,,S,,,,,10,0,0,0,5,10,0,,,,,,
Veskre,4,277,TT2,551,277 TT2 551,,,1,19,2009,19-Aug,Presence,W,,1,,,,,,,,,,,,,,,,1,,,,,,,,,,,,,,,,,1,,,,,,,,,,,,,1,1,,,,,,,,,,,,,,,,,,,,,,,,S,,,,,1,10,0,0,0,20,0,0,,,,,,
Veskre,4,277,TT2,551,277 TT2 551,,,1,20,2009,19-Aug,Presence,W,,1,,,,,,,,,,,,,,,,1,,,,,,,,,,,,,1,,,,1,,,,,,,,,,,,,1,,,,,,,,,,,,,,,,,,,,,,,,,,,,,,,10,0,0,0,10,10,0,,,,,,
Veskre,4,277,TT2,551,277 TT2 551,,,1,21,2009,19-Aug,Presence,W,,1,,,,,,,,,,,,,,,,1,,,,,,,,,,,,,1,,,,,,,,,,,,,,,,,1,1,,,,,,,,,,,,,,,,,,,1,,,,,,,,,,,5,0,0,0,20,0,0,,,,,,
Veskre,4,277,TT2,551,277 TT2 551,,,1,22,2009,19-Aug,Presence,W,,1,,,,,,,,,,,,,,,,,,,,,,,,,,,,,,,,,,,,,,,,,,,,,,1,1,,,,,,,,,,,,,,,,,,,,,1,,,,,,,,,35,0,0,0,5,0,0,,,,4,2,
Veskre,4,277,TT2,551,277 TT2 551,,,1,23,2009,19-Aug,Presence,W,,1,,,,,,,,,,,,,,,,,,,,,,,1,,,,,,,,,,,,,,,,,,,,,,,1,1,,,,,,,,,,,,,,,,,,,,,1,,,,,,,,,15,0,0,0,5,0,0,,,,5,1.5,
Veskre,4,277,TT2,551,277 TT2 551,,,1,24,2009,19-Aug,Presence,W,,1,,,,,,,,,,,,,,,,1,,,,,,,,,,,,,,,,,1,,,,,,,,,,,,,,1,,,,,,,,,,,,,,,,,,,,,S,,,,,,,,,25,0,0,0,5,0,0,,,,3,1.5,
Veskre,4,277,TT2,551,277 TT2 551,,,1,25,2009,19-Aug,Presence,W,,1,,,,,,,,,,,,,,,,1,,,,,,,,,,,,,,,,,1,,,,,,,,,,,,,,1,,,,,,,,,,,,,,,1,,,,,,,,,,,,,,1,15,0,0,0,10,25,0,,,,3,2.5,
Veskre,4,277,TT2,551,277 TT2 551,,,1,%,2009,19-Aug,Cover,W,,15,,1,1,,,,,,,,,6,,1,2,3,,,,,,1,3,,,1,1,,4,,,,8,,,1,,2,,,,,,,,14,20,,,,,,,1,,,,,,,,2,,,,1,,1,,,2,1,,,,1,15.6,0,0,0,12,4.68,0,90,35,0,3.75,1.875,
,,,,,,,,,,,,,,,,,,,,,,,,,,,,,,,,,,,,,,,,,,,,,,,,,,,,,,,,,,,,,,,,,,,,,,,,,,,,,,,,,,,,,,,,,,,,,,,,,,,,,,,,
Veskre,4,280,TTC,280,280 TTC,,,4,1,2009,19-Aug,Presence,W,,1,,,,,,,,,,,,,1,,,1,,,,,,,,,,,,,,,,,1,,,,,,,,,,,,,,1,,,,,,,,,,,,,,,,,,,,,,,,,1,,,,,40,0,0,0,10,0,0,,,,,,
Veskre,4,280,TTC,280,280 TTC,,,4,2,2009,19-Aug,Presence,W,,1,,,,,,,,,,,1,,,1,,1,,,,,,,,,,1,,,,,,,1,,,,,,,,,,,,,,1,,,,,,,,,,,,,,,,,,,,,,,,,1,,,,,60,0,0,0,5,0,0,,,,,,
Veskre,4,280,TTC,280,280 TTC,,,4,3,2009,19-Aug,Presence,W,,1,,,,,,,,,,,,,,1,,,,,,,,,,,,,,,,,,,1,,,,,,,,,,,,,1,1,,,,,,,,,,,,,,,,,,,1,,,,,,,,,,,50,0,0,0,15,0,0,,,,,,
Veskre,4,280,TTC,280,280 TTC,,,4,4,2009,19-Aug,Presence,W,,1,,,,,,,,,,,,,,,,1,,,,,,,1,,,,,,,,,,1,,,,,,,,,,,,,1,1,,,,,,,,,,,,,,,,,,,1,,,,,,,,,,,15,0,0,0,15,0,0,,,,,,
Veskre,4,280,TTC,280,280 TTC,,,4,5,2009,19-Aug,Presence,W,,1,,,,,,,,,,,,,,,,1,,,,,,,,,,,,,,,,,,,,,,1,,,,,,,,1,1,,,,,,,,,,,,,,,,,,,1,,,,,,,,,,,25,0,0,0,10,10,0,,,,,,
Veskre,4,280,TTC,280,280 TTC,,,4,6,2009,19-Aug,Presence,W,,1,,,,,,,,,,,,,,1,,,,,,,,,,,,,,,,,,,F,,,,,,,,,,,,,1,,,,,,,,,,,,,,,,,,,,,,,,,,1,,,,,15,0,0,0,10,0,0,,,,,,
Veskre,4,280,TTC,280,280 TTC,,,4,7,2009,19-Aug,Presence,W,,,,,,,,,,,,,,,,1,,1,,,,,,,,,,,,,,,,,,,,,,,,,,,,,,1,1,,,,,,,,,,,,,,,,,,,,,,,,,1,,,,,30,0,0,0,5,0,0,,,,,,
Veskre,4,280,TTC,280,280 TTC,,,4,8,2009,19-Aug,Presence,W,,,,,,,,,,,,,,,,1,,,,,,,,,,,,,,,,,,,,,,,,,,,,,,,,F,1,,,,,,,,,,,,,,,,,,,1,,,,,,1,,,,,20,0,0,0,10,0,0,,,,,,
Veskre,4,280,TTC,280,280 TTC,,,4,9,2009,19-Aug,Presence,W,,1,,,,,,,,1,,,,,,,,,,,1,,,,,,,,,,,,,,F,,,,,1,,,,,,,,1,1,,,,,,,,,,,,,,,,,,,,,1,,,,,,,,,15,0,0,0,15,0,0,,,,,,
Veskre,4,280,TTC,280,280 TTC,,,4,10,2009,19-Aug,Presence,W,,,,,,,,,,1,,,,,,,,,,,,,,,1,,,,,,,,,,1,,,,,DF,,,,,,,,,S,,,,,,,,,,,,,,,,,,,,,,,,,,,,,,3,0,0,0,15,0,0,,,,,,
Veskre,4,280,TTC,280,280 TTC,,,4,11,2009,19-Aug,Presence,W,,,,,,,,,,,,,,,,,,1,,,,,,,,,,,,,,,,,1,,,,,,,,,,,,,1,1,,,,,,,,,,,,,,,,,,,1,,,,,,1,,,,,30,0,0,0,20,0,0,,,,,,
Veskre,4,280,TTC,280,280 TTC,,,4,12,2009,19-Aug,Presence,W,,1,,,,,,,,1,,,,,,1,,,,,,,,,,,,,,,,,,,1,,,,,,,,,,,,,F,1,,,,,,,,,,,,,,,,,,,1,,,,,,,,,,,40,0,0,0,10,0,0,,,,,,
Veskre,4,280,TTC,280,280 TTC,,,4,13,2009,19-Aug,Presence,W,,1,,,,,,,,1,,,,,,,,1,,,,,,,,,,1,,,,,,,1,,,,,1,,,,,,,,,1,,,,,,,,,,,,,,,,,,,1,,,,,,,,,,,60,0,0,0,2,0,0,,,,,,
Veskre,4,280,TTC,280,280 TTC,,,4,14,2009,19-Aug,Presence,W,,1,,,,,,,,,,,,,,F,,,,,,,,,,,,,,,,,,,F,,,,,1,,,,,,,,1,1,,,,,,,,,,,,,,,,,,,,,,,,,,,,,1,5,0,0,0,20,0,0,,,,,,
Veskre,4,280,TTC,280,280 TTC,,,4,15,2009,19-Aug,Presence,W,,1,,,,,,,,,,,,,,,,,,,,,,,,,,,,,,,,,1,,,,,DF,,,,,,,,1,1,,,,,,,,,,,,,,,,,,,,,,,,,1,,,,,5,0,0,0,25,0,0,,,,,,
Veskre,4,280,TTC,280,280 TTC,,,4,16,2009,19-Aug,Presence,W,,1,,,,,,,,,,,,,,,,,,,,,,,,,,,,,,,,,1,,,,,1,,,,,,,,1,1,,,,,,,,,,,,,,,,,,,1,,,,,,,,,,,15,0,0,0,10,0,0,,,,,,
Veskre,4,280,TTC,280,280 TTC,,,4,17,2009,19-Aug,Presence,W,,,,,,,,,,F,,,,,,,,1,,,,,,,,,,,,,,,,,F,,,,,1,,,,,,,,1,1,,,,,,,,,,,,,,,,,,,,,,,,,1,,,,,30,0,0,0,5,0,0,,,,,,
Veskre,4,280,TTC,280,280 TTC,,,4,18,2009,19-Aug,Presence,W,,1,,,,,,,,1,,,,,,,,1,,,,,,,,,,,,,,,,,F,,,,,1,,,,,,,,1,F,,,,,,,,,,,,,,,,,,,1,,,,,,1,,,,,15,0,0,0,25,0,0,,,,,,
Veskre,4,280,TTC,280,280 TTC,,,4,19,2009,19-Aug,Presence,W,,,,,,,,,,,,,,,,1,,,,,,,,,,,,,,,,,,,1,,,1,,1,,,,,,,,1,1,,,,,,,,,,,,,,,,,,,1,,,,,,1,,,,,10,0,0,0,15,0,0,,,,,,
Veskre,4,280,TTC,280,280 TTC,,,4,20,2009,19-Aug,Presence,W,,1,,,,,,,,,,,,,,1,,,,,,,,1,,,,,,,,,,,,,,,,1,,,,,,,,1,,,,,,,,,,,,,,,,,,,,,,,,,,1,,,,,20,0,0,0,5,0,0,,,,,,
Veskre,4,280,TTC,280,280 TTC,,,4,21,2009,19-Aug,Presence,W,,,,,,,,,,,,,,,,1,,1,,,,,,,,,,,,,,,,,F,,,,,1,,,,,,,,1,1,,,,,,,,,,,,,,,,,,,,,,,,,,,,,,5,0,0,0,15,0,0,,,,,,
Veskre,4,280,TTC,280,280 TTC,,,4,22,2009,19-Aug,Presence,W,,,,,,,,,,1,,,,,,1,,,,,,,,,,,,,,,,,,,F,,,,,F,,,,,,,,1,1,,,,,,,,,,,,,,,,,,,,,,,,,1,,,,,5,0,0,0,20,0,0,,,,4,2.5,
Veskre,4,280,TTC,280,280 TTC,,,4,23,2009,19-Aug,Presence,W,,1,,,,,,,,1,,,,,,,,,,,,,,,1,,,,,,,,,,1,,,,,,,,,,,,,1,,,,,,,,,,,,,,,,,,,,1,,,,,,,,,,,5,0,0,0,10,0,0,,,,6,,
Veskre,4,280,TTC,280,280 TTC,,,4,24,2009,19-Aug,Presence,W,,1,,,,,,,,,,,,,,,,,,,,,,1,,,,,,,,,,,F,,,,,1,,,,,,,,1,,,,,,,,,,,,,,,,,,,,1,,,,,,1,,,,,10,0,0,0,5,0,0,,,,6,,
Veskre,4,280,TTC,280,280 TTC,,,4,25,2009,19-Aug,Presence,W,,1,,,,,,,,,,,,,,,,1,,,F,,,1,,,,,,,,,,,1,,,,,1,,,,,,,,1,1,,,,,,,,,,1,,,,,,,,,1,,,,,,1,,,,,10,0,0,0,15,0,0,,,,4,,
Veskre,4,280,TTC,280,280 TTC,,,4,%,2009,19-Aug,Cover,W,,10,,,,,,,,2,,,1,,1,5,,3,,,1,,,2,2,,,1,,,,,,,16,,,1,,7,,,,,,,,8,12,,,,,,,,,,1,,,,,,,,,3,,1,,,,8,,,,1,21.52,0,0,0,12.48,0.4,0,95,40,0,5,2.5,
,,,,,,,,,,,,,,,,,,,,,,,,,,,,,,,,,,,,,,,,,,,,,,,,,,,,,,,,,,,,,,,,,,,,,,,,,,,,,,,,,,,,,,,,,,,,,,,,,,,,,,,,
Veskre,5,281,TTC,281,281 TTC,,,C,1,2009,20-Aug,Presence,KK,,,,,,,,,,1,,,F,,,,,1,,,,,,,,,SF,1,,1,,,,,,,,,,,,,,,,,,F,1,,,,,,,,,,,,,,,,,,,,,,,,,,,,,,10,0,0,0,5,0,0,,,,,,
Veskre,5,281,TTC,281,281 TTC,,,C,2,2009,20-Aug,Presence,KK,,,,,,,,,,1,,,1,,,,,1,,,,,,,,,SF,1,,,,,,,,,,,,,,,,,,,,1,,,,,,,,,,,,,,,,,1,,,,,,,1,,,,,,,10,0,0,0,20,0,0,,,,,,
Veskre,5,281,TTC,281,281 TTC,,,C,3,2009,20-Aug,Presence,KK,,,,,,,,,,,,,1,,,,,,,,,,,,,,,1,,1,,,,,1,,,,,,,,,,,,,1,,,,,,,,,,,,,,,,,1,,,,,,,1,,,,,,,10,0,0,0,5,0,0,,,,,,
Veskre,5,281,TTC,281,281 TTC,,,C,4,2009,20-Aug,Presence,KK,,,,,,,,,,1,,,,,,,,,,,,,,,,,,,,,,,,,F,,,,,,,,,,,,,F,1,,,,,,,,1,,,,,,,,,,,,,,,,,,,,,,20,0,0,0,5,0,0,,,,,,
Veskre,5,281,TTC,281,281 TTC,,,C,5,2009,20-Aug,Presence,KK,,,,,,,,,,1,,,1,,,,,,,,,,,,,,,1,,,,,,,1,,,,,,,,,,,,,1,,,,,,,,,,,,,,,,,1,,,,,,,,,,,,,,60,0,0,0,2,0,0,,,,,,
Veskre,5,281,TTC,281,281 TTC,,,C,6,2009,20-Aug,Presence,KK,,,,,1,,,,,1,,,1,,,,F,1,,,,,,,,,,1,,,,,,,,,,,,,,,,,,,,1,,,,,,,,,,,,,,,,,1,,,,,,,,,1,,,,,20,0,0,0,10,0,0,,,,,,
Veskre,5,281,TTC,281,281 TTC,,,C,7,2009,20-Aug,Presence,KK,,,,,,,,,,,,,1,,,,,1,,,,,,,,,S,1,,1,,,,,1,,,,,,,,,,,,,1,,,,,,,,,,,,,,,,,,,,,,1,,1,,,,,,,20,0,0,0,5,0,0,,,,,,
Veskre,5,281,TTC,281,281 TTC,,,C,8,2009,20-Aug,Presence,KK,,,,,,,,,,1,,,1,,,,,1,,,,,,,,,,,,,,,,,1,,,,,,,,,,,,,1,,,,,,,,,,,,,,,,,1,,,,,1,,1,,,,,,,10,0,0,0,10,0,0,,,,,,
Veskre,5,281,TTC,281,281 TTC,,,C,9,2009,20-Aug,Presence,KK,,,,,,,,,,1,,,,,,,1,,,,,,,,,,,1,,,,,,,1,,,,,,,,,,,,,1,1,,,,,,,,,,,,,,,,,,,1,,,,,,,,,,,5,0,0,0,10,0,0,,,,,,
Veskre,5,281,TTC,281,281 TTC,,,C,10,2009,20-Aug,Presence,KK,,,,,,,,,,1,,,,,,,,,,,,,,,,,,,,,,,,,F,,,,,,,,,,,,,1,,,,,,,,,,,,,,,,,,,,1,,,,,,1,,,,,10,0,0,0,20,0,0,,,,,,
Veskre,5,281,TTC,281,281 TTC,,,C,11,2009,20-Aug,Presence,KK,,1,,,,,,,,1,,,,,,,,1,,,,,,,,,,,,,,,,,1,,,,,,,,,,,,,1,,,,,,,,,,,,,,,,,,,,,,,,,,1,,,,,10,0,0,0,10,0,0,,,,,,
Veskre,5,281,TTC,281,281 TTC,,,C,12,2009,20-Aug,Presence,KK,,,,,,,,,,,,,,,,,,,,,,,,,1,,,1,,,,,,,DF,,,,,,,,,,,,,1,,,,,,,,,,,,,,,,,1,,,,,,,,,,,,,,15,0,0,0,5,0,0,,,,,,
Veskre,5,281,TTC,281,281 TTC,,,C,13,2009,20-Aug,Presence,KK,,,,,,,,,,1,,,1,,,,,1,,,,,,,,,,1,,,,,,,1,,,,,,,,,,,,,1,,,,,,,,,,,,,,,,,1,,,1,,1,,1,,,,,,,15,0,0,0,5,0,0,,,,,,
Veskre,5,281,TTC,281,281 TTC,,,C,14,2009,20-Aug,Presence,KK,,,,,,,,,,1,,1,1,,,,1,,,,,,,,,,SF,,,,,,,,1,,,,,,,,,,,,,D,,,,,,,,,,,,,,,,,,,,,,,,1,,,,,,,10,0,0,0,5,0,0,,,,,,
Veskre,5,281,TTC,281,281 TTC,,,C,15,2009,20-Aug,Presence,KK,,,,1,,,,,,,,,,,,,,,,,,,,,1,,,1,,,,,,,F,,,,,,,,,,,,,1,1,,,,,,,,,,,,,,,,,,,,,,,,,,,,,,10,0,0,0,10,0,0,,,,,,
Veskre,5,281,TTC,281,281 TTC,,,C,16,2009,20-Aug,Presence,KK,,,,,,,,,,F,,,,,,,,1,,,,,,,,,SF,,,,,,,,1,,,,,,,,,,,,,F,1,,,,,,,,,,,,,,,,1,,,1,,,,,,,1,,,,10,0,0,0,10,0,0,,,,,,
Veskre,5,281,TTC,281,281 TTC,,,C,17,2009,20-Aug,Presence,KK,,1,,,,,,,,,,,,,,,1,,,,,,,,,,SF,,,,,,,,1,,,,,,,,,,,,,1,,,,,,,,,,,,,,,,,,,,,,,,,,,,,,,40,0,0,0,2,0,0,,,,,,
Veskre,5,281,TTC,281,281 TTC,,,C,18,2009,20-Aug,Presence,KK,,,,,,,,,,,,,,,,,,1,,,,,,,,,,1,,,,,,,1,,,,,,,,,,,,,F,,,,,,,,,,,,,,,,,,,,1,,,,,,,,,,,30,0,0,0,5,0,0,,,,,,
Veskre,5,281,TTC,281,281 TTC,,,C,19,2009,20-Aug,Presence,KK,,,,,,,,,,,,,,,,,1,,,,,,,,,,,1,,,,,,,1,,,,,,,,,,,,,1,1,,,,,,,,,,,,,,,,,,,,,,,,,,,,,,20,0,0,0,10,0,0,,,,,,
Veskre,5,281,TTC,281,281 TTC,,,C,20,2009,20-Aug,Presence,KK,,1,,1,1,,,,,1,,,,,,,,,,,,,,,,,,1,,,,,,,1,,,,,,,,,,,,,,1,,,,,,,,,,,,,,,,,,,,,,,,,,,,,,30,0,0,0,2,0,0,,,,,,
Veskre,5,281,TTC,281,281 TTC,,,C,21,2009,20-Aug,Presence,KK,,,,,,,,,,1,,,,,,,,,,,,,,,,,SF,1,,,,,,,1,,,,,,,,,,,,,F,,,,,,,,,,,,,,,,,,,,,,,,,,,,,,,10,0,0,0,20,0,0,,,,,,
Veskre,5,281,TTC,281,281 TTC,,,C,22,2009,20-Aug,Presence,KK,,1,,,1,,,,,1,,,,,,,,,,,,,,,,,,1,,,,,,,1,,,,,,,,,,,,,1,,,,,,,,,,,,,,,,,,,,,,,,,,,,,,,10,0,0,0,5,0,0,,,,2,1,
Veskre,5,281,TTC,281,281 TTC,,,C,23,2009,20-Aug,Presence,KK,,1,,,1,,,,,F,,,,,,,,1,,,,,,,,,,,,,,,,,F,,,,,,,,,,,,,1,,,,,,,,,,,,,,,,,1,,,,,,,,,,,,,,10,0,0,0,5,0,0,,,,2,1,
Veskre,5,281,TTC,281,281 TTC,,,C,24,2009,20-Aug,Presence,KK,,,,,,,,,,,,,,,,,,,,,,,,,,,,1,,,,,,,1,,,,,,,,,,,,,1,,,,,,,,,,,,,,,,,,,,,,,,1,,,,,,,15,0,0,0,2,0,0,,,,3,1.5,
Veskre,5,281,TTC,281,281 TTC,,,C,25,2009,20-Aug,Presence,KK,,,,1,1,,,,,,,,,,,,,,,,,,,,,,SF,,,,,,,,1,,,,,1,,,,,,,,1,,,,,,,,,,,,,,,,,,,,,,,,1,,,,,,,0,0,0,0,0,0,0,,,,4,2,
Veskre,5,281,TTC,281,281 TTC,,,C,%,2009,20-Aug,Cover,KK,,2,,4,6,,,,,6,,1,3,,,,3,4,,,,,,,1,,4,3,,4,,,,,8,,,,,2,,,,,,,,7,4,,,,,,,,1,,,,,,,,3,,,2,,2,,3,,3,1,,,,16.4,0,0,0,7.52,0,0,50,70,0,2.75,1.375,
,,,,,,,,,,,,,,,,,,,,,,,,,,,,,,,,,,,,,,,,,,,,,,,,,,,,,,,,,,,,,,,,,,,,,,,,,,,,,,,,,,,,,,,,,,,,,,,,,,,,,,,,
Veskre,5,284,TT1,285,284 TT1 285,,,3,1,2009,20-Aug,Presence,KK,,1,,,,,,,,,,,,,,,,1,,,,,,,1,,S,1,,,,,,,1,,,F,,,,,,,,,,1,1,,,,,,,,,,,,,,,1,,,,1,,,1,1,,,,,,,30,0,0,0,2,0,0,,,,,,
Veskre,5,284,TT1,285,284 TT1 285,,,3,2,2009,20-Aug,Presence,KK,,,,,,,,,,,,,,,,,,1,,,,,,,,,,1,,,,,,,1,,,,,1,,,,,,,,,1,,,,,,,,,,,,,,,,,,,1,,1,,1,,,,,,,10,0,0,0,2,0,0,,,,,,
Veskre,5,284,TT1,285,284 TT1 285,,,3,3,2009,20-Aug,Presence,KK,,,,,,,1,,,,,,,,,,,,,,,F,,,,,,1,,,,,,,,,,,,1,,,,,,,,,,,,,,,,F,,,,,,,,,,,,,,,1,F,,1,,,,,2,0,0,0,5,0,0,,,,,,
Veskre,5,284,TT1,285,284 TT1 285,,,3,4,2009,20-Aug,Presence,KK,,1,,,,,,,,,,,,,,,,,,,,1,,,,,,1,,,,,,,1,,,,,1,,,,,,,,,,,,,,,,,,,,,,,,,1,,,,,,,,,1,,,,,2,0,0,0,10,0,0,,,,,,
Veskre,5,284,TT1,285,284 TT1 285,,,3,5,2009,20-Aug,Presence,KK,,1,,,,,,,,,,,,,,,,,1,,,,,,,,,1,,,,,,,1,,,,,1,,,,,,,,F,1,,,,,,,1,,,,,,,,,,,,1,,,1,,,,,,,,5,0,0,0,10,0,0,,,,,,
Veskre,5,284,TT1,285,284 TT1 285,,,3,6,2009,20-Aug,Presence,KK,,,,,,,,,,,,,,,,1,,,,,,,,,,,,,,,,,,,,,,,,1,,,,,,,,1,1,,,,,,,,,,,,,,,,,,,,,,1,1,,1,1,,,,30,0,0,0,2,0,0,,,,,,
Veskre,5,284,TT1,285,284 TT1 285,,,3,7,2009,20-Aug,Presence,KK,,1,,,,,,,,1,,,,,,,,,,,,,,,,,S,1,,,,,,,,,,,,1,,,,,,,,,1,,,,,,,,,,,,,,,,,,,1,,,1,1,,,1,,,,30,0,0,0,5,0,0,,,,,,
Veskre,5,284,TT1,285,284 TT1 285,,,3,8,2009,20-Aug,Presence,KK,,,,,,,,,,,,,,,,,,,,,,,,,,,,,,,,,,,,,,,,D,,,,,,,,,1,,,,,,,,,,,,,,,,,,,1,,,1,,S,,1,,,,5,0,0,0,2,0,0,,,,,,
Veskre,5,284,TT1,285,284 TT1 285,,,3,9,2009,20-Aug,Presence,KK,,1,,,,,1,,,,,,,,,,,,1,,,1,,,,,,,,,,,,,1,,,,,1,,,,,,,,1,,,,,,,,,,,,,,,,,1,,,,,,,,,,,,,,2,0,0,0,2,0,0,,,,,,
Veskre,5,284,TT1,285,284 TT1 285,,,3,10,2009,20-Aug,Presence,KK,,1,,,,,,,,,,,,,,,,1,1,,,1,,,,,,1,,,,,,,1,,,,,1,,,,,,,,1,F,,,,,,,,,,,,,,,,1,,,,,,1,,,,,,,,5,0,0,0,5,0,0,,,,,,
Veskre,5,284,TT1,285,284 TT1 285,,,3,11,2009,20-Aug,Presence,KK,,1,,1,,,,,,1,,,,,,,,1,,,,,,,,,,,,,,,,,,,,,,1,,,,,,,,,,,,,,,,,,,,,,,,,1,,,1,,,,F,,,,,,,15,0,0,0,5,0,0,,,,,,
Veskre,5,284,TT1,285,284 TT1 285,,,3,12,2009,20-Aug,Presence,KK,,1,,,,,,,,,,,,,,1,,,,,,,,,1,,S,,,,,,,,,,,,,D,,,,,,,,,1,,,,,,,,,,,,,,,,1,,,1,,,,,,,,,,,2,0,0,0,2,0,0,,,,,,
Veskre,5,284,TT1,285,284 TT1 285,,,3,13,2009,20-Aug,Presence,KK,,1,,,,,,,,,,,,,,,,,,,,,,,1,,S,1,,,,,,,,,,1,,1,,,,,,1,,,1,,,,,,,,,,,,,,,,,,,1,,1,,,,,,,,,5,0,0,0,5,0,0,,,,,,
Veskre,5,284,TT1,285,284 TT1 285,,,3,14,2009,20-Aug,Presence,KK,,1,,,1,,1,,,,,,,,,,,,1,,,,,,1,,,,,,,,,,1,,,,,1,,,,,,,,1,1,,,,,,,,,,,,,,,,1,,,F,,,,,,1,,,,,5,0,0,0,10,0,0,,,,,,
Veskre,5,284,TT1,285,284 TT1 285,,,3,15,2009,20-Aug,Presence,KK,,1,,,1,,,,,1,,,,,,,,,1,,,,,,1,,,,,,,,,,1,,,,,1,,,,,,,,1,1,,,,,,,,,,,,,,,,1,,,,,,1,,,,,,,,5,0,0,0,5,0,0,,,,,,
Veskre,5,284,TT1,285,284 TT1 285,,,3,16,2009,20-Aug,Presence,KK,,,,1,,,1,,,,,,,,,,,,1,,,1,,,,,S,,,,,,,,,,,,,1,,,,,,1,,,,,,,,,,,,,,,,,,,1,,,,,,,,,1,,,,,5,0,0,0,2,0,0,,,,,,
Veskre,5,284,TT1,285,284 TT1 285,,,3,17,2009,20-Aug,Presence,KK,,1,,,,,,,,,,,,,,,,,,,,,,,,,,,,,,,,,,,,,,1,,,,,,1,,1,,,,,,,,,,,,,,,,,,,,1,,,,,,,,,,,5,0,0,0,2,0,0,,,,,,
Veskre,5,284,TT1,285,284 TT1 285,,,3,18,2009,20-Aug,Presence,KK,,1,,,,,,,,,,,,,,,,,,,,1,,,,,,1,,,,,,,,,,,,1,,,,,,1,,,,,,,,,,,,,,,,,,,1,,,1,,,1,,,,,,,,10,0,0,0,10,0,0,,,,,,
Veskre,5,284,TT1,285,284 TT1 285,,,3,19,2009,20-Aug,Presence,KK,,1,,,,,1,,,,,,,,,,,1,1,,,,,,1,,S,,,,,,,,1,,,,,1,,,,,,,,,,,,,,,,,,,,,,,,,1,,,1,,,1,,,1,,,,,10,0,0,0,2,0,0,,,,,,
Veskre,5,284,TT1,285,284 TT1 285,,,3,20,2009,20-Aug,Presence,KK,,1,,,1,,,,,,,,,,,,,,,,,1,,,1,,,,,,,,,,1,,,,,1,,,,,,,,1,,,,,,,,,,,,,,,,,1,,,1,,,,,,,1,,,,5,0,0,0,2,0,0,,,,,,
Veskre,5,284,TT1,285,284 TT1 285,,,3,21,2009,20-Aug,Presence,KK,,1,,1,,,1,,,,,,,,,,,,1,,,1,,,,,,,,,,,,,,,,,,1,,,,,,1,,1,,,,,,,,,,,,,,,,,1,,,,,,,,,1,,,,,5,0,0,0,5,0,0,,,,,,
Veskre,5,284,TT1,285,284 TT1 285,,,3,22,2009,20-Aug,Presence,KK,,1,,,,,1,,,,,,,,,,,,1,,,,,,,,SF,1,,,,,,,S,,,,,1,,,,,,1,,1,,,,,,,,,,,,,,,,,1,,,1,,,1,,,1,,,,,20,0,0,0,5,0,0,,,,4,1.5,
Veskre,5,284,TT1,285,284 TT1 285,,,3,23,2009,20-Aug,Presence,KK,,,,,,,1,,,,,,,,,,,,,,,,,,,,S,,,,,,,,S,,,,,1,,,,,,,,,,,,,,,,,,,,,,,,,1,,,1,,,,,,1,,,,,10,0,0,0,20,0,0,,,,10,2,
Veskre,5,284,TT1,285,284 TT1 285,,,3,24,2009,20-Aug,Presence,KK,,,,,,,1,,,,,,,,,,,,,,,,,,,,,,,,,,,,1,,,,,1,,,,,,,,,,,,,,F,,,,,,,,,,,,,,,,,,,,1,,,,,5,0,0,0,10,0,0,,,,7,1,
Veskre,5,284,TT1,285,284 TT1 285,,,3,25,2009,20-Aug,Presence,KK,,1,,,1,,,,,,,,,,,,,,,,,,,,,,,,,,,,,,1,,,,,1,,,,,,,,1,,,,,,,,,,,,,,,,,1,,,,,,,,,,,,,,20,0,0,0,5,0,0,,,,5,1.5,
Veskre,5,284,TT1,285,284 TT1 285,,,3,%,2009,20-Aug,Cover,KK,,4,,3,4,,3,,,2,,,,,,2,,3,4,,,4,,,2,,3,2,,,,,,,4,,,2,,20,,,,,,2,,5,6,,,,,2,,1,,,,,,,,2,3,,,4,,2,2,4,1,5,3,,,,9.92,0,0,0,5.4,0,0,75,35,0,6.5,1.5,
,,,,,,,,,,,,,,,,,,,,,,,,,,,,,,,,,,,,,,,,,,,,,,,,,,,,,,,,,,,,,,,,,,,,,,,,,,,,,,,,,,,,,,,,,,,,,,,,,,,,,,,,
Veskre,5,285,TT2,310,285 TT2 310,,,4,1,2009,20-Aug,Presence,KK,,,,,,,1,,,,,,,,,,1,,,,,,,,1,,,,,,,,,,,,,,,1,,,,,,,,,,,,,,,,,,,,,,,,,,,,,,,,,,,,,,,20,0,0,0,20,0,0,,,,,,
Veskre,5,285,TT2,310,285 TT2 310,,,4,2,2009,20-Aug,Presence,KK,,1,,,,,,,,,,,,,,,1,,,,,,,,,,,,,,,,,,,,,,,1,,,,,,,,1,,,,,,,,,,,,,,,,,,,,,,,,,,,,,,,5,0,0,0,10,0,0,,,,,,
Veskre,5,285,TT2,310,285 TT2 310,,,4,3,2009,20-Aug,Presence,KK,,,,,1,,1,,,,,,,,,,1,,,,,,,,,,SF,,,,,,,,,,,,,1,,,,,,,,,1,,,,,,,,,,,,,,,,1,,,,,,,1,,,,,,,20,0,0,0,5,0,0,,,,,,
Veskre,5,285,TT2,310,285 TT2 310,,,4,4,2009,20-Aug,Presence,KK,,1,,,,,1,,,,,,,,,,,,,,,,,,,,,,,,,,,,,,,,,D,,,,,,,,1,1,,,,,,,,,,,,,,,,1,,,,,,,,,,,,,,10,0,0,0,5,0,0,,,,,,
Veskre,5,285,TT2,310,285 TT2 310,,,4,5,2009,20-Aug,Presence,KK,,1,,,,,1,,,,,,,,,,,,,,,,,,,,SF,,,,,,,,,,,,,1,,,,,,,,1,,,,,,,,,,,,,,,,1,,,,,,,,,,1,,,,,5,0,0,0,5,0,0,,,,,,
Veskre,5,285,TT2,310,285 TT2 310,,,4,6,2009,20-Aug,Presence,KK,,1,,,,,,,,,,1,,,,,,,1,,,,,,1,,,,,,,,,,,,,,,,,,,,,,,,,,,,,,,,,,,,,,,,1,,,,,1,,,,1,,,,,10,0,0,0,10,0,0,,,,,,
Veskre,5,285,TT2,310,285 TT2 310,,,4,7,2009,20-Aug,Presence,KK,,1,,,,,1,,,,,,,,,,,,,,,,,,1,,,,,,,,,,,,,,,1,,,,,,,,1,1,,,,,,,,,,,,,,,,1,,,,,1,,,,,,,,,5,0,0,0,5,0,0,,,,,,
Veskre,5,285,TT2,310,285 TT2 310,,,4,8,2009,20-Aug,Presence,KK,,,,,,,,,,,,,,,,,1,,,,,,,,,,SF,,,,,,,,,,,,,F,,,,,,,,,,,,,,,,,,,,,,,,,,,,,,,,,,,,,,,5,0,0,0,20,0,0,,,,,,
Veskre,5,285,TT2,310,285 TT2 310,,,4,9,2009,20-Aug,Presence,KK,,1,,,,,,,,,,,,,,,,,,,,,,,1,,,,,,,,,,,,,,,1,,,,,,,,1,1,,,,,,,,,,,,,,,,,,,,,,,,,,,,,,2,0,0,0,5,0,0,,,,,,
Veskre,5,285,TT2,310,285 TT2 310,,,4,10,2009,20-Aug,Presence,KK,,1,,,S,,1,,,,,,,,,,,,,,,,,,1,,,,,,,,,,,,,,,1,,,,,,,,1,1,,,,,,,,,,1,,,,,,1,,,,,,,1,,,,,,,10,0,0,0,5,0,0,,,,,,
Veskre,5,285,TT2,310,285 TT2 310,,,4,11,2009,20-Aug,Presence,KK,,,,,,,,,1,,,,,,,,,,,,,,,,,,,,,,,,,,,,,,,1,,,,,,,,1,,,,,,,,,,,,,,,,,,,,,,,,,,1,,,,,10,0,0,0,20,0,0,,,,,,
Veskre,5,285,TT2,310,285 TT2 310,,,4,12,2009,20-Aug,Presence,KK,,1,,,,,,,,,,,,,,,,,,,,,,,1,,,,,,,,,,,,,,,D,,,,,,,,,1,,,,,,,,,,,,,,,,,,,,,,,,,,,,,,5,0,0,0,10,0,0,,,,,,
Veskre,5,285,TT2,310,285 TT2 310,,,4,13,2009,20-Aug,Presence,KK,,1,,,,,1,,,,,,,,,,,,,,,,,,,,,,,,,,,,,,,,,D,,,,,,,,,1,,,,,,,,,,,,,,,,,,,,,,,,,1,,,,,2,0,0,0,10,0,0,,,,,,
Veskre,5,285,TT2,310,285 TT2 310,,,4,14,2009,20-Aug,Presence,KK,,1,,,,,,,,,,,,,,,,,,,,,,,1,,,,,,,,,,,,,,,1,,,,,,,,1,1,,,,,,,,,,,,,,,,,,,,,,,1,,,,,,,5,0,0,0,10,0,0,,,,,,
Veskre,5,285,TT2,310,285 TT2 310,,,4,15,2009,20-Aug,Presence,KK,,,,,,,1,,,,,1,,,,,,,,,,,,,1,,,,,,,1,,,,,,,,1,,,,,,,,1,1,,,,,,,,,,1,,,,,,,,,1,,,,1,,,,,,,5,0,0,0,10,0,0,,,,,,
Veskre,5,285,TT2,310,285 TT2 310,,,4,16,2009,20-Aug,Presence,KK,,1,,,,,,,,,,,,,,,1,,,,,,,,,,,,,,,,,,,,,,,1,,,,,,,,1,,,,,,,,,,,,,,,,,1,,,,,,,,,1,,,,,10,0,0,0,20,0,0,,,,,,
Veskre,5,285,TT2,310,285 TT2 310,,,4,17,2009,20-Aug,Presence,KK,,,,,,,1,,1,,,,,,,,,,,,,,,,1,,,,,,,,,,,,,,,1,,,,,,,,F,,,,,,,,,,,,,,,,,1,,,,,,,,,,,,,,5,0,0,0,25,0,0,,,,,,
Veskre,5,285,TT2,310,285 TT2 310,,,4,18,2009,20-Aug,Presence,KK,,,,,,,,,,,,,,,,,1,,F,,,,,,1,,,,,,,,,,,,,,,D,,,,,,,,,1,,,,,,,,,,,,,,,,,,,,,,,,,,,,,,5,0,0,0,10,0,0,,,,,,
Veskre,5,285,TT2,310,285 TT2 310,,,4,19,2009,20-Aug,Presence,KK,,1,,,,,,,,,,,,,,,,,,,,,,,1,,,,,,,,,,,,,,,1,,,,,,,,1,1,,,,,,,,,,,,,,,,1,,,,,,,,,,,,,,5,0,0,0,5,0,0,,,,,,
Veskre,5,285,TT2,310,285 TT2 310,,,4,20,2009,20-Aug,Presence,KK,,1,,,,,,,,,,,,,,,,,,,,,,,,,S,,,,,1,,,,,,,,1,,,,,,,,1,,,,,,,,,,,,,,,,,,,,,,,,,,,,,,,2,0,0,0,5,0,0,,,,,,
Veskre,5,285,TT2,310,285 TT2 310,,,4,21,2009,20-Aug,Presence,KK,,,,,,,,,,,,,,,,,1,1,,,,,,,,,S,,,,,,,,,,,,,1,,,,,,,,1,,,D,,,,,,,,,,,,,,1,,,,,,,,,,,,,,5,0,0,0,10,0,0,,,,,,
Veskre,5,285,TT2,310,285 TT2 310,,,4,22,2009,20-Aug,Presence,KK,,,,,,,,,,,,,,,,,1,1,,,,,,,,,SF,,,,,,,,,,,,,1,,,,,,,,1,,,,,,,,,,,,,,,,,1,,,,,,,,,1,1,,,,5,0,0,0,10,0,0,,,,4,1,
Veskre,5,285,TT2,310,285 TT2 310,,,4,23,2009,20-Aug,Presence,KK,,1,,,,,,,,,,,,,,,1,1,,,,,,,,,,,,,,,,,,,,,,1,,,,,,,,1,1,,,,,,,,,,,,,,,,,,,,,,,,,1,,,,,5,0,0,0,5,0,0,,,,3,1.5,
Veskre,5,285,TT2,310,285 TT2 310,,,4,24,2009,20-Aug,Presence,KK,,,,,,,,,,,,,,,,,1,,1,,,,,,,,S,,,,,,,,,,,,,1,,,,,,,,1,1,,,,,,,,,,,,,,,,1,,,,,,,,,,,,,,5,0,0,0,5,0,0,,,,5,2,
Veskre,5,285,TT2,310,285 TT2 310,,,4,25,2009,20-Aug,Presence,KK,,,,,,,,,,,,,,,,,1,,1,,,,,,,,S,,,,,,,,,,,1,,1,,,,,,,,D,1,,,,,,,,,,,,,,,,1,,,,1,,,,,,,,,,5,0,0,0,20,0,0,,,,6,1.5,
Veskre,5,285,TT2,310,285 TT2 310,,,4,%,2009,20-Aug,Cover,KK,,5,,,2,,4,,4,,,1,,,,,7,4,4,,,,,,3,,5,,,,,2,,,,,,1,,25,,,,,,,,8,7,,6,,,,,,,,2,,,,,2,3,,,1,1,2,,5,,5,1,,,,6.84,0,0,0,10.6,0,0,80,20,0,4.5,1.5,
