OriginSite,OriginBlock,Block (KORRIGERT),originPlotID,TTtreat,destinationPlotID,turfID,RTtreat ,GRtreat,Old Treat,subPlot,year,date,Measure,recorder,Ach mil,Agr cap,Alc alp,Alc sp,Ant odo,Ave fle,Cam rot,Car pal,Car pil,Car car,Cer fon,Eup str,Fes ovi,Fes rub,Gal ver,Hie pil,Hyp mac,Kna arv,Leo aut,Leu vul,Lot cor,Luz mul,Luz pil,Nar str,Noc cae,Oma syl,Phleum haret,Pim sax,Pla lan,Poa pra,Pot ere,Pru vul,Rum ac-la,Ran acr,Ran rep,Rub ida,Rum ace,Sol vir,Ste gra,Tar sp,Tri pra,Tri rep,Ver cha,Ver off,Ver ser,Vio pal,Vio riv,Vio tri,Nid seedling,pleuro,acro,liver,lichen,litter,soil,rock,totalVascular,totalBryophytes,totalLichen,vegetationHeight,mossHeight,comment
Vikesland,I,,126,TTC,126,126 TTC,,,C,1,2009,30-Jul,Presence,KK,1,1,,,,,F,,,,,,,,,,,,,,,,,,,,,,,,,,,,,,,,,,,,,1,,,,,,10,0,0,0,2,0,0,,,,,,
Vikesland,I,,126,TTC,126,126 TTC,,,C,2,2009,30-Jul,Presence,KK,1,1,,,,,,,,,,,,,,,,,,,,,,,,,,,,,,,,,,,,,,,,1,,1,,,,,,20,0,0,0,2,0,0,,,,,,
Vikesland,I,,126,TTC,126,126 TTC,,,C,3,2009,30-Jul,Presence,KK,1,1,,,1,,,,,,,,,,,,,,,,,,,,,,,,,,,,,1,,,1,,,,,1,,1,,,,,1,60,0,0,0,5,0,0,,,,,,
Vikesland,I,,126,TTC,126,126 TTC,,,C,4,2009,30-Jul,Presence,KK,1,1,,,1,,,,,,,,,,,,,,,,,,,,,,,,,,,,,,,,,,,,,,,1,,,,,,20,0,0,0,5,0,0,,,,,,
Vikesland,I,,126,TTC,126,126 TTC,,,C,5,2009,30-Jul,Presence,KK,,1,,,,,,,,,,,,,,,,,,,,,,,,,,,,,,,,,,,,,,,,1,,1,,,,,,40,0,0,0,5,0,0,,,,,,
Vikesland,I,,126,TTC,126,126 TTC,,,C,6,2009,30-Jul,Presence,KK,1,1,,,,,1,,,,,,,,,,,,,,,,,,,,,,,,,,,S,,,,,,,,1,,DF,,,,,,5,0,0,0,10,0,0,,,,,,
Vikesland,I,,126,TTC,126,126 TTC,,,C,7,2009,30-Jul,Presence,KK,1,1,,,1,,F,,,,,,,,,,,,,,,,,,,,,,,,,,,,,,,,1,,,,,DF,,,,,,10,0,0,0,5,0,0,,,,,,
Vikesland,I,,126,TTC,126,126 TTC,,,C,8,2009,30-Jul,Presence,KK,,1,,,1,,,,,,,,,,,,,,,,,,,,,,,,,,,,,,,,,,,,,1,,D,,,,,,20,0,0,0,10,0,0,,,,,,
Vikesland,I,,126,TTC,126,126 TTC,,,C,9,2009,30-Jul,Presence,KK,1,,,,,,,,,,,,,1,,,,,,,,,,,,,,,,,,,,1,,,,,1,,,,,1,,,,,,40,0,0,0,5,0,0,,,,,,
Vikesland,I,,126,TTC,126,126 TTC,,,C,10,2009,30-Jul,Presence,KK,1,1,,,,,1,,,,,,,,,,,,,,,,,,,,,,,,,,,1,,,,,,,,,,1,,,,,,50,0,0,0,10,0,0,,,,,,
Vikesland,I,,126,TTC,126,126 TTC,,,C,11,2009,30-Jul,Presence,KK,1,1,,,,,,,,,,,,1,,,,F,,,,,,,,,,,,,,,,,,,1,,,,,1,,1,,,,,,30,0,0,0,10,0,0,,,,,,
Vikesland,I,,126,TTC,126,126 TTC,,,C,12,2009,30-Jul,Presence,KK,1,1,,,,,1,,,,,,,,,,,1,,,,,,,,,,,,,,,,,,,,,,,,1,,D,,,,,,5,0,0,0,5,0,0,,,,,,
Vikesland,I,,126,TTC,126,126 TTC,,,C,13,2009,30-Jul,Presence,KK,1,1,,,,,,,,,,,,,,,,,,,,,,,,,,,,,,,,,,,,,,,,,,D,,,,,,40,0,0,0,5,0,0,,,,,,
Vikesland,I,,126,TTC,126,126 TTC,,,C,14,2009,30-Jul,Presence,KK,1,1,,,,,,,,,,,,1,,,,,,,,,,,,,,,,,,,,,,,,,,,,1,,1,,,,,,70,0,0,0,2,0,0,,,,,,
Vikesland,I,,126,TTC,126,126 TTC,,,C,15,2009,30-Jul,Presence,KK,1,,,,,,,,,,,,,1,,,,,,,,,,,,,,,,,,,,,1,,,,1,,,1,,1,,,,,,10,0,0,0,2,0,0,,,,,,
Vikesland,I,,126,TTC,126,126 TTC,,,C,16,2009,30-Jul,Presence,KK,,1,,,,,,,,,,,,1,,,,1,,,,,,,,,,,,,,,,,,,,,,,,,,F,,,,,,2,0,0,0,10,0,0,,,,,,
Vikesland,I,,126,TTC,126,126 TTC,,,C,17,2009,30-Jul,Presence,KK,,1,,,,,,,,,,,,1,,,,,,,,,,,,,,,,,,,,,,,,,,,,1,,DF,,,,,,5,0,0,0,20,0,0,,,,,,
Vikesland,I,,126,TTC,126,126 TTC,,,C,18,2009,30-Jul,Presence,KK,,1,,,,,F,,,,,,,1,,,,,,,,,,,,,,,,,,,,,,,,,1,,,1,,D,,,,,,5,0,0,0,2,0,0,,,,,,
Vikesland,I,,126,TTC,126,126 TTC,,,C,19,2009,30-Jul,Presence,KK,,1,,,,,1,,,,,,,1,,,,,,,,,,,,,,,,,,,,,1,,,,,,,,,1,,,,,,10,0,0,0,2,0,0,,,,,,
Vikesland,I,,126,TTC,126,126 TTC,,,C,20,2009,30-Jul,Presence,KK,1,1,,,,,,,,,,,,1,,,,,,,,,,,,,,,,,,,,, ,,,,1,,,,,1,,,,,,2,0,0,0,30,0,0,,,,,,
Vikesland,I,,126,TTC,126,126 TTC,,,C,21,2009,30-Jul,Presence,KK,,1,,,,,,,,,,,,1,,,,1,,,,,,,,,,,,,,,,,,,1,,F,,,1,,1,,,,,,2,0,0,0,10,0,0,,,,,,
Vikesland,I,,126,TTC,126,126 TTC,,,C,22,2009,30-Jul,Presence,KK,1,1,,,,,,,,,,,,1,,,,,,,,,,,,,,,,,,,,,1,,,,,,,,,1,,,,,,5,0,0,0,20,0,0,,,,9,,
Vikesland,I,,126,TTC,126,126 TTC,,,C,23,2009,30-Jul,Presence,KK,1,1,,,,,,,,,,,,1,,,,,,,,,,,,,,,,,,,,,1,,,,1,,,1,,1,,,,,,10,0,0,0,10,0,0,,,,6,,
Vikesland,I,,126,TTC,126,126 TTC,,,C,24,2009,30-Jul,Presence,KK,1,1,,,,,,,,,,,,1,,,,,,,,,,,,,,,,,,,,,1,,1,,,,,,,1,,,,,,10,0,0,0,2,0,0,,,,9,,
Vikesland,I,,126,TTC,126,126 TTC,,,C,25,2009,30-Jul,Presence,KK,,1,,,,,,,,,,,,1,,,,,,,,,,,,,,,,,,,,,1,,,,,,,1,,1,,,,,,10,0,0,0,30,0,0,,,,10,,
Vikesland,I,,126,TTC,126,126 TTC,,,C,%,2009,30-Jul,Cover,KK,20,10,,,2,,2,,,,,,,10,,,,5,,,,,,,,,,,,,,,,2,5,,2,,5,,,5,,75,,,,,1,19.64,0,0,0,8.76,0,0,90,20,0,8.5,30,
,,,,,,,,,,,,,,,,,,,,,,,,,,,,,,,,,,,,,,,,,,,,,,,,,,,,,,,,,,,,,,,,,,,,,,,,,,,,
Vikesland,II,,131,TT1,135,131 TT1 135,,,C,1,2009,30-Jul,Presence,KK,1,,,,,,1,,,,,,,,1,,,,,,,,,,,,,,,,,,,,,,,,,,,1,,,,,,,,60,0,0,0,2,0,0,,,,,,
Vikesland,II,,131,TT1,135,131 TT1 135,,,C,2,2009,30-Jul,Presence,KK,1,,,,,,1,,,,,,,,1,,,1,,,,,,,,,,,,,,,,1,,,1,,1,,,1,,,,,,,,80,0,0,0,2,0,0,,,,,,
Vikesland,II,,131,TT1,135,131 TT1 135,,,C,3,2009,30-Jul,Presence,KK,1,,,,1,,,,,,,,,,1,,,1,,,,,,,,,,1,,,,,,,,,1,,,,,1,,1,,,,,,30,0,0,0,2,0,0,,,,,,
Vikesland,II,,131,TT1,135,131 TT1 135,,,C,4,2009,30-Jul,Presence,KK,1,,,,F,,,,,,,,,,1,,,1,,,,,,,,,,,,,,,,,,,,,1,,,,,,,,,,,10,0,0,0,2,0,0,,,,,,
Vikesland,II,,131,TT1,135,131 TT1 135,,,C,5,2009,30-Jul,Presence,KK,,,,,1,,,,,,,,,,,,,1,,,,,,,,,,,,,F,,,,,,1,,F,,,1,,1,,,,,,10,0,0,0,2,0,0,,,,,,
Vikesland,II,,131,TT1,135,131 TT1 135,,,C,6,2009,30-Jul,Presence,KK,,,,,,,,,,,,,,,1,,,,,,,,,,,,,,,,,,,S,,,1,,1,,,1,,,,,,,,30,0,0,0,0,0,0,,,,,,
Vikesland,II,,131,TT1,135,131 TT1 135,,,C,7,2009,30-Jul,Presence,KK,1,,,,,,,,,,,,,,,,,,,,,,,,,,,,,,,,,,,,1,,1,,,1,,,,,,,,10,0,0,0,2,0,0,,,,,,
Vikesland,II,,131,TT1,135,131 TT1 135,,,C,8,2009,30-Jul,Presence,KK,1,,,,1,,,,,,,,,,,,,,,,,,,,,,,,,,,,,,,,1,,1,,,1,,,,,,,,30,0,0,0,2,0,0,,,,,,
Vikesland,II,,131,TT1,135,131 TT1 135,,,C,9,2009,30-Jul,Presence,KK,1,,,,1,,1,,,,,,,,,,,1,,,,,,,,,,,,,F,,,,,,,,,,,,,,,,,,,2,0,0,0,5,0,0,,,,,,
Vikesland,II,,131,TT1,135,131 TT1 135,,,C,10,2009,30-Jul,Presence,KK,1,,,,F,,S,,,,,,,,,,,1,,,,,,,,,,,,,F,,,,,,1,,1,,,1,,,,,,,,30,0,0,0,2,0,0,,,,,,
Vikesland,II,,131,TT1,135,131 TT1 135,,,C,11,2009,30-Jul,Presence,KK,1,1,,,,,,,,,,,,,1,,,,,,,,,,,,,,,,,,,,,,1,,F,,,1,,,,,,,,80,0,0,0,2,0,0,,,,,,
Vikesland,II,,131,TT1,135,131 TT1 135,,,C,12,2009,30-Jul,Presence,KK,1,1,,,,,,,,,,,,,,,,,,,,,,,,,,,,,,,,,,1,1,,1,,,,,,,,,,,10,0,0,0,5,0,0,,,,,,
Vikesland,II,,131,TT1,135,131 TT1 135,,,C,13,2009,30-Jul,Presence,KK,D,,,,,,,,,,,,,,,,,,,,,,,,,,,,,,,,,,,,,,1,,,1,,,,,,,,80,0,0,0,1,0,0,,,,,,
Vikesland,II,,131,TT1,135,131 TT1 135,,,C,14,2009,30-Jul,Presence,KK,1,,,,F,,1,,,,,,,,,,,,,,,,,,,,,,,,F,,,,,,1,,F,,,,,,,,,,,30,0,0,0,10,0,0,,,,,,
Vikesland,II,,131,TT1,135,131 TT1 135,,,C,15,2009,30-Jul,Presence,KK,1,,,,1,,1,,,,,,,,1,,,,,,,,,,,,,,,,,,,,,,1,,,,,,,,,,,,,30,0,0,0,5,0,0,,,,,,
Vikesland,II,,131,TT1,135,131 TT1 135,,,C,16,2009,30-Jul,Presence,KK,1,,,,,,S,,,,,,,,1,,,,,,,,,,,,,,,,F,,,S,,,,,1,,,1,,1,,,,,,40,0,0,0,10,0,0,,,,,,
Vikesland,II,,131,TT1,135,131 TT1 135,,,C,17,2009,30-Jul,Presence,KK,1,,,,F,,,,,,,,,,1,,,,,,,,,,,,,,,,,,,,,1,S,,1,,,1,,,,,,,,10,0,0,0,40,0,0,,,,,,
Vikesland,II,,131,TT1,135,131 TT1 135,,,C,18,2009,30-Jul,Presence,KK,1,,,,F,,,,,,,,,,1,,,,,,,,,,,,,,,,,,,,,,,,F,,,1,,,,,,,,20,0,0,0,5,0,0,,,,,,
Vikesland,II,,131,TT1,135,131 TT1 135,,,C,19,2009,30-Jul,Presence,KK,1,,,,1,,,,,,,,,,1,,,,,,,,,,,,,,,,,,,,,,,,F,,,1,,,,,,,,20,0,0,0,10,0,0,,,,,,
Vikesland,II,,131,TT1,135,131 TT1 135,,,C,20,2009,30-Jul,Presence,KK,1,,,,1,,F,,,,,,,,,,,,,,,,,,,,,,,,,,,,,,,,1,,,1,,,,,,,,30,0,0,0,20,0,0,,,,,,
Vikesland,II,,131,TT1,135,131 TT1 135,,,C,21,2009,30-Jul,Presence,KK,1,1,,,,,1,,,,,,,,,,,,,,,,,,,,,,,,,,,S,,,,,1,,,1,,,,,,,,30,0,0,0,5,0,0,,,,,,
Vikesland,II,,131,TT1,135,131 TT1 135,,,C,22,2009,30-Jul,Presence,KK,1,1,,,1,,,,,,,,,,,,,,,,,,,,,,,,,,,,,1,,,,,1,,,1,,1,,,,,,5,0,0,0,5,0,0,,,,9,,
Vikesland,II,,131,TT1,135,131 TT1 135,,,C,23,2009,30-Jul,Presence,KK,,,,,F,,1,,,,,,,,1,,,,,,,,,,,,,,,,,,,,,,,,F,,,1,,,,,,,,5,0,0,0,10,0,0,,,,9,,
Vikesland,II,,131,TT1,135,131 TT1 135,,,C,24,2009,30-Jul,Presence,KK,1,,,,F,,1,,,,,,,,1,,,,,,,,,,,,,,,,,,,,,,1,,1,,,1,,,,,,,,20,0,0,0,5,0,0,,,,9,,
Vikesland,II,,131,TT1,135,131 TT1 135,,,C,25,2009,30-Jul,Presence,KK,1,,,,1,,1,,,,,,,,1,,,,,,,,,,,,,,,,,,,,,,1,,1,,,1,,,,,,,,0,0,0,0,0,0,0,,,,10,,
Vikesland,II,,131,TT1,135,131 TT1 135,,,C,%,2009,30-Jul,Cover,KK,20,2,,,5,,4,,,,,,,,15,,,5,,,,,,,,,,1,,,3,,,2,,15,4,,3,,,15,,5,,,,,,28.08,0,0,0,6.16,0,0,80,60,0,9.25,15,
,,,,,,,,,,,,,,,,,,,,,,,,,,,,,,,,,,,,,,,,,,,,,,,,,,,,,,,,,,,,,,,,,,,,,,,,,,,,
Vikesland,II,,133,TT3,219,133 TT3 219,,,2,1,2009,30-Jul,Presence,KK,1,1,,,,,1,,,,,,,,,,,1,,,,,,,,,,,,,,,,1,,1,,,,,,1,,,1,,,,,40,0,0,0,10,0,0,,,,,,
Vikesland,II,,133,TT3,219,133 TT3 219,,,2,2,2009,30-Jul,Presence,KK,1,,,,,,1,,,,,,,,,,,1,,,,,,,,,,,,,,,,,,,1,,,,,1,,1,,,,,,30,0,0,0,5,0,0,,,,,,
Vikesland,II,,133,TT3,219,133 TT3 219,,,2,3,2009,30-Jul,Presence,KK,1,F,,,,,,,,,,,,,,,,,,,,,,,,,,,,,,,,,,,1,,1,,,1,,1,,,,,,50,0,0,0,5,0,0,,,,,,
Vikesland,II,,133,TT3,219,133 TT3 219,,,2,4,2009,30-Jul,Presence,KK,1,F,,,,,1,,,,,,,,,,,1,,,,,,,,,,,,,,,,,,,1,,1,,,1,,,1,,,,,40,0,0,0,2,0,0,,,,,,
Vikesland,II,,133,TT3,219,133 TT3 219,,,2,5,2009,30-Jul,Presence,KK,1,1,,,1,,,,,,,,,,,,,,,,,,,,,,,,,,,,,,,,1,,F,,,1,,1,1,,,,,10,0,0,0,20,0,0,,,,,,
Vikesland,II,,133,TT3,219,133 TT3 219,,,2,6,2009,30-Jul,Presence,KK,1,,,,1,,1,,,,,,,,,,,F,,,,,,,,,,,,,,,,1,,,,,1,,,1,,,1,,F,,,20,0,0,0,5,0,0,,,,,,
Vikesland,II,,133,TT3,219,133 TT3 219,,,2,7,2009,30-Jul,Presence,KK,1,,,,1,,1,,,,,,,,F,,,,,,,,,,,,,,,,,,,,,,,,1,,,1,,1,,,,,,60,0,0,0,2,0,0,,,,,,
Vikesland,II,,133,TT3,219,133 TT3 219,,,2,8,2009,30-Jul,Presence,KK,1,,,,1,,1,,,,,,,,,,,1,,,,,,,,,,,,,,,,,,,,,1,,,,,,,,,,,80,0,0,0,2,0,0,,,,,,
Vikesland,II,,133,TT3,219,133 TT3 219,,,2,9,2009,30-Jul,Presence,KK,1,,,,1,,F,,,,,,,,,,,1,,,,,,,,,,,,,,,,1,,,,,,,,1,,1,,,,,,30,0,0,0,20,0,0,,,,,,
Vikesland,II,,133,TT3,219,133 TT3 219,,,2,10,2009,30-Jul,Presence,KK,1,1,,,,,1,,,,,,,1,,,,,,,,,,,,,,,,,,,,,,1,1,,1,,,1,,1,,,,,,70,0,0,0,10,0,0,,,,,,
Vikesland,II,,133,TT3,219,133 TT3 219,,,2,11,2009,30-Jul,Presence,KK,1,1,,,,,,,,,,,,,,,,1,,,,,,,,,,,,,,,,1,,,1,,1,,,1,,,,,1,,,40,0,0,0,10,0,0,,,,,,
Vikesland,II,,133,TT3,219,133 TT3 219,,,2,12,2009,30-Jul,Presence,KK,1,1,,,1,,,,,,,,,,1,,,,,,,,,,,,,,,,,,1,,,,,,1,,,1,,1,,,,,,40,0,0,0,2,0,0,,,,,,
Vikesland,II,,133,TT3,219,133 TT3 219,,,2,13,2009,30-Jul,Presence,KK,1,,,,1,,,,,,,,,,,,,,,,,,,,,,,,,,,,,,,,,,,,,1,,1,,,,,,30,0,0,0,5,0,0,,,,,,
Vikesland,II,,133,TT3,219,133 TT3 219,,,2,14,2009,30-Jul,Presence,KK,1,,,,F,,1,,,,,,,,,,,,,,,,,,,,,,,,,,,1,,,1,,1,,,1,,1,,,,,,30,0,0,0,10,0,0,,,,,,
Vikesland,II,,133,TT3,219,133 TT3 219,,,2,15,2009,30-Jul,Presence,KK,1,1,,,,,1,,,,,,,,,,,,,,,,,,,,,,,,,,,,,,,,,,,1,,1,,,,,,20,0,0,0,10,0,0,,,,,,
Vikesland,II,,133,TT3,219,133 TT3 219,,,2,16,2009,30-Jul,Presence,KK,1,,,,F,,,,,,,,,,,,,1,,,,,,,,,,,,,,,,,,,,,1,,,1,,1,,,,,,20,0,0,0,5,0,0,,,,,,
Vikesland,II,,133,TT3,219,133 TT3 219,,,2,17,2009,30-Jul,Presence,KK,1,1,,,1,,,,,,,,,,,,,,,,,,,,,,,,,,,,,,,,,,F,,,1,,1,,,,,,70,0,0,0,2,0,0,,,,,,
Vikesland,II,,133,TT3,219,133 TT3 219,,,2,18,2009,30-Jul,Presence,KK,1,,,,1,,1,,,,,,,,1,,,,,,,,,,,,,,,,,,,,,,,,1,,,1,,1,,,,,,40,0,0,0,2,0,0,,,,,,
Vikesland,II,,133,TT3,219,133 TT3 219,,,2,19,2009,30-Jul,Presence,KK,1,1,,,1,,,,,,,,,,,,,,,,,,,,,,,,,,,,,,,,,,1,,,1,,,,,,,,70,0,0,0,5,0,0,,,,,,
Vikesland,II,,133,TT3,219,133 TT3 219,,,2,20,2009,30-Jul,Presence,KK,1,,,,1,,,,,,,,,,,,,,,,,,,,,,,,,,,,,,,,,,1,,,1,,1,,,,,,20,0,0,0,2,0,0,,,,,,
Vikesland,II,,133,TT3,219,133 TT3 219,,,2,21,2009,30-Jul,Presence,KK,1,1,,,,,,,,,,,,,,,,1,,,,,,,,,,,,,,,,,,,,,1,,,1,,,,,,,,60,0,0,0,2,0,0,,,,,,
Vikesland,II,,133,TT3,219,133 TT3 219,,,2,22,2009,30-Jul,Presence,KK,1,1,,,,,,,,,,,,,,,,,,,,,,,,,,,,,,,,,,,,,1,,,1,,,,,,,,40,0,0,0,10,0,0,,,,6,,
Vikesland,II,,133,TT3,219,133 TT3 219,,,2,23,2009,30-Jul,Presence,KK,1,1,,,,,,,,,,,,,1,,,,,,,,,,,,,,,,,,,,,,,,,,,1,,1,,,,,,10,0,0,0,5,0,0,,,,6,,
Vikesland,II,,133,TT3,219,133 TT3 219,,,2,24,2009,30-Jul,Presence,KK,1,,,,,,,,,,,,,,,,,,,,,,,,,,,,,,,,,,,1,,,,,,1,,,,,,,,40,0,0,0,10,0,0,,,,8,,
Vikesland,II,,133,TT3,219,133 TT3 219,,,2,25,2009,30-Jul,Presence,KK,1,,,,F,,,,,,,,,,,,,,,,,,,,,,,,,,,,,,,,,,,,,1,,1,,,,,,30,0,0,0,10,0,0,,,,8,,
Vikesland,II,,133,TT3,219,133 TT3 219,,,2,%,2009,30-Jul,Cover,KK,30,10,,,8,,2,,,,,,,1,15,,,15,,,,,,,,,,,,,,,1,1,,10,5,,5,,,10,,15,2,,5,,,39.6,0,0,0,6.84,0,0,60,80,0,7,10,
,,,,,,,,,,,,,,,,,,,,,,,,,,,,,,,,,,,,,,,,,,,,,,,,,,,,,,,,,,,,,,,,,,,,,,,,,,,,
Vikesland,II,,134,TTC,134,134 TTC,,,3,1,2009,29-Jul,Presence,KK,1,1,,,1,,,,,,,,,,,,,,,,,,,,,,,,,,1,,,1,,,,,1,,,1,,,,,,,,70,0,0,0,5,0,0,,,,,,
Vikesland,II,,134,TTC,134,134 TTC,,,3,2,2009,29-Jul,Presence,KK,1,1,,,F,,,,,,,,,,1,,,,,,,,,,,,,,,,,,,,,,,,F,,,1,,,,,,,,80,0,0,0,5,0,0,,,,,,
Vikesland,II,,134,TTC,134,134 TTC,,,3,3,2009,29-Jul,Presence,KK,1,,,,1,,1,,,,,,,1,,,,1,,,,,,,,,,,,1,,,,F,,,,,1,,,1,,,,,,,,20,0,0,0,5,0,0,,,,,,
Vikesland,II,,134,TTC,134,134 TTC,,,3,4,2009,29-Jul,Presence,KK,,,,,,,1,,,,,,,1,,,,1,,,,,,,,,,,,1,1,,,,,,,,,,,1,,,,,,,,70,0,0,0,5,0,0,,,,,,
Vikesland,II,,134,TTC,134,134 TTC,,,3,5,2009,29-Jul,Presence,KK,1,,,,,,1,,,,,,,1,,,,F,,,,,,,,,,,,,,,,,,,,,F,,,1,,,,,,,,20,0,0,0,80,0,0,,,,,,
Vikesland,II,,134,TTC,134,134 TTC,,,3,6,2009,29-Jul,Presence,KK,,1,,,,,,,,,,,,1,,,,,,,,,,,,,,,,,,,,S,,,1,,S,,,1,,,,,,,,80,0,0,0,2,0,0,,,,,,
Vikesland,II,,134,TTC,134,134 TTC,,,3,7,2009,29-Jul,Presence,KK,1,,,,,,,,,,,,,1,1,,,1,,,,,,,,,,,,1,,,,,,,1,,F,,,1,,,,,,,,20,0,0,0,20,0,0,,,,,,
Vikesland,II,,134,TTC,134,134 TTC,,,3,8,2009,29-Jul,Presence,KK,,,,,1,,1,,,,,,,1,1,,,1,,,,,,,,,,,,,,,,,,,,,1,,,1,,,,,,,,20,0,0,0,30,0,0,,,,,,
Vikesland,II,,134,TTC,134,134 TTC,,,3,9,2009,29-Jul,Presence,KK,1,1,,,,,F,,,,,,,1,,,,1,,,,,,,,,,,,,,,,1,,,,,,,,1,,,,,,,,30,0,0,0,20,0,0,,,,,,
Vikesland,II,,134,TTC,134,134 TTC,,,3,10,2009,29-Jul,Presence,KK,,,,,,,,,,,,,,1,1,,,,,,,,,,,,,,,1,,,,,,D,,1,1,,,,,,,,,,,20,0,0,0,20,0,0,,,,,,
Vikesland,II,,134,TTC,134,134 TTC,,,3,11,2009,29-Jul,Presence,KK,,,,,1,,,,,,,,,,,,,,,,,,,,,,,,,1,,,1,1,,,,,1,,,1,,,,,,,,40,0,0,0,20,0,0,,,,,,
Vikesland,II,,134,TTC,134,134 TTC,,,3,12,2009,29-Jul,Presence,KK,,,,,,,,,,,,,,1,1,,,,,,,,,,,,,,,,,,,,,,,,1,,,1,,,,,,,,20,0,0,0,5,0,0,,,,,,
Vikesland,II,,134,TTC,134,134 TTC,,,3,13,2009,29-Jul,Presence,KK,,,,,,,,,,,,,,1,,,,,,,,,,,,,,,,,,,,,,,,,,,,1,,,,,,,,50,0,0,0,5,0,0,,,,,,
Vikesland,II,,134,TTC,134,134 TTC,,,3,14,2009,29-Jul,Presence,KK,,1,,,,,F,,,,,,,1,,,,,,,,,,,,,,,,,,,1,,,,1,,1,,,1,,,,,,,,30,0,0,0,5,0,0,,,,,,
Vikesland,II,,134,TTC,134,134 TTC,,,3,15,2009,29-Jul,Presence,KK,1,,,,,,1,,,,,,,1,1,,,,,,,,,,,,,,,,,,,,,,,,1,,,,,,,,,,,5,0,0,0,30,0,0,,,,,,
Vikesland,II,,134,TTC,134,134 TTC,,,3,16,2009,29-Jul,Presence,KK,1,1,,,1,,,,,,,,,,,,,,,,,,,,,,,,,,,,,1,,,,,,,,,,,,,,,1,40,0,0,0,10,0,0,,,,,,
Vikesland,II,,134,TTC,134,134 TTC,,,3,17,2009,29-Jul,Presence,KK,1,1,,,,,,,,,,,,1,D,,,,,,,,,,,,,,,1,,,,1,,,,,1,,,1,,,,,,,,20,0,0,0,10,0,0,,,,,,
Vikesland,II,,134,TTC,134,134 TTC,,,3,18,2009,29-Jul,Presence,KK,1,1,,,,,,,,,,,,1,1,,,,,,,,,,,,,,,,,,,,,,,,1,,,1,,,,,,,,60,0,0,0,5,0,0,,,,,,
Vikesland,II,,134,TTC,134,134 TTC,,,3,19,2009,29-Jul,Presence,KK,1,1,,,,,1,,,,,,,1,1,,,,,,,,,,,,,,,1,,,,S,,,,,1,,1,1,,,,,,,1,20,0,0,0,20,0,0,,,,,,
Vikesland,II,,134,TTC,134,134 TTC,,,3,20,2009,29-Jul,Presence,KK,1,1,,,,,,,,,,,,1,F,,,,,,,,,,,,,,,,,,,,,,,,1,,1,1,,1,,,,,,30,0,0,0,5,0,0,,,,,,
Vikesland,II,,134,TTC,134,134 TTC,,,3,21,2009,29-Jul,Presence,KK,1,1,,,,,,,,,,,,1,,,,1,,,,,,,,,,,,,,,,,,,,,1,,,1,,,,,,,,20,0,0,0,10,0,0,,,,,,
Vikesland,II,,134,TTC,134,134 TTC,,,3,22,2009,29-Jul,Presence,KK,1,1,,,1,,,,,,,,,,1,,,1,,,,,,,,,,,,,,,,S,,,,,1,,,1,,1,,,,,,10,0,0,0,5,0,0,,,,11,,
Vikesland,II,,134,TTC,134,134 TTC,,,3,23,2009,29-Jul,Presence,KK,1,,,,,,,,,,,,,1,F,,,,,,,,,,,,,,,1,,,,1,,,S,,1,,,F,,,,,,,,40,0,0,0,5,0,0,,,,10,,
Vikesland,II,,134,TTC,134,134 TTC,,,3,24,2009,29-Jul,Presence,KK,,1,,,1,,1,,,,,,,,1,,,,,,,,,,,,,,,,,,,,,1,,,1,,,1,,,,,,,,5,0,0,0,20,0,0,,,,7,,
Vikesland,II,,134,TTC,134,134 TTC,,,3,25,2009,29-Jul,Presence,KK,1,1,,,1,,,,,,,,,1,1,,,,,,,,,,,,,,,1,,,,S,,,,,1,,F,,,1,,,,,,30,0,0,0,5,0,0,,,,9,,
Vikesland,II,,134,TTC,134,134 TTC,,,3,%,2009,29-Jul,Cover,KK,30,5,,,5,,2,,,,,,,5,30,,,5,,,,,,,,,,,,5,2,,2,2,,8,4,1,7,,5,20,,5,,,,,1,34,0,0,0,14.08,0,0,85,50,0,9.25,20,
,,,,,,,,,,,,,,,,,,,,,,,,,,,,,,,,,,,,,,,,,,,,,,,,,,,,,,,,,,,,,,,,,,,,,,,,,,,,
Vikesland,II,I,135,TT1,129,135 TT1 129,,,4,1,2009,30-Jul,Presence,KK,1,1,,,1,,,,,,,,,,,,,,,,,,,,,,,,,,,,,,,,,,1,,,1,,,,,,,,5,0,0,0,10,0,0,,,,,,
Vikesland,II,I,135,TT1,129,135 TT1 129,,,4,2,2009,30-Jul,Presence,KK,1,F,,,1,,,,,,,,,1,,,,1,,,,,,,,,,,,,,,,,,,,,1,,,1,,,,,,,,5,0,0,0,40,0,0,,,,,,
Vikesland,II,I,135,TT1,129,135 TT1 129,,,4,3,2009,30-Jul,Presence,KK,1,1,,,,,,,,,,,,1,,,,,,,,,,,,,,,,,,,,,,1,,,F,,,1,,,,,,,,20,0,0,0,40,0,0,,,,,,
Vikesland,II,I,135,TT1,129,135 TT1 129,,,4,4,2009,30-Jul,Presence,KK,,1,,,,,,,,,,,,1,,,,,,,,,,,,,,,,,,,,,,,,,F,,,1,,,,,,,,5,0,0,0,10,0,0,,,,,,
Vikesland,II,I,135,TT1,129,135 TT1 129,,,4,5,2009,30-Jul,Presence,KK,1,1,,,,,,,,,,,,1,1,,,1,,,,,,,,,,,,,,,,1,,,,,1,,,1,,,,,,,,2,0,0,0,5,0,0,,,,,,
Vikesland,II,I,135,TT1,129,135 TT1 129,,,4,6,2009,30-Jul,Presence,KK,1,1,,,1,,,,,,,,,,,,,,,,,,,,,,,,,,,,,,,,F,,1,,,1,,,,,,,1,20,0,0,0,10,0,0,,,,,,
Vikesland,II,I,135,TT1,129,135 TT1 129,,,4,7,2009,30-Jul,Presence,KK,1,1,,,1,,,,,,,,,1,,,,1,,,,,,,,,,,,,,,,F,,,1,,1,,,1,,,,,,,,20,0,0,0,40,0,0,,,,,,
Vikesland,II,I,135,TT1,129,135 TT1 129,,,4,8,2009,30-Jul,Presence,KK,1,1,,,,,,,,,,,,1,,,,,,,,,,,,,,,,,,,,,,,,,1,,,1,,,,,,,,10,0,0,0,40,0,0,,,,,,
Vikesland,II,I,135,TT1,129,135 TT1 129,,,4,9,2009,30-Jul,Presence,KK,1,1,,,,,1,,,,,,,1,,,,,,,,,,,,,,,,,,,,,,,,,1,,,,,,,,,,,20,0,0,0,40,0,0,,,,,,
Vikesland,II,I,135,TT1,129,135 TT1 129,,,4,10,2009,30-Jul,Presence,KK,1,1,,,,,S,,,,,,,,,,,,,,,,,,,,,,,,,,,F,,,1,,1,,,1,,,,,,,,2,0,0,0,30,0,0,,,,,,
Vikesland,II,I,135,TT1,129,135 TT1 129,,,4,11,2009,30-Jul,Presence,KK,1,1,,,,,1,,,,,,,1,1,,,,,,,,,,,,,,,,,,,1,,,1,,,,,1,,,,,,,1,10,0,0,0,10,0,0,,,,,,
Vikesland,II,I,135,TT1,129,135 TT1 129,,,4,12,2009,30-Jul,Presence,KK,1,,,,,,,,,,,,,1,,,,,,,,,,,,,,,,,,,,1,,,1,,F,,,1,,,,,,,,20,0,0,0,30,0,0,,,,,,
Vikesland,II,I,135,TT1,129,135 TT1 129,,,4,13,2009,30-Jul,Presence,KK,1,1,,,,,,,,,,,,1,,,,,,,,,,,,,,,,,,,,1,,,F,,1,,,1,,,,,,,,10,0,0,0,20,0,0,,,,,,
Vikesland,II,I,135,TT1,129,135 TT1 129,,,4,14,2009,30-Jul,Presence,KK,1,F,,,,,1,,,,,,,1,,,,1,,,,,,,,,,,,,1,,,1,,,,,1,,,1,,,,,,,,5,0,0,0,20,0,0,,,,,,
Vikesland,II,I,135,TT1,129,135 TT1 129,,,4,15,2009,30-Jul,Presence,KK,1,F,,,,,1,,,,,,,,1,,,,,,,,,,,,,,,,1,,,1,,,,,1,,,,,,,,,,,30,0,0,0,10,0,0,,,,,,
Vikesland,II,I,135,TT1,129,135 TT1 129,,,4,16,2009,30-Jul,Presence,KK,1,1,,,,,F,,,,,,,1,,,,1,,,,,,,,,,,,,,,,1,,,,,1,,,1,,,,,,,,60,0,0,0,5,0,0,,,,,,
Vikesland,II,I,135,TT1,129,135 TT1 129,,,4,17,2009,30-Jul,Presence,KK,1,F,,,,,,,,,,,,1,F,,,,,,,,,,,,,,,,,,,1,,,1,,F,,,1,,1,,,,,,30,0,0,0,5,0,0,,,,,,
Vikesland,II,I,135,TT1,129,135 TT1 129,,,4,18,2009,30-Jul,Presence,KK,1,F,,,,,,,,,,,,1,1,,,,,,,,,,,,,,,,,,,1,,,1,,1,,,1,,F,,,,,,30,0,0,0,20,0,0,,,,,,
Vikesland,II,I,135,TT1,129,135 TT1 129,,,4,19,2009,30-Jul,Presence,KK,1,F,,,,,,,,,,,,1,,,,,,,,,,,,,,,,,F,,,1,,,,,1,,,1,,,,,,,1,20,0,0,0,5,0,0,,,,,,
Vikesland,II,I,135,TT1,129,135 TT1 129,,,4,20,2009,30-Jul,Presence,KK,1,F,,,,,,,,,,,,1,1,,,,,,,,,,,,,,,,F,,,,,,,,1,,,1,,,,,,,,10,0,0,0,20,0,0,,,,,,
Vikesland,II,I,135,TT1,129,135 TT1 129,,,4,21,2009,30-Jul,Presence,KK,1,1,,,,,1,,,,,,,1,,,,,,,,,,,,,,,,,,,,1,,,1,,1,,,1,,,,,,,,40,0,0,0,5,0,0,,,,,,
Vikesland,II,I,135,TT1,129,135 TT1 129,,,4,22,2009,30-Jul,Presence,KK,1,1,,,,,,,,,,,,1,,,,1,,,,,,,,,,,,,,,,1,,,S,,1,,,1,,,,,,,,10,0,0,0,2,0,0,,,,11,,
Vikesland,II,I,135,TT1,129,135 TT1 129,,,4,23,2009,30-Jul,Presence,KK,1,1,,,,,1,,,,,,,,F,,,1,,,,,,,,,,,,,,,,1,,,,,1,,,1,,,,,,,,40,0,0,0,2,0,0,,,,11,,
Vikesland,II,I,135,TT1,129,135 TT1 129,,,4,24,2009,30-Jul,Presence,KK,1,F,,,,,,,,,,,,1,,,,,,,,,,,,,,,,,,,,,,,,,1,,,F,,,,,,,,10,0,0,0,5,0,0,,,,9,,
Vikesland,II,I,135,TT1,129,135 TT1 129,,,4,25,2009,30-Jul,Presence,KK,1,1,,,,,,,,,,,,1,1,,,,,,,,,,,,,,,,,,,,,,,,1,,,1,,,,,,,,20,0,0,0,5,0,0,,,,12,,
Vikesland,II,I,135,TT1,129,135 TT1 129,,,4,%,2009,30-Jul,Cover,KK,20,10,,,3,,2,,,,,,,5,40,,,5,,,,,,,,,,,,,5,,,10,,5,5,,8,,,15,,5,,,,,1,18.16,0,0,0,17.16,0,0,90,60,0,10.75,10,
,,,,,,,,,,,,,,,,,,,,,,,,,,,,,,,,,,,,,,,,,,,,,,,,,,,,,,,,,,,,,,,,,,,,,,,,,,,,
Vikesland,III,,136,TT3,221,136 TT3 221,,,C,1,2009,29-Jul,Presence,W,1,1,,,1,,,,,,,,,1,1,,,,,,,,,,,,,,,1,,,,,,,1,,F,,,1,,,,,1,,,40,0,0,0,10,0,0,,,,,,
Vikesland,III,,136,TT3,221,136 TT3 221,,,C,2,2009,29-Jul,Presence,W,1,,,,,,,,,,,,,1,,,,,,,,,,,,,,,,1,,,,,,,,,1,,,,,1,,,1,,,20,0,0,0,10,0,0,,,,,,
Vikesland,III,,136,TT3,221,136 TT3 221,,,C,3,2009,29-Jul,Presence,W,1,,,,,,,,,,,,,,,,,,,,,,,,,,,,,1,,,,,,,,,F,,,F,,,,,,,,30,0,0,0,10,0,0,,,,,,
Vikesland,III,,136,TT3,221,136 TT3 221,,,C,4,2009,29-Jul,Presence,W,1,,,,,,,,,,,,,,,,,,,,,,,,,,,,,1,,,,,,,1,,1,,,1,,,,,,,,60,0,0,0,0,0,0,,,,,,
Vikesland,III,,136,TT3,221,136 TT3 221,,,C,5,2009,29-Jul,Presence,W,D,1,,,,,,,,,,,,,,,,,,,,,,,,,,,,,,,,,,,1,,,,,1,,,,,,,,40,0,0,0,20,0,0,,,,,,
Vikesland,III,,136,TT3,221,136 TT3 221,,,C,6,2009,29-Jul,Presence,W,1,,,,1,,1,,,,,,,1,,,,,,,,,,,,,,,,1,1,,,,,,,,F,,,,,,,,,,,60,0,0,0,5,0,0,,,,,,
Vikesland,III,,136,TT3,221,136 TT3 221,,,C,7,2009,29-Jul,Presence,W,1,,,,1,,,,,1,,,,1,,,,,,,,,,,,,,,,,,,,,,,,,,,,,,,,,,,,50,0,0,0,5,0,0,,,,,,
Vikesland,III,,136,TT3,221,136 TT3 221,,,C,8,2009,29-Jul,Presence,W,1,,,,,,,,,,,,,,,,,,,,,,,,,,,1,,,,,,,,,,,F,,,1,,,,,,,,60,0,0,0,10,0,0,,,,,,
Vikesland,III,,136,TT3,221,136 TT3 221,,,C,9,2009,29-Jul,Presence,W,1,,,,,,,,,F,,,,1,,,,,,,,,,,,,,,,,,,,,,,,,1,,,1,,F,,,,,,90,0,0,0,0,0,0,,,,,,
Vikesland,III,,136,TT3,221,136 TT3 221,,,C,10,2009,29-Jul,Presence,W,D,,,,,,,,,,,,,1,,,,,,,,,,,,,,1,,,,,,,,,,,F,,,1,,,,,,,,90,0,0,0,5,0,0,,,,,,
Vikesland,III,,136,TT3,221,136 TT3 221,,,C,11,2009,29-Jul,Presence,W,1,,,,1,,,,,,,,,1,,,,,,,,,,,,,,,,,F,,,,,,,,1,,,,,F,,,,,,20,0,0,0,20,0,0,,,,,,
Vikesland,III,,136,TT3,221,136 TT3 221,,,C,12,2009,29-Jul,Presence,W,1,,,,,,S,,,,,,,1,,,,,,,,,,,,,,1,,,1,,,,,,,,F,,,1,,,,,,,,40,0,0,0,10,0,0,,,,,,
Vikesland,III,,136,TT3,221,136 TT3 221,,,C,13,2009,29-Jul,Presence,W,1,,,,,,,,,,,,,1,,,,,,,,,,,,,,,,1,,,,,,,,,F,,,1,,,,,,,,30,0,0,0,10,0,0,,,,,,
Vikesland,III,,136,TT3,221,136 TT3 221,,,C,14,2009,29-Jul,Presence,W,D,,,,,,,,,F,,,,1,,,,,,,,,,,,,,,,,,,,1,,,,,F,,,F,,F,,,,,,80,0,0,0,5,0,0,,,,,,
Vikesland,III,,136,TT3,221,136 TT3 221,,,C,15,2009,29-Jul,Presence,W,1,1,,,,,,,,,,,,1,,,,,,,,,,,,,,1,,,,,,1,,,,,1,,,F,,F,,,,,,80,0,0,0,5,0,0,,,,,,
Vikesland,III,,136,TT3,221,136 TT3 221,,,C,16,2009,29-Jul,Presence,W,1,1,,,F,,F,,,,,,,1,,,,,,,,,,,,,,,,,DF,,,,,,,,1,,,1,,1,,,,,,80,0,0,0,5,0,0,,,,,,
Vikesland,III,,136,TT3,221,136 TT3 221,,,C,17,2009,29-Jul,Presence,W,1,1,,,,,,,,,,,,1,,,,,,,,,,,,,,,,,,,,,,,,,F,,,,,DF,,,,,,20,0,0,0,5,0,0,,,,,,
Vikesland,III,,136,TT3,221,136 TT3 221,,,C,18,2009,29-Jul,Presence,W,1,,,,,,,,,,,,,1,,,,,,,,,,,,,,,,,,,,,,,,,F,,,1,,1,,,,,,60,0,0,0,10,0,0,,,,,,
Vikesland,III,,136,TT3,221,136 TT3 221,,,C,19,2009,29-Jul,Presence,W,1,,,,,,,,,,,,,1,,,,,,,,,,,,,,,,,,,,1,,,,,1,,,1,,,,,,,,20,0,0,0,5,0,0,,,,,,
Vikesland,III,,136,TT3,221,136 TT3 221,,,C,20,2009,29-Jul,Presence,W,D,F,,,,,,,,,,,,1,,,,,,,,,,,,,,,,,,,,1,,,,,1,,,1,,,,,,,,20,0,0,0,1,0,0,,,,,,
Vikesland,III,,136,TT3,221,136 TT3 221,,,C,21,2009,29-Jul,Presence,W,D,1,,,,,1,,,,,,,,,,,,,,,,,,,,,,,,F,,,,,,,,F,,,1,,,,,,,,60,0,0,0,10,0,0,,,,,,
Vikesland,III,,136,TT3,221,136 TT3 221,,,C,22,2009,29-Jul,Presence,W,1,,,,F,,F,,,,,,,1,,,,,,,,,,,,,,,,,F,,,,,,,,,,,,,1,,,,,,90,0,0,0,5,0,0,,,,6,,
Vikesland,III,,136,TT3,221,136 TT3 221,,,C,23,2009,29-Jul,Presence,W,1,,,,,,1,,,,,,,1,,,,,,,,,,,,,,,,1,,,,F,,,,,F,,,1,,F,,,,,,80,0,0,0,5,0,0,,,,7,,
Vikesland,III,,136,TT3,221,136 TT3 221,,,C,24,2009,29-Jul,Presence,W,D,,,,,,,,,,,,,1,,,,,,,,,,,,,,,,,,,,,,,,,F,,,1,,,,,,,,40,0,0,0,5,0,0,,,,6,,
Vikesland,III,,136,TT3,221,136 TT3 221,,,C,25,2009,29-Jul,Presence,W,,F,,,,,,,,,,,,F,,,,,,,,,,,,,,,,,,,,1,,,1,,1,,,F,,1,,,,,,40,0,0,0,5,0,0,,,,5,,
Vikesland,III,,136,TT3,221,136 TT3 221,,,C,%,2009,29-Jul,Cover,W,20,7,,,4,,1,,,2,,,,5,1,,,,,,,,,,,,,2,,3,4,,,5,,,2,,10,,,15,,8,,,2,,,52,0,0,0,7.24,0,0,90,52,0,6,,
,,,,,,,,,,,,,,,,,,,,,,,,,,,,,,,,,,,,,,,,,,,,,,,,,,,,,,,,,,,,,,,,,,,,,,,,,,,,
Vikesland,III,,137,TT1,139,137 TT1 139,,,1,1,2009,30-Jul,Presence,W,1,,,,,,,,,,,,,,,,,,,,,,,,,,,,,,,,,,,,1,,1,,,1,,1,,,,,,100,0,0,0,5,0,0,,,,,,
Vikesland,III,,137,TT1,139,137 TT1 139,,,1,2,2009,30-Jul,Presence,W,1,,,,F,,,,,,,,,,,,,,,,,,,,,,,,,,,,,,,,1,,1,,,1,,1,,,,,,80,0,0,0,10,0,0,,,,,,
Vikesland,III,,137,TT1,139,137 TT1 139,,,1,3,2009,30-Jul,Presence,W,1,1,,,1,,,,,,,,,,,,,,,,,,,,,,,,,,,,,,,,D,,F,,,,,,,,,,,50,0,0,0,5,0,0,,,,,,
Vikesland,III,,137,TT1,139,137 TT1 139,,,1,4,2009,30-Jul,Presence,W,D,,,,1,,,,,,,,,,,,,,,,,,,,,,,,,1,,,,,,,1,,1,,,1,,1,,,,,,50,0,0,0,5,0,0,,,,,,
Vikesland,III,,137,TT1,139,137 TT1 139,,,1,5,2009,30-Jul,Presence,W,1,,,,DF,,,,,,,,,,,,,,,,,,,,,,,1,,,,,,,,,,,F,,,,,,,,,,,30,0,0,0,5,0,0,,,,,,
Vikesland,III,,137,TT1,139,137 TT1 139,,,1,6,2009,30-Jul,Presence,W,1,F,,,1,,,,,,,,,,,,,,,,,,,,,,,,,,,,,,,,,,F,,,1,,,,,,,,30,0,0,0,20,0,0,,,,,,
Vikesland,III,,137,TT1,139,137 TT1 139,,,1,7,2009,30-Jul,Presence,W,1,,,,1,,,,,,,,,,,,,,,,,,,,,,,,,,,,,,,,1,,1,,,1,,1,,,,,,50,0,0,0,20,0,0,,,,,,
Vikesland,III,,137,TT1,139,137 TT1 139,,,1,8,2009,30-Jul,Presence,W,1,,,,1,,,,,,,,,,,,,,,,,,,,,,,,,,S,,,,,,1,,1,,,,,1,,,,,,80,0,0,0,5,0,0,,,,,,
Vikesland,III,,137,TT1,139,137 TT1 139,,,1,9,2009,30-Jul,Presence,W,1,1,,,,,,,,,,,,,,,,,,,,,,,,,,,,,,,,,,,,,F,,,1,,1,,,,,,50,0,0,0,5,0,0,,,,,,
Vikesland,III,,137,TT1,139,137 TT1 139,,,1,10,2009,30-Jul,Presence,W,1,F,,,,,1,,,,,,,,,,,,,,,,,,,,,,,,,,,,,,,,1,,,F,,1,,,,,,50,0,0,0,5,0,0,,,,,,
Vikesland,III,,137,TT1,139,137 TT1 139,,,1,11,2009,30-Jul,Presence,W,1,F,,,,,,,,,,,,,,,,,,,,,,,,,,,,,,,,,,,,,F,,,1,,,,,,,,50,0,0,0,30,0,0,,,,,,
Vikesland,III,,137,TT1,139,137 TT1 139,,,1,12,2009,30-Jul,Presence,W,1,F,,,F,,,,,,,,,,,,,,,,,,,,,,,,,,S,,,,,,,,,,,,,1,,,,,,30,0,0,0,30,0,0,,,,,,
Vikesland,III,,137,TT1,139,137 TT1 139,,,1,13,2009,30-Jul,Presence,W,1,F,,,,,,,,,,,,,,,,,,,,,,,,,,,,,,,,,,,1,,1,,,,,1,,,,,,50,0,0,0,5,0,0,,,,,,
Vikesland,III,,137,TT1,139,137 TT1 139,,,1,14,2009,30-Jul,Presence,W,1,1,,,,,1,,,,,,,,,,,,,,,,,,,,,,,,,,,,,,1,,1,,,,,D,,,,,,20,0,0,0,5,0,0,,,,,,
Vikesland,III,,137,TT1,139,137 TT1 139,,,1,15,2009,30-Jul,Presence,W,1,1,,,,,,,,,,,,,,,,,,,,,,,,,,,,,,,,,,,,,F,,,1,,1,,,,,,60,0,0,0,5,0,0,,,,,,
Vikesland,III,,137,TT1,139,137 TT1 139,,,1,16,2009,30-Jul,Presence,W,1,F,,,,,,,,,,,,,,,,,,,,,,,,,,,,,DF,,,,,,,,,,,1,,,,,,,,40,0,0,0,20,0,0,,,,,,
Vikesland,III,,137,TT1,139,137 TT1 139,,,1,17,2009,30-Jul,Presence,W,1,F,,,,,,,,,,,,,,,,,,,,,,,,,,,,,,,,,,,,,F,,,,,F,,,,,,30,0,0,0,40,0,0,,,,,,
Vikesland,III,,137,TT1,139,137 TT1 139,,,1,18,2009,30-Jul,Presence,W,1,DF,,,,,,,,,,,,,,,,,,,,,,,,,,,,,S,,,,,,F,,1,,,,,1,,,,,,50,0,0,0,10,0,0,,,,,,
Vikesland,III,,137,TT1,139,137 TT1 139,,,1,19,2009,30-Jul,Presence,W,1,F,,,,,,,,,,,,,,,,,,,,,,,,,,,,,F,,,,,,,,F,,,1,,D,,,,,,30,0,0,0,10,0,0,,,,,,
Vikesland,III,,137,TT1,139,137 TT1 139,,,1,20,2009,30-Jul,Presence,W,1,F,,,,,,,,,,,,,,,,,,,,,,,,,,,,,,,,,,,,,F,,,1,,1,,,,,,50,0,0,0,10,0,0,,,,,,
Vikesland,III,,137,TT1,139,137 TT1 139,,,1,21,2009,30-Jul,Presence,W,1,F,,,,,,,,,,,,,,,,,,,,,,,,,,,,,,,,,,,,,,,,1,,F,,,,,,10,0,0,0,60,0,0,,,,,,
Vikesland,III,,137,TT1,139,137 TT1 139,,,1,22,2009,30-Jul,Presence,W,1,F,,,,,,,,,,,,,,,,,,,,,,,,,,,,,F,,,,,1,,,,,,,,,,,1,,,20,0,0,0,50,0,0,,,,20,,
Vikesland,III,,137,TT1,139,137 TT1 139,,,1,23,2009,30-Jul,Presence,W,1,F,,,,,,,,,,,,,,,,,,,,,,,,,,,,,1,,,,,1,,,,,,,,,,,1,,,30,0,0,0,60,0,0,,,,20,,
Vikesland,III,,137,TT1,139,137 TT1 139,,,1,24,2009,30-Jul,Presence,W,1,F,,,1,,,,,,,,,,,,,,,,,,,,,,,,,,F,,,,,,,,1,,,1,,,,,F,,,40,0,0,0,40,0,0,,,,10,,
Vikesland,III,,137,TT1,139,137 TT1 139,,,1,25,2009,30-Jul,Presence,W,1,F,,,,,,,,,,,,,,,,,,,,,,,,,,,,,1,,,,,,,,F,,,1,,,,,,,,40,0,0,0,20,0,0,,,,8,,
Vikesland,III,,137,TT1,139,137 TT1 139,,,1,%,2009,30-Jul,Cover,W,16,20,,,5,,1,,,,,,,,,,,,,,,,,,,,,1,,1,4,,,,,1,8,,3,,,5,,12,,,2,,,44.8,0,0,0,19.2,0,0,80,45,0,14.5,,
,,,,,,,,,,,,,,,,,,,,,,,,,,,,,,,,,,,,,,,,,,,,,,,,,,,,,,,,,,,,,,,,,,,,,,,,,,,,
Vikesland,III,I,138,TT3,214,138 TT3 214,,,2,1,2009,30-Jul,Presence,W,1,F,,,F,,F,,,,,,,1,,,,1,,,,,,,,,,,,,,,,,,,1,,1,,,,,,,,,,,30,0,0,0,5,0,0,,,,,,
Vikesland,III,I,138,TT3,214,138 TT3 214,,,2,2,2009,30-Jul,Presence,W,1,,,,F,,,,,,,,,,,,,1,,,,,,,,,,,,,F,,,,,,1,,,,,,,,,,,,,90,0,0,0,5,0,0,,,,,,
Vikesland,III,I,138,TT3,214,138 TT3 214,,,2,3,2009,30-Jul,Presence,W,1,F,,,F,,,,,,,,,,,,,,,,,,,,,,,1,,,,,,,,,,,1,,,1,,,,,,1,,40,0,0,0,10,0,0,,,,,,
Vikesland,III,I,138,TT3,214,138 TT3 214,,,2,4,2009,30-Jul,Presence,W,1,F,,,1,,F,,,,,,,1,,,,,,,,,,,,,,,,,,,,,,,,,1,,,1,,1,,,,,,20,0,0,0,5,0,0,,,,,,
Vikesland,III,I,138,TT3,214,138 TT3 214,,,2,5,2009,30-Jul,Presence,W,1,1,,,F,,,,,,,,,1,,,,,,,,,,,,,,,,,,,,,,,,,1,,,1,,1,,,,,,20,0,0,0,10,0,0,,,,,,
Vikesland,III,I,138,TT3,214,138 TT3 214,,,2,6,2009,30-Jul,Presence,W,D,1,,,1,,,,,,,,,1,,,,1,,,,,,,,,,,,,,,,,,,,,,,,,,,,,,,,30,0,0,0,5,0,0,,,,,,
Vikesland,III,I,138,TT3,214,138 TT3 214,,,2,7,2009,30-Jul,Presence,W,,,,,1,,,,,,,,,1,,,,D,,,,,,,,,,,,,,,,,,,,,F,,,,,,,,,,,40,0,0,0,5,0,0,,,,,,
Vikesland,III,I,138,TT3,214,138 TT3 214,,,2,8,2009,30-Jul,Presence,W,,F,,,F,,1,,,1,,,,,,,,,,,,,,,,,,,,,F,,,,,,,,1,,,,,,,,,,,60,0,0,0,5,0,0,,,,,,
Vikesland,III,I,138,TT3,214,138 TT3 214,,,2,9,2009,30-Jul,Presence,W,1,,,,1,,F,,,,,,,,,,,,,,,,,,,,,,,,F,,,,,,1,,1,,,,,,,,,,,50,0,0,0,5,0,0,,,,,,
Vikesland,III,I,138,TT3,214,138 TT3 214,,,2,10,2009,30-Jul,Presence,W,1,1,,,F,,1,,,,,,,1,,,,,,,,,,,,,,,,,,,,,,,F,,1,,,1,,,,,,,,30,0,0,0,10,0,0,,,,,,
Vikesland,III,I,138,TT3,214,138 TT3 214,,,2,11,2009,30-Jul,Presence,W,1,,,,F,,1,,,,,,,1,,,,1,,,,,,,,,,,,,F,,,,,,,,F,,,,,,,,,,,0,0,0,0,50,0,0,,,,,,
Vikesland,III,I,138,TT3,214,138 TT3 214,,,2,12,2009,30-Jul,Presence,W,1,F,,,F,,1,,,,,,,,,,,D,,,,,,,,,,,,,F,,,,,,1,,,,,,,,,,,,,20,0,0,0,20,0,0,,,,,,
Vikesland,III,I,138,TT3,214,138 TT3 214,,,2,13,2009,30-Jul,Presence,W,,F,,,F,,1,,,,,,,,,,,1,,,,,,,,,,,,,1,,,,,,1,,1,,,1,,,,,,,,60,0,0,0,10,0,0,,,,,,
Vikesland,III,I,138,TT3,214,138 TT3 214,,,2,14,2009,30-Jul,Presence,W,1,1,,,1,,F,,,,,,,1,,,,,,,,,,,,,,,,,F,,,,,,1,,1,,,,,,,,,,,30,0,0,0,10,0,0,,,,,,
Vikesland,III,I,138,TT3,214,138 TT3 214,,,2,15,2009,30-Jul,Presence,W,1,F,,,F,,1,,,,,,,,,,,,,,,,,,,,,,,,1,,,,,,1,,,,,1,,,,,,,,30,0,0,0,10,0,0,,,,,,
Vikesland,III,I,138,TT3,214,138 TT3 214,,,2,16,2009,30-Jul,Presence,W,1,1,,,1,,F,,,,,,,1,,,,1,,,,,,,,,,,,,F,,,,,,1,,1,,,1,,,,,,,,0,0,0,0,90,0,0,,,,,,
Vikesland,III,I,138,TT3,214,138 TT3 214,,,2,17,2009,30-Jul,Presence,W,1,1,,,F,,1,,,,,,,1,,,,D,,,,,,,,,,,,,F,,,,,,1,,,,,,,,,,,,,10,0,0,0,40,0,0,,,,,,
Vikesland,III,I,138,TT3,214,138 TT3 214,,,2,18,2009,30-Jul,Presence,W,1,F,,,,,,,,,,,,,,,,1,,,,,,,,,,,,,DF,,,,,,1,,1,,,1,,,,,,,,10,0,0,0,60,0,0,,,,,,
Vikesland,III,I,138,TT3,214,138 TT3 214,,,2,19,2009,30-Jul,Presence,W,,1,,,F,,,,,,,,,,,,,1,,,,,,,,,,,,,DF,,,,,,,,,,,,,,,,,,,80,0,0,0,20,0,0,,,,,,
Vikesland,III,I,138,TT3,214,138 TT3 214,,,2,20,2009,30-Jul,Presence,W,1,1,,,,,,,,,,,,F,,,,1,,,,,,,,,,,,,1,,,,,,,,,,,,,,,,,,,80,0,0,0,10,0,0,,,,,,
Vikesland,III,I,138,TT3,214,138 TT3 214,,,2,21,2009,30-Jul,Presence,W,1,1,,,F,,F,,,,,,,,,,,F,,,,,,,,,,,,,,,,,,,,,,,,,,,,,,,,5,0,0,0,60,0,0,,,,,,
Vikesland,III,I,138,TT3,214,138 TT3 214,,,2,22,2009,30-Jul,Presence,W,1,1,,,1,,1,,,,,,,,,,,1,,,,,,,,,,,,,1,,,,,,F,,,,,,,,,,,,,5,0,0,0,70,0,0,,,,11,,
Vikesland,III,I,138,TT3,214,138 TT3 214,,,2,23,2009,30-Jul,Presence,W,1,1,,,1,,1,,,,,,,,,,,D,,,,,,,,,,,,,DF,,,,,,,1,1,,,1,,,,,,,,5,0,0,0,60,0,0,,,,8,,
Vikesland,III,I,138,TT3,214,138 TT3 214,,,2,24,2009,30-Jul,Presence,W,1,,,,1,,,,,,,,,,,,,1,,,,,,,,,,,,,F,,,,,,1,,1,,,1,,,,,,,,30,0,0,0,20,0,0,,,,8,,
Vikesland,III,I,138,TT3,214,138 TT3 214,,,2,25,2009,30-Jul,Presence,W,1,,,,,,,,,,,,,,,,,,,,,,,,,,,,,,1,,,,,,,,,,,,,,,,,,,30,0,0,0,20,0,0,,,,19,,
Vikesland,III,I,138,TT3,214,138 TT3 214,,,2,%,2009,30-Jul,Cover,W,10,8,,,15,,2,,,1,,,,2,,,,8,,,,,,,,,,1,,,15,,,,,,6,1,3,,,5,,2,,,,1,,32.2,0,0,0,24.6,0,0,100,32,0,11.5,,
,,,,,,,,,,,,,,,,,,,,,,,,,,,,,,,,,,,,,,,,,,,,,,,,,,,,,,,,,,,,,,,,,,,,,,,,,,,,
Vikesland,III,,140,TTC,140,140 TTC,,,4,1,2009,30-Jul,Presence,W,,F,,,,,,,,,,,,,,,,,,,,,,,,,,,,,DF,,,,,,,,,,,,,,,,,1,1,40,0,0,0,10,0,0,,,,,,
Vikesland,III,,140,TTC,140,140 TTC,,,4,2,2009,30-Jul,Presence,W,1,1,,,,,,,,,,,,1,,,,,,,,,,,,,,,,,,,,,,,,,,,,,,,,,1,,,20,0,0,0,60,0,0,,,,,,
Vikesland,III,,140,TTC,140,140 TTC,,,4,3,2009,30-Jul,Presence,W,,D,,,,,,,,,,,,1,,,,,,,,,,,,,,,,,1,,,,,,,,1,,,,,1,,,1,,,20,0,0,0,60,0,0,,,,,,
Vikesland,III,,140,TTC,140,140 TTC,,,4,4,2009,30-Jul,Presence,W,1,1,,,,,,,,,,,,,,,,,,,,,,,,,,,,,F,,,,,,,,,,,,,,,,,,,30,0,0,0,40,0,0,,,,,,
Vikesland,III,,140,TTC,140,140 TTC,,,4,5,2009,30-Jul,Presence,W,,1,,,1,,,,,,,,,,,,,,,,,,,,,,,,,,1,,,S,,,,,,,,,,,,,,,,0,0,0,0,30,0,0,,,,,,
Vikesland,III,,140,TTC,140,140 TTC,,,4,6,2009,30-Jul,Presence,W,1,1,,,,,,,,,,,,,,,,,,,,,,,,,,,,,DF,,,,,,,,1,,,,,,,,,,,40,0,0,0,10,0,0,,,,,,
Vikesland,III,,140,TTC,140,140 TTC,,,4,7,2009,30-Jul,Presence,W,1,D,,,,,,,,,,,,,,,,,,,,,,,,,,,,,1,,,,,,,,F,,,1,,,,,,,,40,0,0,0,15,0,0,,,,,,
Vikesland,III,,140,TTC,140,140 TTC,,,4,8,2009,30-Jul,Presence,W,1,F,,,1,,,,,,,,,,,,,,,,,,,,,,,,,,F,,,,,,,,,,,1,,1,,,,F,,50,0,0,0,15,0,0,,,,,,
Vikesland,III,,140,TTC,140,140 TTC,,,4,9,2009,30-Jul,Presence,W,1,1,,,F,,,,,,,,,1,,,,,,,,,,,,,,,,,F,,,,,,,,1,,,1,,,,,,,,50,0,0,0,10,0,0,,,,,,
Vikesland,III,,140,TTC,140,140 TTC,,,4,10,2009,30-Jul,Presence,W,,F,,,1,,,,,,,,,,,,,,,,,,,,,,,,,1,F,,,,,,,,1,,,1,,,,,1,,,40,0,0,0,10,0,0,,,,,,
Vikesland,III,,140,TTC,140,140 TTC,,,4,11,2009,30-Jul,Presence,W,1,F,,,1,,,,,,,,,,,,,,,,,,,,,,,,,,DF,,,,,,,,1,,,,,,,,,,,40,0,0,0,15,0,0,,,,,,
Vikesland,III,,140,TTC,140,140 TTC,,,4,12,2009,30-Jul,Presence,W,,F,,,F,,,,,,,,,,,,,,,,,,,,,,,,,,DF,,,,,,,,F,,,1,,,,,,,,50,0,0,0,10,0,0,,,,,,
Vikesland,III,,140,TTC,140,140 TTC,,,4,13,2009,30-Jul,Presence,W,,1,,,F,,,,,,,,,,,,,,,,,,,,,,,,,,1,,,,,,,,F,,,,,,,,,,,60,0,0,0,10,0,0,,,,,,
Vikesland,III,,140,TTC,140,140 TTC,,,4,14,2009,30-Jul,Presence,W,,F,,,1,,,,,,,,,,,,,,,,,,,,,,,,,,F,,,,,,,,,,,1,,,,,,,,50,0,0,0,15,0,0,,,,,,
Vikesland,III,,140,TTC,140,140 TTC,,,4,15,2009,30-Jul,Presence,W,,,,,1,,,,,,,,,,,,,,,,,,,,,,,,,,1,,,,,,,,,,,1,,,,,,,,80,0,0,0,10,0,0,,,,,,
Vikesland,III,,140,TTC,140,140 TTC,,,4,16,2009,30-Jul,Presence,W,,1,,,F,,,,,,,,,,,,,,,,,,,,,,,,,,1,,,,,,,,1,,,1,,,,,,,,30,0,0,0,30,0,0,,,,,,
Vikesland,III,,140,TTC,140,140 TTC,,,4,17,2009,30-Jul,Presence,W,1,1,,,F,,,,,1,,,,,,,,,,,,,,,,,,,,,F,,,,,,,,1,,,F,,,,,,,,50,0,0,0,10,0,0,,,,,,
Vikesland,III,,140,TTC,140,140 TTC,,,4,18,2009,30-Jul,Presence,W,1,1,,,F,,,,,,,,,,,,,,,,,,,,,,,,,,F,,,,,,,,1,,,,,,,,,,,30,0,0,0,20,0,0,,,,,,
Vikesland,III,,140,TTC,140,140 TTC,,,4,19,2009,30-Jul,Presence,W,,1,,,F,,,,,,,,,1,,,,,,,,,,,,,,,,,,,,,,,,,1,,,1,,,,,,,,40,0,0,0,10,0,0,,,,,,
Vikesland,III,,140,TTC,140,140 TTC,,,4,20,2009,30-Jul,Presence,W,,F,,,,,,,,,,,,1,,,,,,,,,,,,,,,,,,,,,,,,,1,,,1,,,,,,,1,80,0,0,0,10,0,0,,,,,,
Vikesland,III,,140,TTC,140,140 TTC,,,4,21,2009,30-Jul,Presence,W,1,1,,,F,,,,,,,,,,,,,,,,,,,,,,,,,,F,,,,,,,,,,,1,,,,,,,,40,0,0,0,20,0,0,,,,,,
Vikesland,III,,140,TTC,140,140 TTC,,,4,22,2009,30-Jul,Presence,W,,,,,F,,,,,,,,,,,,,,,,,,,,,,,,,,F,,,,,,,,1,,,,,,,,,,,40,0,0,0,20,0,0,,,,20,,
Vikesland,III,,140,TTC,140,140 TTC,,,4,23,2009,30-Jul,Presence,W,1,1,,,1,,1,,,,,,,,,,,,,,,,,,,,,,,,F,,,,,,,,1,,,,,,,,,,,20,0,0,0,20,0,0,,,,25,,
Vikesland,III,,140,TTC,140,140 TTC,,,4,24,2009,30-Jul,Presence,W,1,,,,1,,,,,,,,,,,,,,,,,,,,,,,,,,,,,,,,,,,,,,,,,,,,,60,0,0,0,30,0,0,,,,15,,
Vikesland,III,,140,TTC,140,140 TTC,,,4,25,2009,30-Jul,Presence,W,1,1,,,,,,,,,,,,,,,,,,,,,,,,,,,,,F,,,,,,,,1,,,1,,,,,,,,60,0,0,0,30,0,0,,,,16,,
Vikesland,III,,140,TTC,140,140 TTC,,,4,%,2009,30-Jul,Cover,W,5,20,,,20,,1,,,1,,,,1,,,,,,,,,,,,,,,,1,15,,,1,,,,,2,,,4,,2,,,2,1,1,42.4,0,0,0,20.8,0,0,95,42,0,19,,
,,,,,,,,,,,,,,,,,,,,,,,,,,,,,,,,,,,,,,,,,,,,,,,,,,,,,,,,,,,,,,,,,,,,,,,,,,,,
Vikesland,IV,,141,TTC,141,141 TTC,,,C,1,2009,29-Jul,Presence,W,,F,,,,,,,,,,,,,,,,,,,,,,,,,,,,,,,,,,,,,,,,,,,,,,,,0,0,0,0,60,0,0,,,,,,
Vikesland,IV,,141,TTC,141,141 TTC,,,C,2,2009,29-Jul,Presence,W,1,1,,,,,,,,,,,1,,,,,,,,,,,,,,,,,,,,,,,,,,,,,,,1,,,,,,0,0,0,0,20,0,0,,,,,,
Vikesland,IV,,141,TTC,141,141 TTC,,,C,3,2009,29-Jul,Presence,W,1,F,,,,,,,,,,,,,,,,,,,,,,,,,,,,,1,,,,,,,,,,,,,,,,,,,0,0,0,0,30,0,0,,,,,,
Vikesland,IV,,141,TTC,141,141 TTC,,,C,4,2009,29-Jul,Presence,W,1,,,,,,,,,,,,,,,,,,,,,,,,,,,,,,1,,,,,,,,,,,,,,,,,,,0,0,0,0,10,0,0,,,,,,
Vikesland,IV,,141,TTC,141,141 TTC,,,C,5,2009,29-Jul,Presence,W,1,,,,,,,,,,,,,,,,,,,,,,,,,,,,,,1,,,,,,,,,,,,,F,,,,,,0,0,0,0,5,0,0,,,,,,
Vikesland,IV,,141,TTC,141,141 TTC,,,C,6,2009,29-Jul,Presence,W,1,1,,,,,,,,,,,1,,,,,,,,,,,,,,,1,,,,,,,,,,,,,,,,F,,,,,,0,0,0,0,20,0,0,,,,,,
Vikesland,IV,,141,TTC,141,141 TTC,,,C,7,2009,29-Jul,Presence,W,1,,,,,,,,,,,,1,,,,,,,,,,,,,,,,,,,,,,,,,,,,,,,,,,,,,0,0,0,0,5,0,0,,,,,,
Vikesland,IV,,141,TTC,141,141 TTC,,,C,8,2009,29-Jul,Presence,W,1,,,,,,,,,,,,,,,,,,,,,,,,,,,,,,1,,,,,,,,,,,,,,,,,,,0,0,0,0,15,0,0,,,,,,
Vikesland,IV,,141,TTC,141,141 TTC,,,C,9,2009,29-Jul,Presence,W,,1,,,,,,,,,,,,,,,,,,,,,,,,,,S,,,1,,,,,,,,,,,,,1,,,,,,0,0,0,0,5,0,0,,,,,,
Vikesland,IV,,141,TTC,141,141 TTC,,,C,10,2009,29-Jul,Presence,W,1,1,,,,,,,,,,,,,,,,,,,,,,,,,,,,,,,,,,,,,,,,,,1,,,,,,0,0,0,0,10,0,0,,,,,,
Vikesland,IV,,141,TTC,141,141 TTC,,,C,11,2009,29-Jul,Presence,W,,1,,,,,,,,,,,F,,,,,,,,,,,,,,,,,,F,,,,,,,,,,,,,1,,,,,,0,0,0,0,5,0,0,,,,,,
Vikesland,IV,,141,TTC,141,141 TTC,,,C,12,2009,29-Jul,Presence,W,1,,,,,,1,,,,,,1,,,,,,,,,,,,,,,,,,,,,,,,,,,,,,,1,,,,,,0,0,0,0,10,0,0,,,,,,
Vikesland,IV,,141,TTC,141,141 TTC,,,C,13,2009,29-Jul,Presence,W,1,,,,,,,,,,,,1,,,,,,,,,,,,,,,,,,,,,,,,,,,,,,,F,,,,,,0,0,0,0,15,0,0,,,,,,
Vikesland,IV,,141,TTC,141,141 TTC,,,C,14,2009,29-Jul,Presence,W,1,,,,,,,,,,,,1,,,,,1,,,,,,,,,,,,,1,,1,,,,,,,,,,,1,,,,,,0,0,0,0,15,0,0,,,,,,
Vikesland,IV,,141,TTC,141,141 TTC,,,C,15,2009,29-Jul,Presence,W,1,,,,,,,,,,,,1,,,,,,,,,,,,,,,,,,1,,,,,,,,,,,,,1,,,,,,0,0,0,0,15,0,0,,,,,,
Vikesland,IV,,141,TTC,141,141 TTC,,,C,16,2009,29-Jul,Presence,W,1,1,,,,,,,,,,,D,,,,,,,,,,,,,,,,,,1,,,,,,,,,,,,,,,,,,,0,0,0,0,10,0,0,,,,,,
Vikesland,IV,,141,TTC,141,141 TTC,,,C,17,2009,29-Jul,Presence,W,1,1,,,,,,,,,,,D,,,,,,,,,,,,,,,,,1,,,,,,,,,,,,,,,,,,,,0,0,0,0,15,0,0,,,,,,
Vikesland,IV,,141,TTC,141,141 TTC,,,C,18,2009,29-Jul,Presence,W,1,,,,,,1,,,,,,D,,,,,1,,,,,,,,,,,,,1,,,,,,,,1,,,,,,,,,,,0,0,0,0,15,0,0,,,,,,
Vikesland,IV,,141,TTC,141,141 TTC,,,C,19,2009,29-Jul,Presence,W,1,,,,,,,,,,,,1,,,,,F,,,,,,,,,,,,,1,,,,,,,,,,,,,,,,,,,0,0,0,0,10,0,0,,,,,,
Vikesland,IV,,141,TTC,141,141 TTC,,,C,20,2009,29-Jul,Presence,W,1,,,,,,,,,,,,,,,,,1,,,,,,,,,,,,,,,,,,,,,,,,,,1,,,,,,0,0,0,0,10,0,0,,,,,,
Vikesland,IV,,141,TTC,141,141 TTC,,,C,21,2009,29-Jul,Presence,W,1,,,,,,,,,,,,1,,,,,1,,,,,,,,,,,,,,,,,,,,,,,,,,,,,,,,0,0,0,0,15,0,0,,,,,,
Vikesland,IV,,141,TTC,141,141 TTC,,,C,22,2009,29-Jul,Presence,W,1,,,,,,,,,,,,1,,,,,,,,,,,,,,,,,,,,,,,,,,,,,,,,,,,,,0,0,0,0,5,0,0,,,,,,
Vikesland,IV,,141,TTC,141,141 TTC,,,C,23,2009,29-Jul,Presence,W,1,1,,,,,1,,,,,,1,,,,,,,,,,,,,,,,,,F,,,,,,,,,,,,,,,,,,,0,0,0,0,10,0,0,,,,,,
Vikesland,IV,,141,TTC,141,141 TTC,,,C,24,2009,29-Jul,Presence,W,1,,,,,,,,,,,,1,,,,,,,,,,,,,,,,,,1,,,,,,,,,,,,,,,,,,,0,0,0,0,15,0,0,,,,,,
Vikesland,IV,,141,TTC,141,141 TTC,,,C,25,2009,29-Jul,Presence,W,1,,,,,,,,,,,,,,,,,,,,,,,,,,,,,,,,,,,,,,,,,,,1,,,,,,0,0,0,0,15,0,0,,,,,,
Vikesland,IV,,141,TTC,141,141 TTC,,,C,%,2009,29-Jul,Cover,W,12,3,,,,,1,,,,,,15,,,,,2,,,,,,,,,,1,,1,3,,1,,,,,,1,,,,,6,,,,,,85,0,0,0,14.4,0,0,45,85,0,3,,
,,,,,,,,,,,,,,,,,,,,,,,,,,,,,,,,,,,,,,,,,,,,,,,,,,,,,,,,,,,,,,,,,,,,,,,,,,,,
Vikesland,IV,,142,TT1,144,142 TT1 144,,,1,1,2009,29-Jul,Presence,W,1,F,,,,,,,,,,S,DF,,,,,,,,,,,,,,,,,,,,,,,,,,F,,,,,,,,,,,0,0,0,0,20,0,0,,,,,,
Vikesland,IV,,142,TT1,144,142 TT1 144,,,1,2,2009,29-Jul,Presence,W,1,F,,,,,,,,,,,1,,,,,,,,,,,,,,,,,,1,,,,,,,,,,,,,1,,,,,,2,0,0,0,30,0,0,,,,,,
Vikesland,IV,,142,TT1,144,142 TT1 144,,,1,3,2009,29-Jul,Presence,W,1,F,,,,,,,,,,S,,,,,,,,,,,,,,,,,,,1,,,,,,,,S,,,,,1,,,,,,26,0,0,0,20,0,0,,,,,,
Vikesland,IV,,142,TT1,144,142 TT1 144,,,1,4,2009,29-Jul,Presence,W,1,1,,,,,,,,,,S,,,,,,,,,,,,,,,,,,,D,,,,,,,,,,,,,,,,,,,40,0,0,0,10,0,0,,,,,,
Vikesland,IV,,142,TT1,144,142 TT1 144,,,1,5,2009,29-Jul,Presence,W,1,1,,,,,,,,,,,,,,,,,,,,,,,,,,,,,1,,,,,,,,,,,,,1,,,,,,60,0,0,0,30,0,0,,,,,,
Vikesland,IV,,142,TT1,144,142 TT1 144,,,1,6,2009,29-Jul,Presence,W,1,1,,,,,,,,,,S,1,,,,,,,,,,,,,,,,,,,,1,,,,,,,,,,,1,,,,,,30,0,0,0,40,0,0,,,,,,
Vikesland,IV,,142,TT1,144,142 TT1 144,,,1,7,2009,29-Jul,Presence,W,1,1,,,,,,,,,,,1,,,,,,,,,,,,,,,,,,F,,1,,,,,,,,,,,1,,,,,,20,0,0,0,10,0,0,,,,,,
Vikesland,IV,,142,TT1,144,142 TT1 144,,,1,8,2009,29-Jul,Presence,W,1,F,,,,,,,,,,,,,,,,,,,,,,,,,,,,,F,,,,,,,,,,,,,,,,,,,40,0,0,0,20,0,0,,,,,,
Vikesland,IV,,142,TT1,144,142 TT1 144,,,1,9,2009,29-Jul,Presence,W,1,F,,,,,,,,,,S,,,,,,,,,,,,,,,,,,,F,,,,,,,,,,,,,,,,,,,80,0,0,0,5,0,0,,,,,,
Vikesland,IV,,142,TT1,144,142 TT1 144,,,1,10,2009,29-Jul,Presence,W,1,1,,,,,,,,,,S,1,,,,,,,,,,,,,,,,,,1,,,,,,,,,,,,,,,,,,,100,0,0,0,10,0,0,,,,,,
Vikesland,IV,,142,TT1,144,142 TT1 144,,,1,11,2009,29-Jul,Presence,W,1,1,,,,,,,,,,,,,,,,,,,,,,,,,,,,,,,1,,,,,,,,,,,F,,,,,,60,0,0,0,20,0,0,,,,,,
Vikesland,IV,,142,TT1,144,142 TT1 144,,,1,12,2009,29-Jul,Presence,W,1,1,,,,,,,,,,S,,,,,,,,,,,,,,,,,,,1,,F,,,,,,,,,,,1,,,,,,40,0,0,0,10,0,0,,,,,,
Vikesland,IV,,142,TT1,144,142 TT1 144,,,1,13,2009,29-Jul,Presence,W,1,F,,,,,,,,,,S,1,,,,,,,,,,,,,,,,,,1,,F,,,,,,,,,,,1,,,,,,40,0,0,0,5,0,0,,,,,,
Vikesland,IV,,142,TT1,144,142 TT1 144,,,1,14,2009,29-Jul,Presence,W,1,1,,,,,,,,,,S,1,,,,,,,,,,,,,,,,,,,,,,,,,,,,,,,1,,,,,,60,0,0,0,5,0,0,,,,,,
Vikesland,IV,,142,TT1,144,142 TT1 144,,,1,15,2009,29-Jul,Presence,W,1,,,,,,,,,,,,,,,,,,,,,,,,,,,,,,,,,,,,,,,,,,,F,,,,,,100,0,0,0,0,0,0,,,,,,
Vikesland,IV,,142,TT1,144,142 TT1 144,,,1,16,2009,29-Jul,Presence,W,1,1,,,,,,,,,,S,,,,,,,,,,,,,,,,,,,,,1,,,,,,,,,,,F,,,,,,30,0,0,0,20,0,0,,,,,,
Vikesland,IV,,142,TT1,144,142 TT1 144,,,1,17,2009,29-Jul,Presence,W,1,1,,,,,,,,,,S,,,,,,,,,,,,,,,,,,,,,1,,,,,,,,,,,F,,,,,,40,0,0,0,10,0,0,,,,,,
Vikesland,IV,,142,TT1,144,142 TT1 144,,,1,18,2009,29-Jul,Presence,W,1,F,,,,,1,,,,,S,1,,,,,,,,,,,,,,,,,,,,,,,,,,,,,,,1,,,,,,10,0,0,0,80,0,0,,,,,,
Vikesland,IV,,142,TT1,144,142 TT1 144,,,1,19,2009,29-Jul,Presence,W,1,F,,,,,,,,,,S,,,,,,1,,,,,,,,,,,,,,,,,,,,,,,,,,1,,,,,,80,0,0,0,30,0,0,,,,,,
Vikesland,IV,,142,TT1,144,142 TT1 144,,,1,20,2009,29-Jul,Presence,W,1,1,,,,,,,,,,,,,,,,,,,,,,,,,,,,,1,,1,,,,,,,,,,,1,,,,,,100,0,0,0,10,0,0,,,,,,
Vikesland,IV,,142,TT1,144,142 TT1 144,,,1,21,2009,29-Jul,Presence,W,1,1,,,,,,,,,,,1,,,,,,,,,,,,,,,,,,,,,,,,,,1,,,,,1,,,,,,30,0,0,0,10,0,0,,,,,,
Vikesland,IV,,142,TT1,144,142 TT1 144,,,1,22,2009,29-Jul,Presence,W,1,1,,,,,,,,,,,1,,,,,,,,,,,,,,,,,,,,,,,,,,F,,,,,1,,,,,,90,0,0,0,10,0,0,,,,3,,
Vikesland,IV,,142,TT1,144,142 TT1 144,,,1,23,2009,29-Jul,Presence,W,1,1,,,,,,,,,,,1,,,,,,,,,,,,,,,,,,,,,,,,,,1,,,,,1,,,,,,100,0,0,0,15,0,0,,,,6,,
Vikesland,IV,,142,TT1,144,142 TT1 144,,,1,24,2009,29-Jul,Presence,W,1,1,,,,,,,,,,S,1,,,,,,,,,,,,,,,,,,,,,,,,,,1,,,,,1,,,,,,90,0,0,0,5,0,0,,,,8,,
Vikesland,IV,,142,TT1,144,142 TT1 144,,,1,25,2009,29-Jul,Presence,W,1,1,,,,,,,,,,,,,,,,,,,,,,,,,,,,,,,,,,,,,,,,,,1,,,,,,90,0,0,0,10,0,0,,,,4,,
Vikesland,IV,,142,TT1,144,142 TT1 144,,,1,%,2009,29-Jul,Cover,W,12,15,,,,,1,,,,,6,5,,,,,1,,,,,,,,,,,,,8,,4,,,,,,2,,,,,20,,,,,,54.32,0,0,0,17.4,0,0,60,80,0,5.25,,
,,,,,,,,,,,,,,,,,,,,,,,,,,,,,,,,,,,,,,,,,,,,,,,,,,,,,,,,,,,,,,,,,,,,,,,,,,,,
Vikesland,IV,V,143,TT1,149,143 TT1 149,,,2,1,2009,29-Jul,Presence,KK,1,1,,,,,,,,,,,,1,,,,,,,,,,,,,,,,1,1,,,,,,,,1,,,,,,,,,,,50,0,0,0,5,0,0,,,,,,
Vikesland,IV,V,143,TT1,149,143 TT1 149,,,2,2,2009,29-Jul,Presence,KK,1,1,,,,,1,,,,,,,,,,,,,,,,,,,,,,,,1,,,,,,,,F,,,1,,,,,,,,50,0,0,0,5,0,0,,,,,,
Vikesland,IV,V,143,TT1,149,143 TT1 149,,,2,3,2009,29-Jul,Presence,KK,1,1,,,,,,,,,,,,,,,,,,,,,,,,,,,,,D,,,,,,,,1,,,1,,,,,,,,20,0,0,0,30,0,0,,,,,,
Vikesland,IV,V,143,TT1,149,143 TT1 149,,,2,4,2009,29-Jul,Presence,KK,,,,,,,,,,,,,,1,,,,,,,,,,,,,,,,,F,,,,,,,,1,,,1,,,,,,,,70,0,0,0,5,0,0,,,,,,
Vikesland,IV,V,143,TT1,149,143 TT1 149,,,2,5,2009,29-Jul,Presence,KK,,1,,,1,,,,,,,,,,,,,,,,,,,,,,,,,,1,,,,,,,,,,,1,,,,,,,1,70,0,0,0,20,0,0,,,,,,
Vikesland,IV,V,143,TT1,149,143 TT1 149,,,2,6,2009,29-Jul,Presence,KK,,1,,,,,,,,,,,,1,,,,,,,,,,,,,,,,,,,,,,,,,1,,,1,,,,,,,,80,0,0,0,10,0,0,,,,,,
Vikesland,IV,V,143,TT1,149,143 TT1 149,,,2,7,2009,29-Jul,Presence,KK,1,1,,,F,,S,,,,,,,,,,,,,,,,,,,,,,,,F,,,,,,,,S,,,1,,,,,,,,30,0,0,0,2,0,0,,,,,,
Vikesland,IV,V,143,TT1,149,143 TT1 149,,,2,8,2009,29-Jul,Presence,KK,,1,,,,,,,,,,,,,,,,,,,,,,,,,,,,,F,,,,,,,,1,,,1,,,,,,,,20,0,0,0,5,0,0,,,,,,
Vikesland,IV,V,143,TT1,149,143 TT1 149,,,2,9,2009,29-Jul,Presence,KK,,1,,,,,,,,,,,,,,,,,,,,,,,,,,,,1,1,,,,,,,,1,,,,,,,,,,,40,0,0,0,20,0,0,,,,,,
Vikesland,IV,V,143,TT1,149,143 TT1 149,,,2,10,2009,29-Jul,Presence,KK,,,,,1,,,,,,,,,1,,,,,,,,,,,,,,,,1,1,,,,,,,,,,,1,,,,,,,1,40,0,0,0,10,0,0,,,,,,
Vikesland,IV,V,143,TT1,149,143 TT1 149,,,2,11,2009,29-Jul,Presence,KK,,1,,,,,,,,,,,,1,,,,,,,,,,,,,,,,1,,,,,,,,,1,,,1,,1,,,,,,70,0,0,0,10,0,0,,,,,,
Vikesland,IV,V,143,TT1,149,143 TT1 149,,,2,12,2009,29-Jul,Presence,KK,1,1,,,,,,,,,,,,,,,,,,,,,,,,,1cf,,,1,F,,,,,,,,F,,,1,1,,,,,,,40,0,0,0,20,0,0,,,,,,Phleum cf haret ??
Vikesland,IV,V,143,TT1,149,143 TT1 149,,,2,13,2009,29-Jul,Presence,KK,,,,,1,,1,,,,,,,,,,,,,,,,,,,,,,,1,F,,,,,,,,1,,,F,,,,,,,,5,0,0,0,10,0,0,,,,,,
Vikesland,IV,V,143,TT1,149,143 TT1 149,,,2,14,2009,29-Jul,Presence,KK,,,,,1,,,,,,,,,1,,,,,,,,,,,,,,,,1,1,,,,,,,,S,,,1,,,,,,,,2,0,0,0,20,0,0,,,,,,
Vikesland,IV,V,143,TT1,149,143 TT1 149,,,2,15,2009,29-Jul,Presence,KK,,,,,1,,,,,,,,,,,,,,,,,,,,,,,,,F,1,,,,,,,,,,,1,,,,,,,,20,0,0,0,5,0,0,,,,,,
Vikesland,IV,V,143,TT1,149,143 TT1 149,,,2,16,2009,29-Jul,Presence,KK,1,1,1,,,,,,,,,,,1,,,,,,,,,,,,,,,,1,,,,,,,,,1,,,1,,,,,,,,30,0,0,0,5,0,0,,,,,,
Vikesland,IV,V,143,TT1,149,143 TT1 149,,,2,17,2009,29-Jul,Presence,KK,1,1,,,F,,,,,,,,,,,,,,,,,,,,,,,,,1,F,,,,,,,,F,,,1,1,,,,,,,10,0,0,0,5,0,0,,,,,,
Vikesland,IV,V,143,TT1,149,143 TT1 149,,,2,18,2009,29-Jul,Presence,KK,,,,,1,,,,,,,,,,,,,,,,,,,,,,,,,,1,,,,,,,,F,,,F,,,,,,,,2,0,0,0,10,0,0,,,,,,
Vikesland,IV,V,143,TT1,149,143 TT1 149,,,2,19,2009,29-Jul,Presence,KK,1,1,,,F,,,,,,,,,1,,,,,,,,,,,,,,,,1,1,,,,,,S,,1,,,1,1,,,,,,,2,0,0,0,40,0,0,,,,,,
Vikesland,IV,V,143,TT1,149,143 TT1 149,,,2,20,2009,29-Jul,Presence,KK,1,1,,,1,,,,,,,,,,,,,,,,,,,,,,,,,,1,,,,,,1,,1,,,1,1,,,,,,,2,0,0,0,10,0,0,,,,,,
Vikesland,IV,V,143,TT1,149,143 TT1 149,,,2,21,2009,29-Jul,Presence,KK,1,1,1,,,,,,,,,,,1,,,,,,,,,,,,,,,,1,,,S,,,,,,1,,,1,,,,,,,,10,0,0,0,10,0,0,,,,,,
Vikesland,IV,V,143,TT1,149,143 TT1 149,,,2,22,2009,29-Jul,Presence,KK,1,1,,,1,,,,,,,,,,,,,,,,,,,,,,,,,1,,,,,,,,,1,,,1,,,,,,,,20,0,0,0,10,0,0,,,,6,,
Vikesland,IV,V,143,TT1,149,143 TT1 149,,,2,23,2009,29-Jul,Presence,KK,1,1,,,,,,,,,,,,,,,,,,,,,,,,,,,,,F,,,,,,S,,F,,,1,,,,,,,,40,0,0,0,10,0,0,,,,8,,
Vikesland,IV,V,143,TT1,149,143 TT1 149,,,2,24,2009,29-Jul,Presence,KK,1,1,,,1,,,,,,,,,,,,,,,,,,,,,,,,,,1,,,,,,,,,,,1,,,,,,,,30,0,0,0,5,0,0,,,,8,,
Vikesland,IV,V,143,TT1,149,143 TT1 149,,,2,25,2009,29-Jul,Presence,KK,,1,,,,,,,,,,,,,,,,,,,,,,,,,,,,,1,,,,,,,,1,,,1,,,,,,,,40,0,0,0,5,0,0,,,,8,,
Vikesland,IV,V,143,TT1,149,143 TT1 149,,,2,%,2009,29-Jul,Cover,KK,10,20,1,,15,,1,,,,,,,2,,,,,,,,,,,,,1,,,5,15,,1,,,,2,,10,,,15,3,1,,,,,1,31.72,0,0,0,11.48,0,0,70,50,0,7.5,50,
,,,,,,,,,,,,,,,,,,,,,,,,,,,,,,,,,,,,,,,,,,,,,,,,,,,,,,,,,,,,,,,,,,,,,,,,,,,,
Vikesland,IV,,144,TT3,229,144 TT3 229,,,3,1,2009,29-Jul,Presence,KK,1,1,,,1,,,,,,,S,1,,,,,,,,,,,,,,,,,,F,,1,,,,,,,,,1,,,,,,,,90,0,0,0,5,0,0,,,,,,
Vikesland,IV,,144,TT3,229,144 TT3 229,,,3,2,2009,29-Jul,Presence,KK,1,1,,,,,,,,,,,1,,,,,,,,,,,,,,,,,,F,,1,,,,,,,,,1,,DF,,,,,,40,0,0,0,10,0,0,,,,,,
Vikesland,IV,,144,TT3,229,144 TT3 229,,,3,3,2009,29-Jul,Presence,KK,1,,,,,,,,,,,,DF,,,,,,,,,,,,,,,,,,1,,,,,,,,,,,1,,,,,,,,0,0,0,0,20,0,0,,,,,,
Vikesland,IV,,144,TT3,229,144 TT3 229,,,3,4,2009,29-Jul,Presence,KK,1,,,,,,,,,,,,1,,,,,,,,,,,,,,,,,,1,,1,,,,,,,,,,,1,,,1,,,10,0,0,0,20,0,0,,,,,,
Vikesland,IV,,144,TT3,229,144 TT3 229,,,3,5,2009,29-Jul,Presence,KK,1,1,,,,,,,,,,,1,,,,,,,,,,,,,,,,,,,,1,,,,,,S,,,,,1,,,,,,30,0,0,0,5,0,0,,,,,,
Vikesland,IV,,144,TT3,229,144 TT3 229,,,3,6,2009,29-Jul,Presence,KK,,1,,,1,,,,,,,S,D,,,,,,,,,,,,,,,,,,F,,,,,,,,,,,,,1,,,,,,10,0,0,0,20,0,0,,,,,,
Vikesland,IV,,144,TT3,229,144 TT3 229,,,3,7,2009,29-Jul,Presence,KK,1,,,,1,,,,,,,,D,,,,,,,,,,,,,,,,,,F,,,,,,,,,,,,,,,,,,,0,0,0,0,30,0,0,,,,,,
Vikesland,IV,,144,TT3,229,144 TT3 229,,,3,8,2009,29-Jul,Presence,KK,1,1,,,,,,,,,,,D,,,,,,,,,,,,,,,,,,F,,,,,,,,,,,1,,1,,,,,,9,0,0,0,30,0,0,,,,,,
Vikesland,IV,,144,TT3,229,144 TT3 229,,,3,9,2009,29-Jul,Presence,KK,1,1,,,,,,,,,,,1,,,,,,,,,,,,,,,,,,1,,,,,,,,,,,,,1,,,,,,10,0,0,0,20,0,0,,,,,,
Vikesland,IV,,144,TT3,229,144 TT3 229,,,3,10,2009,29-Jul,Presence,KK,1,1,,,,,,,,,,,1,,,,,,,,,,,,,,,,,,,,,,,,,,,,,,,,,,,,,0,0,0,0,0,0,0,,,,,,
Vikesland,IV,,144,TT3,229,144 TT3 229,,,3,11,2009,29-Jul,Presence,KK,1,,,,1,,,,,1,,,1,,,,,,,,,,,,,,,,,,1,,,,,,,,,,,,,1,,,,,,60,0,0,0,10,0,0,,,,,,
Vikesland,IV,,144,TT3,229,144 TT3 229,,,3,12,2009,29-Jul,Presence,KK,1,,,,,,,,,,,,1,,,,,,,,,,,,,,,,,,1,,,,,,,,,,,1,,1,,,1,,,40,0,0,0,50,0,0,,,,,,
Vikesland,IV,,144,TT3,229,144 TT3 229,,,3,13,2009,29-Jul,Presence,KK,1,,,,,,,,,,,,1,,,,,,,,,,,,,,,,,,F,,,,,,,,,,,,,,,,,,,5,0,0,0,80,0,0,,,,,,
Vikesland,IV,,144,TT3,229,144 TT3 229,,,3,14,2009,29-Jul,Presence,KK,1,,,,1,,,,,,,,1,,,,,,,,,,,,,,,,,,F,,,,,,,,,,,,,1,,,,,,10,0,0,0,80,0,0,,,,,,
Vikesland,IV,,144,TT3,229,144 TT3 229,,,3,15,2009,29-Jul,Presence,KK,1,1,,,,,,,,,,,1,,,,,,,,,,,,,,,,,,,,,,,,,,,,,,,1,,,,,,50,0,0,0,20,0,0,,,,,,
Vikesland,IV,,144,TT3,229,144 TT3 229,,,3,16,2009,29-Jul,Presence,KK,1,,,,,,,,,,,S,,,,,,,,,,,,,,,,,,,F,,,,,,,,,,,1,,1,,,,,1,40,0,0,0,10,0,0,,,,,,
Vikesland,IV,,144,TT3,229,144 TT3 229,,,3,17,2009,29-Jul,Presence,KK,1,1,,,,,,,,,,S,,,,,,,,,,,,,,,,,,,1,,,,,,,,,,,,,F,,,,,,20,0,0,0,30,0,0,,,,,,
Vikesland,IV,,144,TT3,229,144 TT3 229,,,3,18,2009,29-Jul,Presence,KK,1,1,,,,,,,,,,,,,,,,,,,,,,,,,,,,,F,,,,,,,,,,,1,,,,,,,1,40,0,0,0,10,0,0,,,,,,
Vikesland,IV,,144,TT3,229,144 TT3 229,,,3,19,2009,29-Jul,Presence,KK,1,1,,,1,,,,,,,,,,,,,1,,,,,,,,,,,,,1,,,,,,,,,,,,,,,,1,,,30,0,0,0,20,0,0,,,,,,
Vikesland,IV,,144,TT3,229,144 TT3 229,,,3,20,2009,29-Jul,Presence,KK,1,1,,,1,,,,,,,,1,,,,,,,,,,,,,,,,,,1,,,,,,,,,,,,,,,,,,,30,0,0,0,40,0,0,,,,,,
Vikesland,IV,,144,TT3,229,144 TT3 229,,,3,21,2009,29-Jul,Presence,KK,1,1,,,,,,,,1,,S,,,,,,,,,,,,,,,,,,,,,1,,,,,,,,,,,,,,,,,40,0,0,0,20,0,0,,,,,,
Vikesland,IV,,144,TT3,229,144 TT3 229,,,3,22,2009,29-Jul,Presence,KK,1,1,,,1,,,,,,,,,,,,,,,,,,,,,,,,,1,,,1,,,,,,,,,,,,,,,,,20,0,0,0,10,0,0,,,,7,,
Vikesland,IV,,144,TT3,229,144 TT3 229,,,3,23,2009,29-Jul,Presence,KK,,1,,,1,,1,,,,,,,,,,,D,,,,,,,,,,,,,,,1,,,,,,1,,,,,,,,,,,20,0,0,0,20,0,0,,,,5,,
Vikesland,IV,,144,TT3,229,144 TT3 229,,,3,24,2009,29-Jul,Presence,KK,,,,,1,,,,,,,,,,,,,D,,,,,,,,,,,,,1,,,,,,,,1,,,,,1,,,,,,5,0,0,0,40,0,0,,,,6,,
Vikesland,IV,,144,TT3,229,144 TT3 229,,,3,25,2009,29-Jul,Presence,KK,1,1,,,1,,,,,,,,,,,,,,,,,,,,,,,,,,1,,,,,,,,,,,,,,,,,,,10,0,0,0,40,0,0,,,,3,,
Vikesland,IV,,144,TT3,229,144 TT3 229,,,3,%,2009,29-Jul,Cover,KK,5,3,,,5,,1,,,1,,2,24,,,,,5,,,,,,,,,,,,1,8,,2,,,,,,1,,,2,,12,,,3,,1,24.76,0,0,0,25.6,0,0,75,25,0,5.25,,
,,,,,,,,,,,,,,,,,,,,,,,,,,,,,,,,,,,,,,,,,,,,,,,,,,,,,,,,,,,,,,,,,,,,,,,,,,,,
Vikesland,IV,V,145,TT3,231,145 TT3 231,,,4,1,2009,29-Jul,Presence,KK,1,,,,1,,,,,,,,,,,,,,,,,,,,,,,,,,S,,,,,,S,,,,,1,,,,,,,,40,0,0,0,30,0,0,,,,,,
Vikesland,IV,V,145,TT3,231,145 TT3 231,,,4,2,2009,29-Jul,Presence,KK,1,,,,1,,,,,,,,,1,,,,,,,,,,,,,,,,1,,,1,,,,,,1,,,,,1,,,,,2,20,0,0,0,10,0,0,,,,,,
Vikesland,IV,V,145,TT3,231,145 TT3 231,,,4,3,2009,29-Jul,Presence,KK,1,1,,,1,,,,,,,,1,,,,,,,,,,,,,,,,,,,,,,,,D,,1,,,,,,,,,,,20,0,0,0,30,0,0,,,,,,
Vikesland,IV,V,145,TT3,231,145 TT3 231,,,4,4,2009,29-Jul,Presence,KK,1,,,,1,,,,,,,,,,,,,,,,,,,,,,,,,,,,,,,,,,1,,,1,,,,,,,,5,0,0,0,60,0,0,,,,,,
Vikesland,IV,V,145,TT3,231,145 TT3 231,,,4,5,2009,29-Jul,Presence,KK,D,,,,1,,,,,,,,,,,,,,,,,,,,,,,,,,,,,,,,,,1,,,,,,,,,,,10,0,0,0,20,0,0,,,,,,
Vikesland,IV,V,145,TT3,231,145 TT3 231,,,4,6,2009,29-Jul,Presence,KK,1,1,,,1,,1,,,,,,1,1,,,,,,,,,,,,,,,,,,,,,,,,,1,,,,,1,,,,,,30,0,0,0,20,0,0,,,,,,
Vikesland,IV,V,145,TT3,231,145 TT3 231,,,4,7,2009,29-Jul,Presence,KK,1,1,,,,,1,,,,,,,1,,,,,,,,,,,,,,,,,,,1,,,,,,,,,,,,,,1,,,10,0,0,0,40,0,0,,,,,,
Vikesland,IV,V,145,TT3,231,145 TT3 231,,,4,8,2009,29-Jul,Presence,KK,1,1,,,1,,F,,,,,,,,,,,,,,,,,,,,,,,,,,1,,,,1,,1,,,,,,,,,,,20,0,0,0,60,0,0,,,,,,
Vikesland,IV,V,145,TT3,231,145 TT3 231,,,4,9,2009,29-Jul,Presence,KK,1,1,,,,,,,,,,,,,,,,,,,,,,,,,,,,,,,1,,,,,,1,,,1,,,,,,,,20,0,0,0,10,0,0,,,,,,
Vikesland,IV,V,145,TT3,231,145 TT3 231,,,4,10,2009,29-Jul,Presence,KK,D,,,,1,,1,,,,,,,,,,,,,,,,,,,,,,,,,,,,,,,,1,,,,,,,,1,,,2,0,0,0,10,0,0,,,,,,
Vikesland,IV,V,145,TT3,231,145 TT3 231,,,4,11,2009,29-Jul,Presence,KK,1,,,,1,,1,,,,,,,,,,,,,,,,,,,,,,,,1,,,,,,1,,,,,1,,,,,,,,5,0,0,0,50,0,0,,,,,,
Vikesland,IV,V,145,TT3,231,145 TT3 231,,,4,12,2009,29-Jul,Presence,KK,,,,,,,1,,,,,,1,,,,,,,,,,,,,,,,,,1,,,,,,,,1,,,1,,1,,,,,,10,0,0,0,40,0,0,,,,,,
Vikesland,IV,V,145,TT3,231,145 TT3 231,,,4,13,2009,29-Jul,Presence,KK,1,,,,,,1,,,,,,,1,,,,,,,,,,,,,,,,,,,1,,,,,,1,,,,,,,,,,,5,0,0,0,20,0,0,,,,,,
Vikesland,IV,V,145,TT3,231,145 TT3 231,,,4,14,2009,29-Jul,Presence,KK,1,1,,,,,,,,,,,,,,,,,,,,,,,,,,,,,,,1,,,,,,1,,,,,,,,,,,10,0,0,0,10,0,0,,,,,,
Vikesland,IV,V,145,TT3,231,145 TT3 231,,,4,15,2009,29-Jul,Presence,KK,1,1,,,,,1,,,,,,,,,,,,,,,,,,,,,,,,,,1,,,,,,1,,,1,,,,,1,,,5,0,0,0,20,0,0,,,,,,
Vikesland,IV,V,145,TT3,231,145 TT3 231,,,4,16,2009,29-Jul,Presence,KK,1,,,,1,,1,,,,,,,,,,,,,,,,,,,,,,,1,1,,,,,,S,,,,,1,,,,,,,,5,0,0,0,10,0,0,,,,,,
Vikesland,IV,V,145,TT3,231,145 TT3 231,,,4,17,2009,29-Jul,Presence,KK,1,F,,,1,,1,,,,,,,,,,,,,,,,,,,,,,,,1,,,,,,,,1,,,1,,,,,,,,2,0,0,0,20,0,0,,,,,,
Vikesland,IV,V,145,TT3,231,145 TT3 231,,,4,18,2009,29-Jul,Presence,KK,1,1,,,,,F,,,,,,,,,,,,,,,,,,,,,,,,,,,,,,,,1,,,,,,,,1,,,10,0,0,0,5,0,0,,,,,,
Vikesland,IV,V,145,TT3,231,145 TT3 231,,,4,19,2009,29-Jul,Presence,KK,1,,,,1,,,,,,,,,,,,,,,,,,,,,,,,,,,,,,,,1,,1,,,,,,,,1,,,20,0,0,0,30,0,0,,,,,,
Vikesland,IV,V,145,TT3,231,145 TT3 231,,,4,20,2009,29-Jul,Presence,KK,1,,,,1,,,,,,,,,,,,,,,,,,,,,,,,,,,,1,,,,,,,,,1,,,,,,,,25,0,0,0,60,0,0,,,,,,
Vikesland,IV,V,145,TT3,231,145 TT3 231,,,4,21,2009,29-Jul,Presence,KK,1,1,,,,,1,,,,,,,,,,,,,,,,,,,,,,,,1,,1,,,,,,,,,1,,,,,,,,10,0,0,0,20,0,0,,,,,,
Vikesland,IV,V,145,TT3,231,145 TT3 231,,,4,22,2009,29-Jul,Presence,KK,1,1,,,,,1,,,,,,,,,,,,,,,,,,,,,,,,1,,,,,,,,,,,1,,1,,,,,,10,0,0,0,40,0,0,,,,6,,
Vikesland,IV,V,145,TT3,231,145 TT3 231,,,4,23,2009,29-Jul,Presence,KK,1,1,,,1,,,,,,,,,,,,,,,,,,,,,,,,,,1,,,,,,,,,,,1,,1,,,,,,2,0,0,0,70,0,0,,,,5,,
Vikesland,IV,V,145,TT3,231,145 TT3 231,,,4,24,2009,29-Jul,Presence,KK,1,1,,,,,,,,,,,,,,,,,,,,,,,,,,,,,,,,,,,,,,,,1,,1,,,,,,30,0,0,0,40,0,0,,,,6,,
Vikesland,IV,V,145,TT3,231,145 TT3 231,,,4,25,2009,29-Jul,Presence,KK,1,1,,,,,,,,,,,,,,,,,,,,,,,,,,,,,,,,,,,,,1,,,1,,,,,,,,5,0,0,0,70,0,0,,,,7,,
Vikesland,IV,V,145,TT3,231,145 TT3 231,,,4,%,2009,29-Jul,Cover,KK,30,5,,,5,,5,,,,,,2,1,,,,,,,,,,,,,,,,1,5,,10,,,,10,,5,,,5,,2,,,8,,1,13.24,0,0,0,31.8,0,0,70,40,0,6,40,
,,,,,,,,,,,,,,,,,,,,,,,,,,,,,,,,,,,,,,,,,,,,,,,,,,,,,,,,,,,,,,,,,,,,,,,,,,,,
Vikesland,V,,146,TTC,146,146 TTC,,,C,1,2009,30-Jul,Presence,KK,,1,,,,,,,,,,,,1,,,,1,,,,,,,,,,,,1,F,,,,,,,,,,,1,,,,,,,,20,0,0,0,30,0,0,,,,,,
Vikesland,V,,146,TTC,146,146 TTC,,,C,2,2009,30-Jul,Presence,KK,,,,,,,,,,,,,,1,,1,,,,,,,,,,,,,,,F,,,,,,,,,,,1,,,,,,,,30,0,0,0,2,0,0,,,,,,
Vikesland,V,,146,TTC,146,146 TTC,,,C,3,2009,30-Jul,Presence,KK,,1,,,,,,,,,,,,1,,1,,,,,,,,,,,,,,,F,,,,,,1,,,,,1,,,,,,,,50,0,0,0,2,0,0,,,,,,
Vikesland,V,,146,TTC,146,146 TTC,,,C,4,2009,30-Jul,Presence,KK,,1,,,,,,,,,,,,1,,,,,,,,,,,,,,,,,,,,1,,,,,,,,,,,,,1,,,20,0,0,0,10,0,0,,,,,,
Vikesland,V,,146,TTC,146,146 TTC,,,C,5,2009,30-Jul,Presence,KK,,1,,,,,,,,,,,,1,,1,,1,,,,,,,,,,,,,F,,,,,,1,,,,,,,,,,1,,,10,0,0,0,10,0,0,,,,,,
Vikesland,V,,146,TTC,146,146 TTC,,,C,6,2009,30-Jul,Presence,KK,1,1,,,,,,,,,,,,1,,,,1,,,,,,,,,,,,,F,,,,,,,,,,,1,,,,,,,,5,0,0,0,10,0,0,,,,,,
Vikesland,V,,146,TTC,146,146 TTC,,,C,7,2009,30-Jul,Presence,KK,1,F,,,,,1,,,,,,,1,1,1,,,,,,,,,,,,,,,,,,,,,,,1,,,1,,,,,,,,30,0,0,0,2,0,0,,,,,,
Vikesland,V,,146,TTC,146,146 TTC,,,C,8,2009,30-Jul,Presence,KK,1,1,,,,,,,,,,,,1,,1,,,,,,,,,,,,,,,,,,,,,,,,,,1,,,,,,,,50,0,0,0,10,0,0,,,,,,
Vikesland,V,,146,TTC,146,146 TTC,,,C,9,2009,30-Jul,Presence,KK,1,1,,,,,1,,,,,,,1,,1,,,,,,,,,,,,,,1,1,,,,,,,,,,,,,,,,1,,,50,0,0,0,5,0,0,,,,,,
Vikesland,V,,146,TTC,146,146 TTC,,,C,10,2009,30-Jul,Presence,KK,1,1,,,,,,,,,,,1,1,,1,,,,,,,,,,,,,,,F,,,,,,1,,,,,,,1,,,,,,10,0,0,0,20,0,0,,,,,,
Vikesland,V,,146,TTC,146,146 TTC,,,C,11,2009,30-Jul,Presence,KK,1,1,,,,,,,,,,,,1,,,,,,,,,,,,,,,,,F,,1,,,,1,,1,,,1,,,,,,,,30,0,0,0,10,0,0,,,,,,
Vikesland,V,,146,TTC,146,146 TTC,,,C,12,2009,30-Jul,Presence,KK,,,,,,,,,,,,,,1,,1,,,,,,,,,,,,,,1,F,,,,,,,,,,,1,,,,,1,,,40,0,0,0,2,0,0,,,,,,
Vikesland,V,,146,TTC,146,146 TTC,,,C,13,2009,30-Jul,Presence,KK,1,1,,,,,,,,,,,,1,,1,,,,,,,,,,,,,,1,,,,,,,1,,,,,1,,,,,,,,60,0,0,0,5,0,0,,,,,,
Vikesland,V,,146,TTC,146,146 TTC,,,C,14,2009,30-Jul,Presence,KK,1,1,,,,,,,,,,,,1,,1,,,,,,,,,,,,,,,,,,,,,,,,,,,,,,,1,,,40,0,0,0,10,0,0,,,,,,
Vikesland,V,,146,TTC,146,146 TTC,,,C,15,2009,30-Jul,Presence,KK,1,1,,,,,,,,,,,1,1,,,,,,,,,,,,,,,,,,,,1,,,1,,,,,,,,,,,,,2,0,0,0,30,0,0,,,,,,
Vikesland,V,,146,TTC,146,146 TTC,,,C,16,2009,30-Jul,Presence,KK,,F,,,,,,,,,,,1,1,,,,,,,,,,,,,,,,F,,,,,,,1,,,,,1,,,,,,,,10,0,0,0,40,0,0,,,,,,
Vikesland,V,,146,TTC,146,146 TTC,,,C,17,2009,30-Jul,Presence,KK,1,1,,,,,1,,,,,,1,,,,,,,,,,,,,,,,,,1,,,,,,,,1,,,,,,,,,,,20,0,0,0,20,0,0,,,,,,
Vikesland,V,,146,TTC,146,146 TTC,,,C,18,2009,30-Jul,Presence,KK,,1,,,,,,,,,,,1,1,,,,1,,,,,,,,,,,,1,,,,1,,,1,,,,,1,,,,,,,,10,0,0,0,20,0,0,,,,,,
Vikesland,V,,146,TTC,146,146 TTC,,,C,19,2009,30-Jul,Presence,KK,1,1,,,,,,,,,,,1,,,1,,,,,,,,,,,,,,,,,,,,,1,,1,,,,,,,,1,1,,5,0,0,0,40,0,0,,,,,,
Vikesland,V,,146,TTC,146,146 TTC,,,C,20,2009,30-Jul,Presence,KK,1,1,,,,,,,,,,,1,,,1,,,,,,,,,,,,,,,,,,1,,,,,,,,1,,,,,,,,5,0,0,0,30,0,0,,,,,,
Vikesland,V,,146,TTC,146,146 TTC,,,C,21,2009,30-Jul,Presence,KK,1,1,,,,,,,,,,,,1,,,,,,,,,,,,,,,,,1,,,,,,1,,1,,,,,,,,,,,50,0,0,0,5,0,0,,,,,,
Vikesland,V,,146,TTC,146,146 TTC,,,C,22,2009,30-Jul,Presence,KK,1,1,,,,,1,,,,,,,1,,,,,,,,,,,,,,,,,1,,,,,,,,1,,,1,,,,,,,,60,0,0,0,5,0,0,,,,7,,
Vikesland,V,,146,TTC,146,146 TTC,,,C,23,2009,30-Jul,Presence,KK,1,1,,,,,,,,,,,,1,,,,,,,,,,,,,,,,1,,,,,,,,,1,,,1,,,,,,,,60,0,0,0,5,0,0,,,,7,,
Vikesland,V,,146,TTC,146,146 TTC,,,C,24,2009,30-Jul,Presence,KK,1,1,,,,,1,,,,,,,1,,1,,,,,,,,,,,,,,,,,,,,,1,,F,,,1,,,,,1,,,20,0,0,0,10,0,0,,,,6,,
Vikesland,V,,146,TTC,146,146 TTC,,,C,25,2009,30-Jul,Presence,KK,,1,,,,,,,,,,,,1,,1,,,,,,,,,,,,,,,,,,1,,,S,,,,,1,,,,,1,,,5,0,0,0,40,0,0,,,,6,,
Vikesland,V,,146,TTC,146,146 TTC,,,C,%,2009,30-Jul,Cover,KK,15,5,,,,,1,,,,,,4,3,1,5,,10,,,,,,,,,,,,2,20,,2,5,,,10,,2,,,8,,2,,,10,1,,27.68,0,0,0,14.92,0,0,85,30,0,6.5,,
,,,,,,,,,,,,,,,,,,,,,,,,,,,,,,,,,,,,,,,,,,,,,,,,,,,,,,,,,,,,,,,,,,,,,,,,,,,,
,,,,,,,,,,,,,,,,,,,,,,,,,,,,,,,,,,,,,,,,,,,,,,,,,,,,,,,,,,,,,,,,,,,,,,,,,,,,
,,,,,,,,,,,,,,,,,,,,,,,,,,,,,,,,,,,,,,,,,,,,,,,,,,,,,,,,,,,,,,,,,,,,,,,,,,,,
,,,,,,,,,,,,,,,,,,,,,,,,,,,,,,,,,,,,,,,,,,,,,,,,,,,,,,,,,,,,,,,,,,,,,,,,,,,,
,,,,,,,,,,,,,,,,,,,,,,,,,,,,,,,,,,,,,,,,,,,,,,,,,,,,,,,,,,,,,,,,,,,,,,,,,,,,
,,,,,,,,,,,,,,,,,,,,,,,,,,,,,,,,,,,,,,,,,,,,,,,,,,,,,,,,,,,,,,,,,,,,,,,,,,,,
,,,,,,,,,,,,,,,,,,,,,,,,,,,,,,,,,,,,,,,,,,,,,,,,,,,,,,,,,,,,,,,,,,,,,,,,,,,,
,,,,,,,,,,,,,,,,,,,,,,,,,,,,,,,,,,,,,,,,,,,,,,,,,,,,,,,,,,,,,,,,,,,,,,,,,,,,
,,,,,,,,,,,,,,,,,,,,,,,,,,,,,,,,,,,,,,,,,,,,,,,,,,,,,,,,,,,,,,,,,,,,,,,,,,,,
,,,,,,,,,,,,,,,,,,,,,,,,,,,,,,,,,,,,,,,,,,,,,,,,,,,,,,,,,,,,,,,,,,,,,,,,,,,,
,,,,,,,,,,,,,,,,,,,,,,,,,,,,,,,,,,,,,,,,,,,,,,,,,,,,,,,,,,,,,,,,,,,,,,,,,,,,
,,,,,,,,,,,,,,,,,,,,,,,,,,,,,,,,,,,,,,,,,,,,,,,,,,,,,,,,,,,,,,,,,,,,,,,,,,,,
,,,,,,,,,,,,,,,,,,,,,,,,,,,,,,,,,,,,,,,,,,,,,,,,,,,,,,,,,,,,,,,,,,,,,,,,,,,,
,,,,,,,,,,,,,,,,,,,,,,,,,,,,,,,,,,,,,,,,,,,,,,,,,,,,,,,,,,,,,,,,,,,,,,,,,,,,
,,,,,,,,,,,,,,,,,,,,,,,,,,,,,,,,,,,,,,,,,,,,,,,,,,,,,,,,,,,,,,,,,,,,,,,,,,,,
,,,,,,,,,,,,,,,,,,,,,,,,,,,,,,,,,,,,,,,,,,,,,,,,,,,,,,,,,,,,,,,,,,,,,,,,,,,,
,,,,,,,,,,,,,,,,,,,,,,,,,,,,,,,,,,,,,,,,,,,,,,,,,,,,,,,,,,,,,,,,,,,,,,,,,,,,
,,,,,,,,,,,,,,,,,,,,,,,,,,,,,,,,,,,,,,,,,,,,,,,,,,,,,,,,,,,,,,,,,,,,,,,,,,,,
,,,,,,,,,,,,,,,,,,,,,,,,,,,,,,,,,,,,,,,,,,,,,,,,,,,,,,,,,,,,,,,,,,,,,,,,,,,,
,,,,,,,,,,,,,,,,,,,,,,,,,,,,,,,,,,,,,,,,,,,,,,,,,,,,,,,,,,,,,,,,,,,,,,,,,,,,
,,,,,,,,,,,,,,,,,,,,,,,,,,,,,,,,,,,,,,,,,,,,,,,,,,,,,,,,,,,,,,,,,,,,,,,,,,,,
,,,,,,,,,,,,,,,,,,,,,,,,,,,,,,,,,,,,,,,,,,,,,,,,,,,,,,,,,,,,,,,,,,,,,,,,,,,,
,,,,,,,,,,,,,,,,,,,,,,,,,,,,,,,,,,,,,,,,,,,,,,,,,,,,,,,,,,,,,,,,,,,,,,,,,,,,
,,,,,,,,,,,,,,,,,,,,,,,,,,,,,,,,,,,,,,,,,,,,,,,,,,,,,,,,,,,,,,,,,,,,,,,,,,,,
,,,,,,,,,,,,,,,,,,,,,,,,,,,,,,,,,,,,,,,,,,,,,,,,,,,,,,,,,,,,,,,,,,,,,,,,,,,,
,,,,,,,,,,,,,,,,,,,,,,,,,,,,,,,,,,,,,,,,,,,,,,,,,,,,,,,,,,,,,,,,,,,,,,,,,,,,
,,,,,,,,,,,,,,,,,,,,,,,,,,,,,,,,,,,,,,,,,,,,,,,,,,,,,,,,,,,,,,,,,,,,,,,,,,,,
,,,,,,,,,,,,,,,,,,,,,,,,,,,,,,,,,,,,,,,,,,,,,,,,,,,,,,,,,,,,,,,,,,,,,,,,,,,,
,,,,,,,,,,,,,,,,,,,,,,,,,,,,,,,,,,,,,,,,,,,,,,,,,,,,,,,,,,,,,,,,,,,,,,,,,,,,
,,,,,,,,,,,,,,,,,,,,,,,,,,,,,,,,,,,,,,,,,,,,,,,,,,,,,,,,,,,,,,,,,,,,,,,,,,,,
,,,,,,,,,,,,,,,,,,,,,,,,,,,,,,,,,,,,,,,,,,,,,,,,,,,,,,,,,,,,,,,,,,,,,,,,,,,,
,,,,,,,,,,,,,,,,,,,,,,,,,,,,,,,,,,,,,,,,,,,,,,,,,,,,,,,,,,,,,,,,,,,,,,,,,,,,
,,,,,,,,,,,,,,,,,,,,,,,,,,,,,,,,,,,,,,,,,,,,,,,,,,,,,,,,,,,,,,,,,,,,,,,,,,,,
,,,,,,,,,,,,,,,,,,,,,,,,,,,,,,,,,,,,,,,,,,,,,,,,,,,,,,,,,,,,,,,,,,,,,,,,,,,,
,,,,,,,,,,,,,,,,,,,,,,,,,,,,,,,,,,,,,,,,,,,,,,,,,,,,,,,,,,,,,,,,,,,,,,,,,,,,
,,,,,,,,,,,,,,,,,,,,,,,,,,,,,,,,,,,,,,,,,,,,,,,,,,,,,,,,,,,,,,,,,,,,,,,,,,,,
,,,,,,,,,,,,,,,,,,,,,,,,,,,,,,,,,,,,,,,,,,,,,,,,,,,,,,,,,,,,,,,,,,,,,,,,,,,,
,,,,,,,,,,,,,,,,,,,,,,,,,,,,,,,,,,,,,,,,,,,,,,,,,,,,,,,,,,,,,,,,,,,,,,,,,,,,
,,,,,,,,,,,,,,,,,,,,,,,,,,,,,,,,,,,,,,,,,,,,,,,,,,,,,,,,,,,,,,,,,,,,,,,,,,,,
,,,,,,,,,,,,,,,,,,,,,,,,,,,,,,,,,,,,,,,,,,,,,,,,,,,,,,,,,,,,,,,,,,,,,,,,,,,,
,,,,,,,,,,,,,,,,,,,,,,,,,,,,,,,,,,,,,,,,,,,,,,,,,,,,,,,,,,,,,,,,,,,,,,,,,,,,
,,,,,,,,,,,,,,,,,,,,,,,,,,,,,,,,,,,,,,,,,,,,,,,,,,,,,,,,,,,,,,,,,,,,,,,,,,,,
,,,,,,,,,,,,,,,,,,,,,,,,,,,,,,,,,,,,,,,,,,,,,,,,,,,,,,,,,,,,,,,,,,,,,,,,,,,,
,,,,,,,,,,,,,,,,,,,,,,,,,,,,,,,,,,,,,,,,,,,,,,,,,,,,,,,,,,,,,,,,,,,,,,,,,,,,
,,,,,,,,,,,,,,,,,,,,,,,,,,,,,,,,,,,,,,,,,,,,,,,,,,,,,,,,,,,,,,,,,,,,,,,,,,,,
,,,,,,,,,,,,,,,,,,,,,,,,,,,,,,,,,,,,,,,,,,,,,,,,,,,,,,,,,,,,,,,,,,,,,,,,,,,,
,,,,,,,,,,,,,,,,,,,,,,,,,,,,,,,,,,,,,,,,,,,,,,,,,,,,,,,,,,,,,,,,,,,,,,,,,,,,
,,,,,,,,,,,,,,,,,,,,,,,,,,,,,,,,,,,,,,,,,,,,,,,,,,,,,,,,,,,,,,,,,,,,,,,,,,,,
,,,,,,,,,,,,,,,,,,,,,,,,,,,,,,,,,,,,,,,,,,,,,,,,,,,,,,,,,,,,,,,,,,,,,,,,,,,,
,,,,,,,,,,,,,,,,,,,,,,,,,,,,,,,,,,,,,,,,,,,,,,,,,,,,,,,,,,,,,,,,,,,,,,,,,,,,
,,,,,,,,,,,,,,,,,,,,,,,,,,,,,,,,,,,,,,,,,,,,,,,,,,,,,,,,,,,,,,,,,,,,,,,,,,,,
,,,,,,,,,,,,,,,,,,,,,,,,,,,,,,,,,,,,,,,,,,,,,,,,,,,,,,,,,,,,,,,,,,,,,,,,,,,,
,,,,,,,,,,,,,,,,,,,,,,,,,,,,,,,,,,,,,,,,,,,,,,,,,,,,,,,,,,,,,,,,,,,,,,,,,,,,
,,,,,,,,,,,,,,,,,,,,,,,,,,,,,,,,,,,,,,,,,,,,,,,,,,,,,,,,,,,,,,,,,,,,,,,,,,,,
,,,,,,,,,,,,,,,,,,,,,,,,,,,,,,,,,,,,,,,,,,,,,,,,,,,,,,,,,,,,,,,,,,,,,,,,,,,,
,,,,,,,,,,,,,,,,,,,,,,,,,,,,,,,,,,,,,,,,,,,,,,,,,,,,,,,,,,,,,,,,,,,,,,,,,,,,
,,,,,,,,,,,,,,,,,,,,,,,,,,,,,,,,,,,,,,,,,,,,,,,,,,,,,,,,,,,,,,,,,,,,,,,,,,,,
,,,,,,,,,,,,,,,,,,,,,,,,,,,,,,,,,,,,,,,,,,,,,,,,,,,,,,,,,,,,,,,,,,,,,,,,,,,,
,,,,,,,,,,,,,,,,,,,,,,,,,,,,,,,,,,,,,,,,,,,,,,,,,,,,,,,,,,,,,,,,,,,,,,,,,,,,
,,,,,,,,,,,,,,,,,,,,,,,,,,,,,,,,,,,,,,,,,,,,,,,,,,,,,,,,,,,,,,,,,,,,,,,,,,,,
,,,,,,,,,,,,,,,,,,,,,,,,,,,,,,,,,,,,,,,,,,,,,,,,,,,,,,,,,,,,,,,,,,,,,,,,,,,,
,,,,,,,,,,,,,,,,,,,,,,,,,,,,,,,,,,,,,,,,,,,,,,,,,,,,,,,,,,,,,,,,,,,,,,,,,,,,
,,,,,,,,,,,,,,,,,,,,,,,,,,,,,,,,,,,,,,,,,,,,,,,,,,,,,,,,,,,,,,,,,,,,,,,,,,,,
,,,,,,,,,,,,,,,,,,,,,,,,,,,,,,,,,,,,,,,,,,,,,,,,,,,,,,,,,,,,,,,,,,,,,,,,,,,,
,,,,,,,,,,,,,,,,,,,,,,,,,,,,,,,,,,,,,,,,,,,,,,,,,,,,,,,,,,,,,,,,,,,,,,,,,,,,
,,,,,,,,,,,,,,,,,,,,,,,,,,,,,,,,,,,,,,,,,,,,,,,,,,,,,,,,,,,,,,,,,,,,,,,,,,,,
,,,,,,,,,,,,,,,,,,,,,,,,,,,,,,,,,,,,,,,,,,,,,,,,,,,,,,,,,,,,,,,,,,,,,,,,,,,,
,,,,,,,,,,,,,,,,,,,,,,,,,,,,,,,,,,,,,,,,,,,,,,,,,,,,,,,,,,,,,,,,,,,,,,,,,,,,
,,,,,,,,,,,,,,,,,,,,,,,,,,,,,,,,,,,,,,,,,,,,,,,,,,,,,,,,,,,,,,,,,,,,,,,,,,,,
,,,,,,,,,,,,,,,,,,,,,,,,,,,,,,,,,,,,,,,,,,,,,,,,,,,,,,,,,,,,,,,,,,,,,,,,,,,,
,,,,,,,,,,,,,,,,,,,,,,,,,,,,,,,,,,,,,,,,,,,,,,,,,,,,,,,,,,,,,,,,,,,,,,,,,,,,
,,,,,,,,,,,,,,,,,,,,,,,,,,,,,,,,,,,,,,,,,,,,,,,,,,,,,,,,,,,,,,,,,,,,,,,,,,,,
,,,,,,,,,,,,,,,,,,,,,,,,,,,,,,,,,,,,,,,,,,,,,,,,,,,,,,,,,,,,,,,,,,,,,,,,,,,,
,,,,,,,,,,,,,,,,,,,,,,,,,,,,,,,,,,,,,,,,,,,,,,,,,,,,,,,,,,,,,,,,,,,,,,,,,,,,
,,,,,,,,,,,,,,,,,,,,,,,,,,,,,,,,,,,,,,,,,,,,,,,,,,,,,,,,,,,,,,,,,,,,,,,,,,,,
,,,,,,,,,,,,,,,,,,,,,,,,,,,,,,,,,,,,,,,,,,,,,,,,,,,,,,,,,,,,,,,,,,,,,,,,,,,,
,,,,,,,,,,,,,,,,,,,,,,,,,,,,,,,,,,,,,,,,,,,,,,,,,,,,,,,,,,,,,,,,,,,,,,,,,,,,
,,,,,,,,,,,,,,,,,,,,,,,,,,,,,,,,,,,,,,,,,,,,,,,,,,,,,,,,,,,,,,,,,,,,,,,,,,,,
,,,,,,,,,,,,,,,,,,,,,,,,,,,,,,,,,,,,,,,,,,,,,,,,,,,,,,,,,,,,,,,,,,,,,,,,,,,,
,,,,,,,,,,,,,,,,,,,,,,,,,,,,,,,,,,,,,,,,,,,,,,,,,,,,,,,,,,,,,,,,,,,,,,,,,,,,
,,,,,,,,,,,,,,,,,,,,,,,,,,,,,,,,,,,,,,,,,,,,,,,,,,,,,,,,,,,,,,,,,,,,,,,,,,,,
,,,,,,,,,,,,,,,,,,,,,,,,,,,,,,,,,,,,,,,,,,,,,,,,,,,,,,,,,,,,,,,,,,,,,,,,,,,,
,,,,,,,,,,,,,,,,,,,,,,,,,,,,,,,,,,,,,,,,,,,,,,,,,,,,,,,,,,,,,,,,,,,,,,,,,,,,
,,,,,,,,,,,,,,,,,,,,,,,,,,,,,,,,,,,,,,,,,,,,,,,,,,,,,,,,,,,,,,,,,,,,,,,,,,,,
,,,,,,,,,,,,,,,,,,,,,,,,,,,,,,,,,,,,,,,,,,,,,,,,,,,,,,,,,,,,,,,,,,,,,,,,,,,,
,,,,,,,,,,,,,,,,,,,,,,,,,,,,,,,,,,,,,,,,,,,,,,,,,,,,,,,,,,,,,,,,,,,,,,,,,,,,
,,,,,,,,,,,,,,,,,,,,,,,,,,,,,,,,,,,,,,,,,,,,,,,,,,,,,,,,,,,,,,,,,,,,,,,,,,,,
,,,,,,,,,,,,,,,,,,,,,,,,,,,,,,,,,,,,,,,,,,,,,,,,,,,,,,,,,,,,,,,,,,,,,,,,,,,,
,,,,,,,,,,,,,,,,,,,,,,,,,,,,,,,,,,,,,,,,,,,,,,,,,,,,,,,,,,,,,,,,,,,,,,,,,,,,
,,,,,,,,,,,,,,,,,,,,,,,,,,,,,,,,,,,,,,,,,,,,,,,,,,,,,,,,,,,,,,,,,,,,,,,,,,,,
,,,,,,,,,,,,,,,,,,,,,,,,,,,,,,,,,,,,,,,,,,,,,,,,,,,,,,,,,,,,,,,,,,,,,,,,,,,,
,,,,,,,,,,,,,,,,,,,,,,,,,,,,,,,,,,,,,,,,,,,,,,,,,,,,,,,,,,,,,,,,,,,,,,,,,,,,
,,,,,,,,,,,,,,,,,,,,,,,,,,,,,,,,,,,,,,,,,,,,,,,,,,,,,,,,,,,,,,,,,,,,,,,,,,,,
,,,,,,,,,,,,,,,,,,,,,,,,,,,,,,,,,,,,,,,,,,,,,,,,,,,,,,,,,,,,,,,,,,,,,,,,,,,,
,,,,,,,,,,,,,,,,,,,,,,,,,,,,,,,,,,,,,,,,,,,,,,,,,,,,,,,,,,,,,,,,,,,,,,,,,,,,
,,,,,,,,,,,,,,,,,,,,,,,,,,,,,,,,,,,,,,,,,,,,,,,,,,,,,,,,,,,,,,,,,,,,,,,,,,,,
,,,,,,,,,,,,,,,,,,,,,,,,,,,,,,,,,,,,,,,,,,,,,,,,,,,,,,,,,,,,,,,,,,,,,,,,,,,,
,,,,,,,,,,,,,,,,,,,,,,,,,,,,,,,,,,,,,,,,,,,,,,,,,,,,,,,,,,,,,,,,,,,,,,,,,,,,
,,,,,,,,,,,,,,,,,,,,,,,,,,,,,,,,,,,,,,,,,,,,,,,,,,,,,,,,,,,,,,,,,,,,,,,,,,,,
,,,,,,,,,,,,,,,,,,,,,,,,,,,,,,,,,,,,,,,,,,,,,,,,,,,,,,,,,,,,,,,,,,,,,,,,,,,,
,,,,,,,,,,,,,,,,,,,,,,,,,,,,,,,,,,,,,,,,,,,,,,,,,,,,,,,,,,,,,,,,,,,,,,,,,,,,
,,,,,,,,,,,,,,,,,,,,,,,,,,,,,,,,,,,,,,,,,,,,,,,,,,,,,,,,,,,,,,,,,,,,,,,,,,,,
,,,,,,,,,,,,,,,,,,,,,,,,,,,,,,,,,,,,,,,,,,,,,,,,,,,,,,,,,,,,,,,,,,,,,,,,,,,,
,,,,,,,,,,,,,,,,,,,,,,,,,,,,,,,,,,,,,,,,,,,,,,,,,,,,,,,,,,,,,,,,,,,,,,,,,,,,
,,,,,,,,,,,,,,,,,,,,,,,,,,,,,,,,,,,,,,,,,,,,,,,,,,,,,,,,,,,,,,,,,,,,,,,,,,,,
,,,,,,,,,,,,,,,,,,,,,,,,,,,,,,,,,,,,,,,,,,,,,,,,,,,,,,,,,,,,,,,,,,,,,,,,,,,,
,,,,,,,,,,,,,,,,,,,,,,,,,,,,,,,,,,,,,,,,,,,,,,,,,,,,,,,,,,,,,,,,,,,,,,,,,,,,
,,,,,,,,,,,,,,,,,,,,,,,,,,,,,,,,,,,,,,,,,,,,,,,,,,,,,,,,,,,,,,,,,,,,,,,,,,,,
,,,,,,,,,,,,,,,,,,,,,,,,,,,,,,,,,,,,,,,,,,,,,,,,,,,,,,,,,,,,,,,,,,,,,,,,,,,,
,,,,,,,,,,,,,,,,,,,,,,,,,,,,,,,,,,,,,,,,,,,,,,,,,,,,,,,,,,,,,,,,,,,,,,,,,,,,
,,,,,,,,,,,,,,,,,,,,,,,,,,,,,,,,,,,,,,,,,,,,,,,,,,,,,,,,,,,,,,,,,,,,,,,,,,,,
,,,,,,,,,,,,,,,,,,,,,,,,,,,,,,,,,,,,,,,,,,,,,,,,,,,,,,,,,,,,,,,,,,,,,,,,,,,,
,,,,,,,,,,,,,,,,,,,,,,,,,,,,,,,,,,,,,,,,,,,,,,,,,,,,,,,,,,,,,,,,,,,,,,,,,,,,
,,,,,,,,,,,,,,,,,,,,,,,,,,,,,,,,,,,,,,,,,,,,,,,,,,,,,,,,,,,,,,,,,,,,,,,,,,,,
,,,,,,,,,,,,,,,,,,,,,,,,,,,,,,,,,,,,,,,,,,,,,,,,,,,,,,,,,,,,,,,,,,,,,,,,,,,,
,,,,,,,,,,,,,,,,,,,,,,,,,,,,,,,,,,,,,,,,,,,,,,,,,,,,,,,,,,,,,,,,,,,,,,,,,,,,
,,,,,,,,,,,,,,,,,,,,,,,,,,,,,,,,,,,,,,,,,,,,,,,,,,,,,,,,,,,,,,,,,,,,,,,,,,,,
,,,,,,,,,,,,,,,,,,,,,,,,,,,,,,,,,,,,,,,,,,,,,,,,,,,,,,,,,,,,,,,,,,,,,,,,,,,,
,,,,,,,,,,,,,,,,,,,,,,,,,,,,,,,,,,,,,,,,,,,,,,,,,,,,,,,,,,,,,,,,,,,,,,,,,,,,
,,,,,,,,,,,,,,,,,,,,,,,,,,,,,,,,,,,,,,,,,,,,,,,,,,,,,,,,,,,,,,,,,,,,,,,,,,,,
,,,,,,,,,,,,,,,,,,,,,,,,,,,,,,,,,,,,,,,,,,,,,,,,,,,,,,,,,,,,,,,,,,,,,,,,,,,,
,,,,,,,,,,,,,,,,,,,,,,,,,,,,,,,,,,,,,,,,,,,,,,,,,,,,,,,,,,,,,,,,,,,,,,,,,,,,
,,,,,,,,,,,,,,,,,,,,,,,,,,,,,,,,,,,,,,,,,,,,,,,,,,,,,,,,,,,,,,,,,,,,,,,,,,,,
,,,,,,,,,,,,,,,,,,,,,,,,,,,,,,,,,,,,,,,,,,,,,,,,,,,,,,,,,,,,,,,,,,,,,,,,,,,,
,,,,,,,,,,,,,,,,,,,,,,,,,,,,,,,,,,,,,,,,,,,,,,,,,,,,,,,,,,,,,,,,,,,,,,,,,,,,
,,,,,,,,,,,,,,,,,,,,,,,,,,,,,,,,,,,,,,,,,,,,,,,,,,,,,,,,,,,,,,,,,,,,,,,,,,,,
,,,,,,,,,,,,,,,,,,,,,,,,,,,,,,,,,,,,,,,,,,,,,,,,,,,,,,,,,,,,,,,,,,,,,,,,,,,,
,,,,,,,,,,,,,,,,,,,,,,,,,,,,,,,,,,,,,,,,,,,,,,,,,,,,,,,,,,,,,,,,,,,,,,,,,,,,
,,,,,,,,,,,,,,,,,,,,,,,,,,,,,,,,,,,,,,,,,,,,,,,,,,,,,,,,,,,,,,,,,,,,,,,,,,,,
,,,,,,,,,,,,,,,,,,,,,,,,,,,,,,,,,,,,,,,,,,,,,,,,,,,,,,,,,,,,,,,,,,,,,,,,,,,,
,,,,,,,,,,,,,,,,,,,,,,,,,,,,,,,,,,,,,,,,,,,,,,,,,,,,,,,,,,,,,,,,,,,,,,,,,,,,
,,,,,,,,,,,,,,,,,,,,,,,,,,,,,,,,,,,,,,,,,,,,,,,,,,,,,,,,,,,,,,,,,,,,,,,,,,,,
,,,,,,,,,,,,,,,,,,,,,,,,,,,,,,,,,,,,,,,,,,,,,,,,,,,,,,,,,,,,,,,,,,,,,,,,,,,,
,,,,,,,,,,,,,,,,,,,,,,,,,,,,,,,,,,,,,,,,,,,,,,,,,,,,,,,,,,,,,,,,,,,,,,,,,,,,
,,,,,,,,,,,,,,,,,,,,,,,,,,,,,,,,,,,,,,,,,,,,,,,,,,,,,,,,,,,,,,,,,,,,,,,,,,,,
,,,,,,,,,,,,,,,,,,,,,,,,,,,,,,,,,,,,,,,,,,,,,,,,,,,,,,,,,,,,,,,,,,,,,,,,,,,,
,,,,,,,,,,,,,,,,,,,,,,,,,,,,,,,,,,,,,,,,,,,,,,,,,,,,,,,,,,,,,,,,,,,,,,,,,,,,
,,,,,,,,,,,,,,,,,,,,,,,,,,,,,,,,,,,,,,,,,,,,,,,,,,,,,,,,,,,,,,,,,,,,,,,,,,,,
,,,,,,,,,,,,,,,,,,,,,,,,,,,,,,,,,,,,,,,,,,,,,,,,,,,,,,,,,,,,,,,,,,,,,,,,,,,,
,,,,,,,,,,,,,,,,,,,,,,,,,,,,,,,,,,,,,,,,,,,,,,,,,,,,,,,,,,,,,,,,,,,,,,,,,,,,
,,,,,,,,,,,,,,,,,,,,,,,,,,,,,,,,,,,,,,,,,,,,,,,,,,,,,,,,,,,,,,,,,,,,,,,,,,,,
,,,,,,,,,,,,,,,,,,,,,,,,,,,,,,,,,,,,,,,,,,,,,,,,,,,,,,,,,,,,,,,,,,,,,,,,,,,,
,,,,,,,,,,,,,,,,,,,,,,,,,,,,,,,,,,,,,,,,,,,,,,,,,,,,,,,,,,,,,,,,,,,,,,,,,,,,
,,,,,,,,,,,,,,,,,,,,,,,,,,,,,,,,,,,,,,,,,,,,,,,,,,,,,,,,,,,,,,,,,,,,,,,,,,,,
,,,,,,,,,,,,,,,,,,,,,,,,,,,,,,,,,,,,,,,,,,,,,,,,,,,,,,,,,,,,,,,,,,,,,,,,,,,,
,,,,,,,,,,,,,,,,,,,,,,,,,,,,,,,,,,,,,,,,,,,,,,,,,,,,,,,,,,,,,,,,,,,,,,,,,,,,
,,,,,,,,,,,,,,,,,,,,,,,,,,,,,,,,,,,,,,,,,,,,,,,,,,,,,,,,,,,,,,,,,,,,,,,,,,,,
,,,,,,,,,,,,,,,,,,,,,,,,,,,,,,,,,,,,,,,,,,,,,,,,,,,,,,,,,,,,,,,,,,,,,,,,,,,,
,,,,,,,,,,,,,,,,,,,,,,,,,,,,,,,,,,,,,,,,,,,,,,,,,,,,,,,,,,,,,,,,,,,,,,,,,,,,
,,,,,,,,,,,,,,,,,,,,,,,,,,,,,,,,,,,,,,,,,,,,,,,,,,,,,,,,,,,,,,,,,,,,,,,,,,,,
,,,,,,,,,,,,,,,,,,,,,,,,,,,,,,,,,,,,,,,,,,,,,,,,,,,,,,,,,,,,,,,,,,,,,,,,,,,,
,,,,,,,,,,,,,,,,,,,,,,,,,,,,,,,,,,,,,,,,,,,,,,,,,,,,,,,,,,,,,,,,,,,,,,,,,,,,
,,,,,,,,,,,,,,,,,,,,,,,,,,,,,,,,,,,,,,,,,,,,,,,,,,,,,,,,,,,,,,,,,,,,,,,,,,,,
,,,,,,,,,,,,,,,,,,,,,,,,,,,,,,,,,,,,,,,,,,,,,,,,,,,,,,,,,,,,,,,,,,,,,,,,,,,,
,,,,,,,,,,,,,,,,,,,,,,,,,,,,,,,,,,,,,,,,,,,,,,,,,,,,,,,,,,,,,,,,,,,,,,,,,,,,
,,,,,,,,,,,,,,,,,,,,,,,,,,,,,,,,,,,,,,,,,,,,,,,,,,,,,,,,,,,,,,,,,,,,,,,,,,,,
,,,,,,,,,,,,,,,,,,,,,,,,,,,,,,,,,,,,,,,,,,,,,,,,,,,,,,,,,,,,,,,,,,,,,,,,,,,,
,,,,,,,,,,,,,,,,,,,,,,,,,,,,,,,,,,,,,,,,,,,,,,,,,,,,,,,,,,,,,,,,,,,,,,,,,,,,
,,,,,,,,,,,,,,,,,,,,,,,,,,,,,,,,,,,,,,,,,,,,,,,,,,,,,,,,,,,,,,,,,,,,,,,,,,,,
,,,,,,,,,,,,,,,,,,,,,,,,,,,,,,,,,,,,,,,,,,,,,,,,,,,,,,,,,,,,,,,,,,,,,,,,,,,,
,,,,,,,,,,,,,,,,,,,,,,,,,,,,,,,,,,,,,,,,,,,,,,,,,,,,,,,,,,,,,,,,,,,,,,,,,,,,
,,,,,,,,,,,,,,,,,,,,,,,,,,,,,,,,,,,,,,,,,,,,,,,,,,,,,,,,,,,,,,,,,,,,,,,,,,,,
,,,,,,,,,,,,,,,,,,,,,,,,,,,,,,,,,,,,,,,,,,,,,,,,,,,,,,,,,,,,,,,,,,,,,,,,,,,,
,,,,,,,,,,,,,,,,,,,,,,,,,,,,,,,,,,,,,,,,,,,,,,,,,,,,,,,,,,,,,,,,,,,,,,,,,,,,
,,,,,,,,,,,,,,,,,,,,,,,,,,,,,,,,,,,,,,,,,,,,,,,,,,,,,,,,,,,,,,,,,,,,,,,,,,,,
,,,,,,,,,,,,,,,,,,,,,,,,,,,,,,,,,,,,,,,,,,,,,,,,,,,,,,,,,,,,,,,,,,,,,,,,,,,,
,,,,,,,,,,,,,,,,,,,,,,,,,,,,,,,,,,,,,,,,,,,,,,,,,,,,,,,,,,,,,,,,,,,,,,,,,,,,
,,,,,,,,,,,,,,,,,,,,,,,,,,,,,,,,,,,,,,,,,,,,,,,,,,,,,,,,,,,,,,,,,,,,,,,,,,,,
,,,,,,,,,,,,,,,,,,,,,,,,,,,,,,,,,,,,,,,,,,,,,,,,,,,,,,,,,,,,,,,,,,,,,,,,,,,,
,,,,,,,,,,,,,,,,,,,,,,,,,,,,,,,,,,,,,,,,,,,,,,,,,,,,,,,,,,,,,,,,,,,,,,,,,,,,
,,,,,,,,,,,,,,,,,,,,,,,,,,,,,,,,,,,,,,,,,,,,,,,,,,,,,,,,,,,,,,,,,,,,,,,,,,,,
,,,,,,,,,,,,,,,,,,,,,,,,,,,,,,,,,,,,,,,,,,,,,,,,,,,,,,,,,,,,,,,,,,,,,,,,,,,,
,,,,,,,,,,,,,,,,,,,,,,,,,,,,,,,,,,,,,,,,,,,,,,,,,,,,,,,,,,,,,,,,,,,,,,,,,,,,
,,,,,,,,,,,,,,,,,,,,,,,,,,,,,,,,,,,,,,,,,,,,,,,,,,,,,,,,,,,,,,,,,,,,,,,,,,,,
,,,,,,,,,,,,,,,,,,,,,,,,,,,,,,,,,,,,,,,,,,,,,,,,,,,,,,,,,,,,,,,,,,,,,,,,,,,,
,,,,,,,,,,,,,,,,,,,,,,,,,,,,,,,,,,,,,,,,,,,,,,,,,,,,,,,,,,,,,,,,,,,,,,,,,,,,
,,,,,,,,,,,,,,,,,,,,,,,,,,,,,,,,,,,,,,,,,,,,,,,,,,,,,,,,,,,,,,,,,,,,,,,,,,,,
,,,,,,,,,,,,,,,,,,,,,,,,,,,,,,,,,,,,,,,,,,,,,,,,,,,,,,,,,,,,,,,,,,,,,,,,,,,,
,,,,,,,,,,,,,,,,,,,,,,,,,,,,,,,,,,,,,,,,,,,,,,,,,,,,,,,,,,,,,,,,,,,,,,,,,,,,
,,,,,,,,,,,,,,,,,,,,,,,,,,,,,,,,,,,,,,,,,,,,,,,,,,,,,,,,,,,,,,,,,,,,,,,,,,,,
,,,,,,,,,,,,,,,,,,,,,,,,,,,,,,,,,,,,,,,,,,,,,,,,,,,,,,,,,,,,,,,,,,,,,,,,,,,,
,,,,,,,,,,,,,,,,,,,,,,,,,,,,,,,,,,,,,,,,,,,,,,,,,,,,,,,,,,,,,,,,,,,,,,,,,,,,
,,,,,,,,,,,,,,,,,,,,,,,,,,,,,,,,,,,,,,,,,,,,,,,,,,,,,,,,,,,,,,,,,,,,,,,,,,,,
,,,,,,,,,,,,,,,,,,,,,,,,,,,,,,,,,,,,,,,,,,,,,,,,,,,,,,,,,,,,,,,,,,,,,,,,,,,,
,,,,,,,,,,,,,,,,,,,,,,,,,,,,,,,,,,,,,,,,,,,,,,,,,,,,,,,,,,,,,,,,,,,,,,,,,,,,
,,,,,,,,,,,,,,,,,,,,,,,,,,,,,,,,,,,,,,,,,,,,,,,,,,,,,,,,,,,,,,,,,,,,,,,,,,,,
,,,,,,,,,,,,,,,,,,,,,,,,,,,,,,,,,,,,,,,,,,,,,,,,,,,,,,,,,,,,,,,,,,,,,,,,,,,,
,,,,,,,,,,,,,,,,,,,,,,,,,,,,,,,,,,,,,,,,,,,,,,,,,,,,,,,,,,,,,,,,,,,,,,,,,,,,
,,,,,,,,,,,,,,,,,,,,,,,,,,,,,,,,,,,,,,,,,,,,,,,,,,,,,,,,,,,,,,,,,,,,,,,,,,,,
,,,,,,,,,,,,,,,,,,,,,,,,,,,,,,,,,,,,,,,,,,,,,,,,,,,,,,,,,,,,,,,,,,,,,,,,,,,,
,,,,,,,,,,,,,,,,,,,,,,,,,,,,,,,,,,,,,,,,,,,,,,,,,,,,,,,,,,,,,,,,,,,,,,,,,,,,
,,,,,,,,,,,,,,,,,,,,,,,,,,,,,,,,,,,,,,,,,,,,,,,,,,,,,,,,,,,,,,,,,,,,,,,,,,,,
,,,,,,,,,,,,,,,,,,,,,,,,,,,,,,,,,,,,,,,,,,,,,,,,,,,,,,,,,,,,,,,,,,,,,,,,,,,,
,,,,,,,,,,,,,,,,,,,,,,,,,,,,,,,,,,,,,,,,,,,,,,,,,,,,,,,,,,,,,,,,,,,,,,,,,,,,
,,,,,,,,,,,,,,,,,,,,,,,,,,,,,,,,,,,,,,,,,,,,,,,,,,,,,,,,,,,,,,,,,,,,,,,,,,,,
,,,,,,,,,,,,,,,,,,,,,,,,,,,,,,,,,,,,,,,,,,,,,,,,,,,,,,,,,,,,,,,,,,,,,,,,,,,,
,,,,,,,,,,,,,,,,,,,,,,,,,,,,,,,,,,,,,,,,,,,,,,,,,,,,,,,,,,,,,,,,,,,,,,,,,,,,
,,,,,,,,,,,,,,,,,,,,,,,,,,,,,,,,,,,,,,,,,,,,,,,,,,,,,,,,,,,,,,,,,,,,,,,,,,,,
,,,,,,,,,,,,,,,,,,,,,,,,,,,,,,,,,,,,,,,,,,,,,,,,,,,,,,,,,,,,,,,,,,,,,,,,,,,,
,,,,,,,,,,,,,,,,,,,,,,,,,,,,,,,,,,,,,,,,,,,,,,,,,,,,,,,,,,,,,,,,,,,,,,,,,,,,
,,,,,,,,,,,,,,,,,,,,,,,,,,,,,,,,,,,,,,,,,,,,,,,,,,,,,,,,,,,,,,,,,,,,,,,,,,,,
,,,,,,,,,,,,,,,,,,,,,,,,,,,,,,,,,,,,,,,,,,,,,,,,,,,,,,,,,,,,,,,,,,,,,,,,,,,,
,,,,,,,,,,,,,,,,,,,,,,,,,,,,,,,,,,,,,,,,,,,,,,,,,,,,,,,,,,,,,,,,,,,,,,,,,,,,
,,,,,,,,,,,,,,,,,,,,,,,,,,,,,,,,,,,,,,,,,,,,,,,,,,,,,,,,,,,,,,,,,,,,,,,,,,,,
,,,,,,,,,,,,,,,,,,,,,,,,,,,,,,,,,,,,,,,,,,,,,,,,,,,,,,,,,,,,,,,,,,,,,,,,,,,,
,,,,,,,,,,,,,,,,,,,,,,,,,,,,,,,,,,,,,,,,,,,,,,,,,,,,,,,,,,,,,,,,,,,,,,,,,,,,
,,,,,,,,,,,,,,,,,,,,,,,,,,,,,,,,,,,,,,,,,,,,,,,,,,,,,,,,,,,,,,,,,,,,,,,,,,,,
,,,,,,,,,,,,,,,,,,,,,,,,,,,,,,,,,,,,,,,,,,,,,,,,,,,,,,,,,,,,,,,,,,,,,,,,,,,,
,,,,,,,,,,,,,,,,,,,,,,,,,,,,,,,,,,,,,,,,,,,,,,,,,,,,,,,,,,,,,,,,,,,,,,,,,,,,
,,,,,,,,,,,,,,,,,,,,,,,,,,,,,,,,,,,,,,,,,,,,,,,,,,,,,,,,,,,,,,,,,,,,,,,,,,,,
,,,,,,,,,,,,,,,,,,,,,,,,,,,,,,,,,,,,,,,,,,,,,,,,,,,,,,,,,,,,,,,,,,,,,,,,,,,,
,,,,,,,,,,,,,,,,,,,,,,,,,,,,,,,,,,,,,,,,,,,,,,,,,,,,,,,,,,,,,,,,,,,,,,,,,,,,
,,,,,,,,,,,,,,,,,,,,,,,,,,,,,,,,,,,,,,,,,,,,,,,,,,,,,,,,,,,,,,,,,,,,,,,,,,,,
,,,,,,,,,,,,,,,,,,,,,,,,,,,,,,,,,,,,,,,,,,,,,,,,,,,,,,,,,,,,,,,,,,,,,,,,,,,,
,,,,,,,,,,,,,,,,,,,,,,,,,,,,,,,,,,,,,,,,,,,,,,,,,,,,,,,,,,,,,,,,,,,,,,,,,,,,
,,,,,,,,,,,,,,,,,,,,,,,,,,,,,,,,,,,,,,,,,,,,,,,,,,,,,,,,,,,,,,,,,,,,,,,,,,,,
,,,,,,,,,,,,,,,,,,,,,,,,,,,,,,,,,,,,,,,,,,,,,,,,,,,,,,,,,,,,,,,,,,,,,,,,,,,,
,,,,,,,,,,,,,,,,,,,,,,,,,,,,,,,,,,,,,,,,,,,,,,,,,,,,,,,,,,,,,,,,,,,,,,,,,,,,
,,,,,,,,,,,,,,,,,,,,,,,,,,,,,,,,,,,,,,,,,,,,,,,,,,,,,,,,,,,,,,,,,,,,,,,,,,,,
,,,,,,,,,,,,,,,,,,,,,,,,,,,,,,,,,,,,,,,,,,,,,,,,,,,,,,,,,,,,,,,,,,,,,,,,,,,,
,,,,,,,,,,,,,,,,,,,,,,,,,,,,,,,,,,,,,,,,,,,,,,,,,,,,,,,,,,,,,,,,,,,,,,,,,,,,
,,,,,,,,,,,,,,,,,,,,,,,,,,,,,,,,,,,,,,,,,,,,,,,,,,,,,,,,,,,,,,,,,,,,,,,,,,,,
,,,,,,,,,,,,,,,,,,,,,,,,,,,,,,,,,,,,,,,,,,,,,,,,,,,,,,,,,,,,,,,,,,,,,,,,,,,,
,,,,,,,,,,,,,,,,,,,,,,,,,,,,,,,,,,,,,,,,,,,,,,,,,,,,,,,,,,,,,,,,,,,,,,,,,,,,
,,,,,,,,,,,,,,,,,,,,,,,,,,,,,,,,,,,,,,,,,,,,,,,,,,,,,,,,,,,,,,,,,,,,,,,,,,,,
,,,,,,,,,,,,,,,,,,,,,,,,,,,,,,,,,,,,,,,,,,,,,,,,,,,,,,,,,,,,,,,,,,,,,,,,,,,,
,,,,,,,,,,,,,,,,,,,,,,,,,,,,,,,,,,,,,,,,,,,,,,,,,,,,,,,,,,,,,,,,,,,,,,,,,,,,
,,,,,,,,,,,,,,,,,,,,,,,,,,,,,,,,,,,,,,,,,,,,,,,,,,,,,,,,,,,,,,,,,,,,,,,,,,,,
,,,,,,,,,,,,,,,,,,,,,,,,,,,,,,,,,,,,,,,,,,,,,,,,,,,,,,,,,,,,,,,,,,,,,,,,,,,,
,,,,,,,,,,,,,,,,,,,,,,,,,,,,,,,,,,,,,,,,,,,,,,,,,,,,,,,,,,,,,,,,,,,,,,,,,,,,
,,,,,,,,,,,,,,,,,,,,,,,,,,,,,,,,,,,,,,,,,,,,,,,,,,,,,,,,,,,,,,,,,,,,,,,,,,,,
,,,,,,,,,,,,,,,,,,,,,,,,,,,,,,,,,,,,,,,,,,,,,,,,,,,,,,,,,,,,,,,,,,,,,,,,,,,,
,,,,,,,,,,,,,,,,,,,,,,,,,,,,,,,,,,,,,,,,,,,,,,,,,,,,,,,,,,,,,,,,,,,,,,,,,,,,
,,,,,,,,,,,,,,,,,,,,,,,,,,,,,,,,,,,,,,,,,,,,,,,,,,,,,,,,,,,,,,,,,,,,,,,,,,,,
,,,,,,,,,,,,,,,,,,,,,,,,,,,,,,,,,,,,,,,,,,,,,,,,,,,,,,,,,,,,,,,,,,,,,,,,,,,,
,,,,,,,,,,,,,,,,,,,,,,,,,,,,,,,,,,,,,,,,,,,,,,,,,,,,,,,,,,,,,,,,,,,,,,,,,,,,
,,,,,,,,,,,,,,,,,,,,,,,,,,,,,,,,,,,,,,,,,,,,,,,,,,,,,,,,,,,,,,,,,,,,,,,,,,,,
,,,,,,,,,,,,,,,,,,,,,,,,,,,,,,,,,,,,,,,,,,,,,,,,,,,,,,,,,,,,,,,,,,,,,,,,,,,,
,,,,,,,,,,,,,,,,,,,,,,,,,,,,,,,,,,,,,,,,,,,,,,,,,,,,,,,,,,,,,,,,,,,,,,,,,,,,
,,,,,,,,,,,,,,,,,,,,,,,,,,,,,,,,,,,,,,,,,,,,,,,,,,,,,,,,,,,,,,,,,,,,,,,,,,,,
,,,,,,,,,,,,,,,,,,,,,,,,,,,,,,,,,,,,,,,,,,,,,,,,,,,,,,,,,,,,,,,,,,,,,,,,,,,,
,,,,,,,,,,,,,,,,,,,,,,,,,,,,,,,,,,,,,,,,,,,,,,,,,,,,,,,,,,,,,,,,,,,,,,,,,,,,
,,,,,,,,,,,,,,,,,,,,,,,,,,,,,,,,,,,,,,,,,,,,,,,,,,,,,,,,,,,,,,,,,,,,,,,,,,,,
,,,,,,,,,,,,,,,,,,,,,,,,,,,,,,,,,,,,,,,,,,,,,,,,,,,,,,,,,,,,,,,,,,,,,,,,,,,,
,,,,,,,,,,,,,,,,,,,,,,,,,,,,,,,,,,,,,,,,,,,,,,,,,,,,,,,,,,,,,,,,,,,,,,,,,,,,
,,,,,,,,,,,,,,,,,,,,,,,,,,,,,,,,,,,,,,,,,,,,,,,,,,,,,,,,,,,,,,,,,,,,,,,,,,,,
,,,,,,,,,,,,,,,,,,,,,,,,,,,,,,,,,,,,,,,,,,,,,,,,,,,,,,,,,,,,,,,,,,,,,,,,,,,,
,,,,,,,,,,,,,,,,,,,,,,,,,,,,,,,,,,,,,,,,,,,,,,,,,,,,,,,,,,,,,,,,,,,,,,,,,,,,
,,,,,,,,,,,,,,,,,,,,,,,,,,,,,,,,,,,,,,,,,,,,,,,,,,,,,,,,,,,,,,,,,,,,,,,,,,,,
,,,,,,,,,,,,,,,,,,,,,,,,,,,,,,,,,,,,,,,,,,,,,,,,,,,,,,,,,,,,,,,,,,,,,,,,,,,,
,,,,,,,,,,,,,,,,,,,,,,,,,,,,,,,,,,,,,,,,,,,,,,,,,,,,,,,,,,,,,,,,,,,,,,,,,,,,
,,,,,,,,,,,,,,,,,,,,,,,,,,,,,,,,,,,,,,,,,,,,,,,,,,,,,,,,,,,,,,,,,,,,,,,,,,,,
,,,,,,,,,,,,,,,,,,,,,,,,,,,,,,,,,,,,,,,,,,,,,,,,,,,,,,,,,,,,,,,,,,,,,,,,,,,,
,,,,,,,,,,,,,,,,,,,,,,,,,,,,,,,,,,,,,,,,,,,,,,,,,,,,,,,,,,,,,,,,,,,,,,,,,,,,
,,,,,,,,,,,,,,,,,,,,,,,,,,,,,,,,,,,,,,,,,,,,,,,,,,,,,,,,,,,,,,,,,,,,,,,,,,,,
,,,,,,,,,,,,,,,,,,,,,,,,,,,,,,,,,,,,,,,,,,,,,,,,,,,,,,,,,,,,,,,,,,,,,,,,,,,,
,,,,,,,,,,,,,,,,,,,,,,,,,,,,,,,,,,,,,,,,,,,,,,,,,,,,,,,,,,,,,,,,,,,,,,,,,,,,
,,,,,,,,,,,,,,,,,,,,,,,,,,,,,,,,,,,,,,,,,,,,,,,,,,,,,,,,,,,,,,,,,,,,,,,,,,,,
,,,,,,,,,,,,,,,,,,,,,,,,,,,,,,,,,,,,,,,,,,,,,,,,,,,,,,,,,,,,,,,,,,,,,,,,,,,,
,,,,,,,,,,,,,,,,,,,,,,,,,,,,,,,,,,,,,,,,,,,,,,,,,,,,,,,,,,,,,,,,,,,,,,,,,,,,
,,,,,,,,,,,,,,,,,,,,,,,,,,,,,,,,,,,,,,,,,,,,,,,,,,,,,,,,,,,,,,,,,,,,,,,,,,,,
,,,,,,,,,,,,,,,,,,,,,,,,,,,,,,,,,,,,,,,,,,,,,,,,,,,,,,,,,,,,,,,,,,,,,,,,,,,,
,,,,,,,,,,,,,,,,,,,,,,,,,,,,,,,,,,,,,,,,,,,,,,,,,,,,,,,,,,,,,,,,,,,,,,,,,,,,
,,,,,,,,,,,,,,,,,,,,,,,,,,,,,,,,,,,,,,,,,,,,,,,,,,,,,,,,,,,,,,,,,,,,,,,,,,,,
,,,,,,,,,,,,,,,,,,,,,,,,,,,,,,,,,,,,,,,,,,,,,,,,,,,,,,,,,,,,,,,,,,,,,,,,,,,,
,,,,,,,,,,,,,,,,,,,,,,,,,,,,,,,,,,,,,,,,,,,,,,,,,,,,,,,,,,,,,,,,,,,,,,,,,,,,
,,,,,,,,,,,,,,,,,,,,,,,,,,,,,,,,,,,,,,,,,,,,,,,,,,,,,,,,,,,,,,,,,,,,,,,,,,,,
,,,,,,,,,,,,,,,,,,,,,,,,,,,,,,,,,,,,,,,,,,,,,,,,,,,,,,,,,,,,,,,,,,,,,,,,,,,,
,,,,,,,,,,,,,,,,,,,,,,,,,,,,,,,,,,,,,,,,,,,,,,,,,,,,,,,,,,,,,,,,,,,,,,,,,,,,
,,,,,,,,,,,,,,,,,,,,,,,,,,,,,,,,,,,,,,,,,,,,,,,,,,,,,,,,,,,,,,,,,,,,,,,,,,,,
,,,,,,,,,,,,,,,,,,,,,,,,,,,,,,,,,,,,,,,,,,,,,,,,,,,,,,,,,,,,,,,,,,,,,,,,,,,,
